serie;nome;numero
;Vileplume;3/217
151;Bulbasaur;1/165
151;Ivysaur;2/165
151;Venusaur ex;3/165
151;Charmander;4/165
151;Charmeleon;5/165
151;Charizard ex;6/165
151;Squirtle;7/165
151;Wartortle;8/165
151;Blastoise ex;9/165
151;Caterpie;10/165
151;Metapod;11/165
151;Butterfree;12/165
151;Weedle;13/165
151;Kakuna;14/165
151;Beedrill;15/165
151;Pidgey;16/165
151;Pidgeotto;17/165
151;Pidgeot;18/165
151;Rattata;19/165
151;Raticate;20/165
151;Spearow;21/165
151;Fearow;22/165
151;Ekans;23/165
151;Arbok ex;24/165
151;Pikachu;25/165
151;Raichu;26/165
151;Sandshrew;27/165
151;Sandslash;28/165
151;Nidoran?;29/165
151;Nidorina;30/165
151;Nidoqueen;31/165
151;Nidoran;32/165
151;Nidorino;33/165
151;Nidoking;34/165
151;Clefairy;35/165
151;Clefable;36/165
151;Vulpix;37/165
151;Ninetales ex;38/165
151;Jigglypuff;39/165
151;Wigglytuff ex;40/165
151;Zubat;41/165
151;Golbat;42/165
151;Oddish;43/165
151;Gloom;44/165
151;Vileplume;45/165
151;Paras;46/165
151;Parasect;47/165
151;Venonat;48/165
151;Venomoth;49/165
151;Diglett;50/165
151;Dugtrio;51/165
151;Meowth;52/165
151;Persian;53/165
151;Psyduck;54/165
151;Golduck;55/165
151;Mankey;56/165
151;Primeape;57/165
151;Growlithe;58/165
151;Arcanine;59/165
151;Poliwag;60/165
151;Poliwhirl;61/165
151;Poliwrath;62/165
151;Abra;63/165
151;Kadabra;64/165
151;Alakazam ex;65/165
151;Machop;66/165
151;Machoke;67/165
151;Machamp;68/165
151;Bellsprout;69/165
151;Weepinbell;70/165
151;Victreebel;71/165
151;Tentacool;72/165
151;Tentacruel;73/165
151;Geodude;74/165
151;Graveler;75/165
151;Golem ex;76/165
151;Ponyta;77/165
151;Rapidash;78/165
151;Slowpoke;79/165
151;Slowbro;80/165
151;Magnemite;81/165
151;Magneton;82/165
151;Farfetch'd;83/165
151;Doduo;84/165
151;Dodrio;85/165
151;Seel;86/165
151;Dewgong;87/165
151;Grimer;88/165
151;Muk;89/165
151;Shellder;90/165
151;Cloyster;91/165
151;Gastly;92/165
151;Haunter;93/165
151;Gengar;94/165
151;Onix;95/165
151;Drowzee;96/165
151;Hypno;97/165
151;Krabby;98/165
151;Kingler;99/165
151;Voltorb;100/165
151;Electrode;101/165
151;Exeggcute;102/165
151;Exeggutor;103/165
151;Cubone;104/165
151;Marowak;105/165
151;Hitmonlee;106/165
151;Hitmonchan;107/165
151;Lickitung;108/165
151;Koffing;109/165
151;Weezing;110/165
151;Rhyhorn;111/165
151;Rhydon;112/165
151;Chansey;113/165
151;Tangela;114/165
151;Kangaskhan ex;115/165
151;Horsea;116/165
151;Seadra;117/165
151;Goldeen;118/165
151;Seaking;119/165
151;Staryu;120/165
151;Starmie;121/165
151;Mr. Mime;122/165
151;Scyther;123/165
151;Jynx ex;124/165
151;Electabuzz;125/165
151;Magmar;126/165
151;Pinsir;127/165
151;Tauros;128/165
151;Magikarp;129/165
151;Gyarados;130/165
151;Lapras;131/165
151;Ditto;132/165
151;Eevee;133/165
151;Vaporeon;134/165
151;Jolteon;135/165
151;Flareon;136/165
151;Porygon;137/165
151;Omanyte;138/165
151;Omastar;139/165
151;Kabuto;140/165
151;Kabutops;141/165
151;Aerodactyl;142/165
151;Snorlax;143/165
151;Articuno;144/165
151;Zapdos ex;145/165
151;Moltres;146/165
151;Dratini;147/165
151;Dragonair;148/165
151;Dragonite;149/165
151;Mewtwo;150/165
151;Mew ex;151/165
151;Antique Dome Fossil;152/165
151;Antique Helix Fossil;153/165
151;Antique Old Amber;154/165
151;Big Air Balloon;155/165
151;Bill's Transfer;156/165
151;Cycling Road;157/165
151;Daisy's Help;158/165
151;Energy Sticker;159/165
151;Erika's Invitation;160/165
151;Giovanni's Charisma;161/165
151;Grabber;162/165
151;Leftovers;163/165
151;Protective Goggles;164/165
151;Rigid Band;165/165
151;Bulbasaur;166/165
151;Ivysaur;167/165
151;Charmander;168/165
151;Charmeleon;169/165
151;Squirtle;170/165
151;Wartortle;171/165
151;Caterpie;172/165
151;Pikachu;173/165
151;Nidoking;174/165
151;Psyduck;175/165
151;Poliwhirl;176/165
151;Machoke;177/165
151;Tangela;178/165
151;Mr. Mime;179/165
151;Omanyte;180/165
151;Dragonair;181/165
151;Venusaur ex;182/165
151;Charizard ex;183/165
151;Blastoise ex;184/165
151;Arbok ex;185/165
151;Ninetales ex;186/165
151;Wigglytuff ex;187/165
151;Alakazam ex;188/165
151;Golem ex;189/165
151;Kangaskhan ex;190/165
151;Jynx ex;191/165
151;Zapdos ex;192/165
151;Mew ex;193/165
151;Bill's Transfer;194/165
151;Daisy's Help;195/165
151;Erika's Invitation;196/165
151;Giovanni's Charisma;197/165
151;Venusaur ex;198/165
151;Charizard ex;199/165
151;Blastoise ex;200/165
151;Alakazam ex;201/165
151;Zapdos ex;202/165
151;Erika's Invitation;203/165
151;Giovanni's Charisma;204/165
151;Mew ex;205/165
151;Switch;206/165
151;Basic Psychic Energy;207/165
Alba Suprema;Articuno;1/100
Alba Suprema;Cresselia;2/100
Alba Suprema;Darkrai;3/100
Alba Suprema;Dialga;4/100
Alba Suprema;Glaceon;5/100
Alba Suprema;Kabutops;6/100
Alba Suprema;Leafeon;7/100
Alba Suprema;Manaphy;8/100
Alba Suprema;Mewtwo;9/100
Alba Suprema;Moltres;10/100
Alba Suprema;Palkia;11/100
Alba Suprema;Phione;12/100
Alba Suprema;Rotom;13/100
Alba Suprema;Zapdos;14/100
Alba Suprema;Aerodactyl;15/100
Alba Suprema;Bronzong;16/100
Alba Suprema;Empoleon;17/100
Alba Suprema;Espeon;18/100
Alba Suprema;Flareon;19/100
Alba Suprema;Glaceon;20/100
Alba Suprema;Hippowdon;21/100
Alba Suprema;Infernape;22/100
Alba Suprema;Jolteon;23/100
Alba Suprema;Leafeon;24/100
Alba Suprema;Minun;25/100
Alba Suprema;Omastar;26/100
Alba Suprema;Phione;27/100
Alba Suprema;Plusle;28/100
Alba Suprema;Scizor;29/100
Alba Suprema;Torterra;30/100
Alba Suprema;Toxicroak;31/100
Alba Suprema;Umbreon;32/100
Alba Suprema;Unown P;33/100
Alba Suprema;Vaporeon;34/100
Alba Suprema;Ambipom;35/100
Alba Suprema;Fearow;36/100
Alba Suprema;Grotle;37/100
Alba Suprema;Kangaskhan;38/100
Alba Suprema;Lickitung;39/100
Alba Suprema;Manectric;40/100
Alba Suprema;Monferno;41/100
Alba Suprema;Mothim;42/100
Alba Suprema;Pachirisu;43/100
Alba Suprema;Prinplup;44/100
Alba Suprema;Raichu;45/100
Alba Suprema;Scyther;46/100
Alba Suprema;Staravia;47/100
Alba Suprema;Sudowoodo;48/100
Alba Suprema;Unown Q;49/100
Alba Suprema;Aipom;50/100
Alba Suprema;Aipom;51/100
Alba Suprema;Bronzor;52/100
Alba Suprema;Buneary;53/100
Alba Suprema;Burmy MANTO SABBIA;54/100
Alba Suprema;Chatot;55/100
Alba Suprema;Chimchar;56/100
Alba Suprema;Chimchar;57/100
Alba Suprema;Chingling;58/100
Alba Suprema;Combee;59/100
Alba Suprema;Croagunk;60/100
Alba Suprema;Drifloon;61/100
Alba Suprema;Eevee;62/100
Alba Suprema;Eevee;63/100
Alba Suprema;Electrike;64/100
Alba Suprema;Glameow;65/100
Alba Suprema;Hippopotas;66/100
Alba Suprema;Kabuto;67/100
Alba Suprema;Munchlax;68/100
Alba Suprema;Omanyte;69/100
Alba Suprema;Pikachu;70/100
Alba Suprema;Piplup;71/100
Alba Suprema;Piplup;72/100
Alba Suprema;Shellos MARE EST;73/100
Alba Suprema;Spearow;74/100
Alba Suprema;Starly;75/100
Alba Suprema;Stunky;76/100
Alba Suprema;Turtwig;77/100
Alba Suprema;Turtwig;78/100
Alba Suprema;Stadio dell'Alba;79/100
Alba Suprema;Scuro Ball;80/100
Alba Suprema;Ripristina Energia;81/100
Alba Suprema;Scavatore di Fossili;82/100
Alba Suprema;Cuore di Mamma;83/100
Alba Suprema;Ambra Antica;84/100
Alba Suprema;Pok Ball;85/100
Alba Suprema;Velox Ball;86/100
Alba Suprema;Super Recupero;87/100
Alba Suprema;Punto di Curvatura;88/100
Alba Suprema;Domofossile;89/100
Alba Suprema;Ricerca di Energia;90/100
Alba Suprema;Helixfossile;91/100
Alba Suprema;Energia Richiamo;92/100
Alba Suprema;Energia Oscurit;93/100
Alba Suprema;Energia Salute;94/100
Alba Suprema;Energia Metallo;95/100
Alba Suprema;Energia Ripresa;96/100
Alba Suprema;Garchomp LIV.X;97/100
Alba Suprema;Glaceon LIV.X;98/100
Alba Suprema;Leafeon LIV.X;99/100
Alba Suprema;Porygon;100/100
Antiche Origini;Oddish;1/98
Antiche Origini;Gloom;2/98
Antiche Origini;Vileplume;3/98
Antiche Origini;Bellossom;4/98
Antiche Origini;Spinarak;5/98
Antiche Origini;Ariados;6/98
Antiche Origini;Sceptile ex;7/98
Antiche Origini;MSceptile ex;8/98
Antiche Origini;Combee;9/988
Antiche Origini;Vespiquen;10/98
Antiche Origini;Vespiquen;11/98
Antiche Origini;Virizion;12/98
Antiche Origini;Flareon;13/98
Antiche Origini;Entei;14/98
Antiche Origini;Entei;15/98
Antiche Origini;Larvesta;16/98
Antiche Origini;Volcarona;17/98
Antiche Origini;Volcarona;18/98
Antiche Origini;Magikarp;19/98
Antiche Origini;Gyarados;20/98
Antiche Origini;Gyarados;21/98
Antiche Origini;Vaporeon;22/98
Antiche Origini;Relicanth;23/98
Antiche Origini;Regice;24/98
Antiche Origini;Kyurem ex;25/98
Antiche Origini;Jolteon;26/98
Antiche Origini;Ampharos ex;27/98
Antiche Origini;Mampharos ex;28/98
Antiche Origini;Rotom;29/98
Antiche Origini;Unown;30/98
Antiche Origini;Baltoy;31/98
Antiche Origini;Baltoy;32/98
Antiche Origini;Claydol;33/98
Antiche Origini;Golett;34/98
Antiche Origini;Golurk;35/98
Antiche Origini;Hoopa ex;36/98
Antiche Origini;Machamp ex;37/98
Antiche Origini;Wooper;38/98
Antiche Origini;Quagsire;39/98
Antiche Origini;Regirock;40/98
Antiche Origini;Golurk;41/98
Antiche Origini;Tyranitar ex;42/98
Antiche Origini;MTyranitar ex;43/98
Antiche Origini;Sableye;44/98
Antiche Origini;Inkay;45/98
Antiche Origini;Malamar;46/98
Antiche Origini;Beldum;47/98
Antiche Origini;Metang;48/98
Antiche Origini;Metagross;49/98
Antiche Origini;Metagross;50/98
Antiche Origini;Registeel;51/98
Antiche Origini;Ralts;52/98
Antiche Origini;Kirlia;53/98
Antiche Origini;Gardevoir;54/98
Antiche Origini;Cottonee;55/98
Antiche Origini;Whimsicott;56/98
Antiche Origini;Giratina ex;57/98
Antiche Origini;Goomy;58/98
Antiche Origini;Sliggoo;59/98
Antiche Origini;Goodra;60/98
Antiche Origini;Meowth;61/98
Antiche Origini;Persian;62/98
Antiche Origini;Eevee;63/98
Antiche Origini;Porygon;64/98
Antiche Origini;Porygon2;65/98
Antiche Origini;Porygon;66/98
Antiche Origini;Porygon;67/98
Antiche Origini;Lugia ex;68/98
Antiche Origini;Fantallenatori;69/98
Antiche Origini;Legame Mentale con Ampharos;70/98
Antiche Origini;Braccio Ecologico;71/98
Antiche Origini;Riciclaggio di Energia;72/98
Antiche Origini;Citt Deserta;73/98
Antiche Origini;Foresta delle Piante Giganti;74/98
Antiche Origini;Streghetta;75/98
Antiche Origini;Level Ball;76/98
Antiche Origini;Fortunelmo;77/98
Antiche Origini;Elisio;78/98
Antiche Origini;Imbiancarullo;79/98
Antiche Origini;Legame Mentale con Sceptile;80/98
Antiche Origini;Legame Mentale con Tyranitar;81/98
Antiche Origini;Energia Pericolo;82/98
Antiche Origini;Energia Flash;83/98
Antiche Origini;Sceptile ex;84/98
Antiche Origini;MSceptile ex;85/98
Antiche Origini;Kyurem ex;86/98
Antiche Origini;Ampharos ex;87/98
Antiche Origini;MAmpharos ex;88/98
Antiche Origini;Hoopa ex;89/98
Antiche Origini;Machamp ex;90/98
Antiche Origini;Tyranitar ex;91/98
Antiche Origini;MTyranitar ex;92/98
Antiche Origini;Giratina ex;93/98
Antiche Origini;Lugia ex;94/98
Antiche Origini;Rocco;95/98
Antiche Origini;Archeo Kyogre ex;96/98
Antiche Origini;Archeo Groudon ex;97/98
Antiche Origini;MRayquaza ex;98/98
Antiche Origini;Recupero di Energia;99/98
Antiche Origini;Posta Allenatori;100/98
Apocalisse di Luce;Exeggcute;1/131
Apocalisse di Luce;Exeggutor di Alola;2/131
Apocalisse di Luce;Snover;3/131
Apocalisse di Luce;Abomasnow;4/131
Apocalisse di Luce;Scatterbug;5/131
Apocalisse di Luce;Scatterbug;6/131
Apocalisse di Luce;Spewpa;7/131
Apocalisse di Luce;Vivillon;8/131
Apocalisse di Luce;Skiddo;9/131
Apocalisse di Luce;Gogoat;10/131
Apocalisse di Luce;Pheromosa;11/131
Apocalisse di Luce;Marowak di Alola;12/131
Apocalisse di Luce;Heatran;13/131
Apocalisse di Luce;Fennekin;14/131
Apocalisse di Luce;Fennekin;15/131
Apocalisse di Luce;Braixen;16/131
Apocalisse di Luce;Delphox;17/131
Apocalisse di Luce;Litleo;18/131
Apocalisse di Luce;Pyroar;19/131
Apocalisse di Luce;Palkia gx;20/131
Apocalisse di Luce;Froakie;21/131
Apocalisse di Luce;Froakie;22/131
Apocalisse di Luce;Frogadier;23/131
Apocalisse di Luce;Greninja gx;24/131
Apocalisse di Luce;Clauncher;25/131
Apocalisse di Luce;Clawitzer;26/131
Apocalisse di Luce;Amaura;27/131
Apocalisse di Luce;Aurorus;28/131
Apocalisse di Luce;Bergmite;29/131
Apocalisse di Luce;Avalugg;30/131
Apocalisse di Luce;Volcanion;31/131
Apocalisse di Luce;Dewpider;32/131
Apocalisse di Luce;Araquanid;33/131
Apocalisse di Luce;Magnemite;34/131
Apocalisse di Luce;Magneton;35/131
Apocalisse di Luce;Magnezone;36/131
Apocalisse di Luce;Helioptile;37/131
Apocalisse di Luce;Heliolisk;38/131
Apocalisse di Luce;Xurkitree;39/131
Apocalisse di Luce;Rotom;40/131
Apocalisse di Luce;Uxie;41/131
Apocalisse di Luce;Mesprit;42/131
Apocalisse di Luce;Azelf;43/131
Apocalisse di Luce;Espurr;44/131
Apocalisse di Luce;Meowstic;45/131
Apocalisse di Luce;Honedge;46/131
Apocalisse di Luce;Honedge;47/131
Apocalisse di Luce;Doublade;48/131
Apocalisse di Luce;Aegislash;49/131
Apocalisse di Luce;Inkay;50/131
Apocalisse di Luce;Malamar;51/131
Apocalisse di Luce;Skrelp;52/131
Apocalisse di Luce;Dragalge;53/131
Apocalisse di Luce;Hoopa;54/131
Apocalisse di Luce;Poipole;55/131
Apocalisse di Luce;Naganadel gx;56/131
Apocalisse di Luce;Cubone;57/131
Apocalisse di Luce;Torterra;58/131
Apocalisse di Luce;Infernape;59/131
Apocalisse di Luce;Gible;60/131
Apocalisse di Luce;Gabite;61/131
Apocalisse di Luce;Garchomp;62/131
Apocalisse di Luce;Croagunk;63/131
Apocalisse di Luce;Toxicroak;64/131
Apocalisse di Luce;Pancham;65/131
Apocalisse di Luce;Binacle;66/131
Apocalisse di Luce;Barbaracle;67/131
Apocalisse di Luce;Tyrunt;68/131
Apocalisse di Luce;Tyrantrum;69/131
Apocalisse di Luce;Hawluch;70/131
Apocalisse di Luce;Zygarde;71/131
Apocalisse di Luce;Zygarde;72/131
Apocalisse di Luce;Zygarde gx;73/131
Apocalisse di Luce;Diancie;74/131
Apocalisse di Luce;Rockruff;75/131
Apocalisse di Luce;Lycanroc;76/131
Apocalisse di Luce;Buzzwole;77/131
Apocalisse di Luce;Pangoro;78/131
Apocalisse di Luce;Yveltal gx;79/131
Apocalisse di Luce;Guzzlord;80/131
Apocalisse di Luce;Empoleon;81/131
Apocalisse di Luce;Dialga gx;82/131
Apocalisse di Luce;Flab b;83/131
Apocalisse di Luce;Flab b;84/131
Apocalisse di Luce;Floette;85/131
Apocalisse di Luce;Florges;86/131
Apocalisse di Luce;Sylveon;87/131
Apocalisse di Luce;Dedenne;88/131
Apocalisse di Luce;Klefki;89/131
Apocalisse di Luce;Xerneas gx;90/131
Apocalisse di Luce;Goomy;91/131
Apocalisse di Luce;Goomy;92/131
Apocalisse di Luce;Sliggoo;93/131
Apocalisse di Luce;Goodra;94/131
Apocalisse di Luce;UltraNecrozma gx;95/131
Apocalisse di Luce;Arceus;96/131
Apocalisse di Luce;Bunnelby;97/131
Apocalisse di Luce;Diggersby;98/131
Apocalisse di Luce;Furfrou;99/131
Apocalisse di Luce;Noibat;100/131
Apocalisse di Luce;Noivern;101/131
Apocalisse di Luce;Cerchio Creatura;102/131
Apocalisse di Luce;Clem;103/131
Apocalisse di Luce;Omar il Distruttore;104/131
Apocalisse di Luce;Diantha;105/131
Apocalisse di Luce;Energitrasporto;106/131
Apocalisse di Luce;Mappa Scavafossili;107/131
Apocalisse di Luce;Arbitro;108/131
Apocalisse di Luce;Lady;109/131
Apocalisse di Luce;Elisio;110/131
Apocalisse di Luce;Laboratori Elisio;111/131
Apocalisse di Luce;Padella di Metallo;112/131
Apocalisse di Luce;Tesoro Misterioso;113/131
Apocalisse di Luce;Ultrapattuglia;114/131
Apocalisse di Luce;Ultramondo;115/131
Apocalisse di Luce;Fossile Sconosciuto;116/131
Apocalisse di Luce;Energia Creatura;117/131
Apocalisse di Luce;Energia Unione;118/131
Apocalisse di Luce;Palkia gx;119/131
Apocalisse di Luce;Greninja gx;120/131
Apocalisse di Luce;Naganadel gx;121/131
Apocalisse di Luce;Lucario gx;122/131
Apocalisse di Luce;Zygarde gx;123/131
Apocalisse di Luce;Yveltal gx;124/131
Apocalisse di Luce;Dialga gx;125/131
Apocalisse di Luce;Xerneas gx;126/131
Apocalisse di Luce;UltraNecrozma gx;127/131
Apocalisse di Luce;Clem;128/131
Apocalisse di Luce;Omar il Distruttore;129/131
Apocalisse di Luce;Diantha;130/131
Apocalisse di Luce;Ultrapattuglia;131/131
Apocalisse di Luce;Palkia gx;132/131
Apocalisse di Luce;Greninja gx;133/131
Apocalisse di Luce;Naganadel gx;134/131
Apocalisse di Luce;Lucario gx;135/131
Apocalisse di Luce;Zygarde gx;136/131
Apocalisse di Luce;Yveltal gx;137/131
Apocalisse di Luce;Dialga gx;138/131
Apocalisse di Luce;Xerneas gx;139/131
Apocalisse di Luce;UltraNecrozma gx;140/131
Apocalisse di Luce;Cerchio Creatura;141/131
Apocalisse di Luce;Energitrasporto;142/131
Apocalisse di Luce;Riciclaggio di Energia;143/131
Apocalisse di Luce;Padella di Metallo;144/131
Apocalisse di Luce;Tesoro Misterioso;145/131
Apocalisse di Luce;Energia Unione;146/131
Aquapolis;Ampharos;1/147
Aquapolis;Arcanine;2/147
Aquapolis;Ariados;3/147
Aquapolis;Azumarill;4/147
Aquapolis;Bellossom;5/147
Aquapolis;Blissey;6/147
Aquapolis;Donphan;7/147
Aquapolis;Electrode;8/147
Aquapolis;Elekid;9/147
Aquapolis;Entei;10/147
Aquapolis;Espeon;11/147
Aquapolis;Exeggutor;12/147
Aquapolis;Exeggutor;13/147
Aquapolis;Houndoom;14/147
Aquapolis;Houndoom;15/147
Aquapolis;Hypno;16/147
Aquapolis;Jumpluff;17/147
Aquapolis;Jynx;18/147
Aquapolis;Kingdra;19/147
Aquapolis;Lanturn;20/147
Aquapolis;Lanturn;21/147
Aquapolis;Magneton;22/147
Aquapolis;Muk;23/147
Aquapolis;Nidoking;24/147
Aquapolis;Ninetales;25/147
Aquapolis;Octillery;26/147
Aquapolis;Parasect;27/147
Aquapolis;Porygon2;28/147
Aquapolis;Primeape;29/147
Aquapolis;Quagsire;30/147
Aquapolis;Rapidash;31/147
Aquapolis;Scizor;32/147
Aquapolis;Slowbro;33/147
Aquapolis;Slowking;34/147
Aquapolis;Steelix;35/147
Aquapolis;Sudowoodo;36/147
Aquapolis;Suicune;37/147
Aquapolis;Tentacruel;38/147
Aquapolis;Togetic;39/147
Aquapolis;Tyranitar;40/147
Aquapolis;Umbreon;41/147
Aquapolis;Victreebel;42/147
Aquapolis;Vileplume;43/147
Aquapolis;Zapdos;44/147
Aquapolis;Bellsprout;45/147
Aquapolis;Dodrio;46/147
Aquapolis;Flaaffy;47/147
Aquapolis;Furret;48/147
Aquapolis;Gloom;49/147
Aquapolis;Growlithe;51/147
Aquapolis;Magnemite;52/147
Aquapolis;Marill;53/147
Aquapolis;Marowak;54/147
Aquapolis;Nidorino;55/147
Aquapolis;Pupitar;56/147
Aquapolis;Scyther;57/147
Aquapolis;Seadra;58/147
Aquapolis;Seaking;59/147
Aquapolis;Skiploom;60/147
Aquapolis;Smoochum;61/147
Aquapolis;Spinarak;62/147
Aquapolis;Tyrogue;63/147
Aquapolis;Voltorb;64/147
Aquapolis;Weepinbell;65/147
Aquapolis;Wooper;66/147
Aquapolis;Aipom;67/147
Aquapolis;Bellsprout;68/147
Aquapolis;Chansey;69/147
Aquapolis;Chinchou;70/147
Aquapolis;Chinchou;71/147
Aquapolis;Cubone;72/147
Aquapolis;Doduo;73/147
Aquapolis;Eevee;75/147
Aquapolis;Exeggcute;76/147
Aquapolis;Exeggcute;77/147
Aquapolis;Goldeen;78/147
Aquapolis;Grimer;79/147
Aquapolis;Growlithe;80/147
Aquapolis;Hitmonchan;81/147
Aquapolis;Hitmontop;82/147
Aquapolis;Hoppip;83/147
Aquapolis;Horsea;84/147
Aquapolis;Horsea;85/147
Aquapolis;Houndour;86/147
Aquapolis;Houndour;87/147
Aquapolis;Kangaskhan;88/147
Aquapolis;Larvitar;89/147
Aquapolis;Lickitung;90/147
Aquapolis;Magnemite;91/147
Aquapolis;Mankey;92/147
Aquapolis;Mareep;93/147
Aquapolis;Miltank;94/147
Aquapolis;Nidoran?;96/147
Aquapolis;Oddish;97/147
Aquapolis;Onix;98/147
Aquapolis;Paras;99/147
Aquapolis;Phanpy;100/147
Aquapolis;Pinsir;101/147
Aquapolis;Ponyta;102/147
Aquapolis;Psyduck;104/147
Aquapolis;Remoraid;105/147
Aquapolis;Scyther;106/147
Aquapolis;Sentret;107/147
Aquapolis;Slowpoke;108/147
Aquapolis;Smeargle;109/147
Aquapolis;Sneasel;110/147
Aquapolis;Spinarak;111/147
Aquapolis;Tangela;112/147
Aquapolis;Tentacool;113/147
Aquapolis;Togepi;114/147
Aquapolis;Voltorb;115/147
Aquapolis;Vulpix;116/147
Aquapolis;Wooper;117/147
Aquapolis;Foresta degli Apricorn;118/147
Aquapolis;Cubo Oscurit 01;119/147
Aquapolis;Scambio di Energia;120/147
Aquapolis;Cubo Combattimento 01;121/147
Aquapolis;Cubo Fuoco 01;122/147
Aquapolis;Guardia Forestale;123/147
Aquapolis;Cubo Erba 01;124/147
Aquapolis;Bacca Curativa;125/147
Aquapolis;Prestigiatore;126/147
Aquapolis;Cubo Lampo 01;127/147
Aquapolis;Bacca Memoria;128/147
Aquapolis;Cubo Metallo 01;129/147
Aquapolis;Pok mon Fan Club;130/147
Aquapolis;Parco Pok mon;131/147
Aquapolis;Cubo Psiche 01;132/147
Aquapolis;Veggente;133/147
Aquapolis;Super Rimozione di Energia 2;134/147
Aquapolis;Frammento Temporale;135/147
Aquapolis;Volontari Cittadini;136/147
Aquapolis;Commesso Viaggiatore;137/147
Aquapolis;Rovine Sommerse;138/147
Aquapolis;Centrale Energetica;139/147
Aquapolis;Cubo Acqua 01;140/147
Aquapolis;Controlla Debolezza;141/147
Aquapolis;Energia Oscurit;142/147
Aquapolis;Energia Metallo;143/147
Aquapolis;Energia Arcobaleno;144/147
Aquapolis;Energia Extra;145/147
Aquapolis;Energia Cristallo;146/147
Aquapolis;Energia Curvatura;147/147
Aquapolis;Kingdra;148/147
Aquapolis;Lugia;149/147
Aquapolis;Nidoking;150/147
Arceus;Charizard;1/99
Arceus;Froslass;2/99
Arceus;Heatran;3/99
Arceus;Kabutops;4/99
Arceus;Luxray;5/99
Arceus;Mothim;6/99
Arceus;Probopass;7/99
Arceus;Salamence;8/99
Arceus;Swalot;9/99
Arceus;Tangrowth;10/99
Arceus;Toxicroak;11/99
Arceus;Zapdos;12/99
Arceus;Aerodactyl;13/99
Arceus;Bronzong;14/99
Arceus;Cherrim;15/99
Arceus;Gengar;16/99
Arceus;Gengar;17/99
Arceus;Glalie;18/99
Arceus;Golem;19/99
Arceus;Hariyama;20/99
Arceus;Lopunny;21/99
Arceus;Manectric;22/99
Arceus;Omastar;23/99
Arceus;Pelipper;24/99
Arceus;Pichu;25/99
Arceus;Porygon;26/99
Arceus;Raichu;27/99
Arceus;Rapidash;28/99
Arceus;Raticate;29/99
Arceus;Sceptile;30/99
Arceus;Sceptile;31/99
Arceus;Spiritomb;32/99
Arceus;Bronzong;33/99
Arceus;Bronzor;34/99
Arceus;Charmeleon;35/99
Arceus;Gastly;36/99
Arceus;Graveler;37/99
Arceus;Grovyle;38/99
Arceus;Grovyle;39/99
Arceus;Gulpin;40/99
Arceus;Haunter;41/99
Arceus;Haunter;42/99
Arceus;Luxio;43/99
Arceus;Manectric;44/99
Arceus;Pelipper;45/99
Arceus;Ponyta;46/99
Arceus;Rapidash;47/99
Arceus;Shelgon;48/99
Arceus;Wormadam Manto Pianta;49/99
Arceus;Wormadam Manto Sabbia;50/99
Arceus;Wormadam Manto Scarti;51/99
Arceus;Bagon;52/99
Arceus;Beedrill;53/99
Arceus;Bronzor;54/99
Arceus;Buneary;55/99
Arceus;Burmy Manto Pianta;56/99
Arceus;Burmy Manto Sabbia;57/99
Arceus;Burmy Manto Scarti;58/99
Arceus;Charmander;59/99
Arceus;Cherubi;60/99
Arceus;Croagunk;61/99
Arceus;Electrike;62/99
Arceus;Electrike;63/99
Arceus;Gastly;64/99
Arceus;Geodude;65/99
Arceus;Gulpin;66/99
Arceus;Kabuto;67/99
Arceus;Makuhita;68/99
Arceus;Nosepass;69/99
Arceus;Omanyte;70/99
Arceus;Pikachu;71/99
Arceus;Ponyta;72/99
Arceus;Rattata;73/99
Arceus;Shinx;74/99
Arceus;Snorunt;75/99
Arceus;Tangela;76/99
Arceus;Tangela;77/99
Arceus;Treecko;78/99
Arceus;Treecko;79/99
Arceus;Wingull;80/99
Arceus;Wingull;81/99
Arceus;Portale d'Inizio;82/99
Arceus;Scudo Panchina;83/99
Arceus;Paracolpi;84/99
Arceus;Ragazza del Centro Commerciale;85/99
Arceus;Ripristina Energia;86/99
Arceus;Abilcintura;87/99
Arceus;Fortunuovo;88/99
Arceus;Ambra Antica;89/99
Arceus;Visita del Professor Oak;90/99
Arceus;Area Finale;91/99
Arceus;Domofossile;92/99
Arceus;Helixfossile;93/99
Arceus;Arceus LIV.X;94/99
Arceus;Arceus LIV.X;95/99
Arceus;Arceus LIV.X;96/99
Arceus;Gengar LIV.X;97/99
Arceus;Salamence LIV.X;98/99
Arceus;Tangrowth LIV.X;99/99
Ascesa Eroica;Oddish di Erika;1/217
Ascesa Eroica;Gloom di Erika;2/217
Ascesa Eroica;Bellsprout di Erika;4/217
Ascesa Eroica;Weepinbell di Erika;5/217
Ascesa Eroica;Victreebel di Erika;6/217
Ascesa Eroica;Tangela di Erika;7/217
Ascesa Eroica;Chikorita;8/217
Ascesa Eroica;Bayleef;9/217
Ascesa Eroica;Mega Meganium;10/217
Ascesa Eroica;Wurmple;11/217
Ascesa Eroica;Silcoon;12/217
Ascesa Eroica;Beautifly;13/217
Ascesa Eroica;Cascoon;14/217
Ascesa Eroica;Dustox;15/217
Ascesa Eroica;Budew;16/217
Ascesa Eroica;Grubbin;17/217
Ascesa Eroica;Tarountula del Team Rocket;18/217
Ascesa Eroica;Spidops del Team Rocket;19/217
Ascesa Eroica;Charmander;20/217
Ascesa Eroica;Charmeleon;21/217
Ascesa Eroica;Mega Charizard Y;22/217
Ascesa Eroica;Slugma di Armonio;23/217
Ascesa Eroica;Magcargo di Armonio;24/217
Ascesa Eroica;Entei;25/217
Ascesa Eroica;Ho;26/217
Ascesa Eroica;Numel;27/217
Ascesa Eroica;Camerupt;28/217
Ascesa Eroica;Tepig;29/217
Ascesa Eroica;Pignite;30/217
Ascesa Eroica;Mega Emboar;31/217
Ascesa Eroica;Darumaka di N;32/217
Ascesa Eroica;Darmanitan di N;33/217
Ascesa Eroica;Salandit;34/217
Ascesa Eroica;Salazzle;35/217
Ascesa Eroica;Scorbunny;36/217
Ascesa Eroica;Raboot;37/217
Ascesa Eroica;Cinderace;38/217
Ascesa Eroica;Psyduck;39/217
Ascesa Eroica;Golduck;40/217
Ascesa Eroica;Totodile;41/217
Ascesa Eroica;Croconaw;42/217
Ascesa Eroica;Mega Feraligatr;43/217
Ascesa Eroica;Sneasel;44/217
Ascesa Eroica;Weavile;45/217
Ascesa Eroica;Snorunt;46/217
Ascesa Eroica;Mega Froslass;47/217
Ascesa Eroica;Regice;48/217
Ascesa Eroica;Vanillite di N;49/217
Ascesa Eroica;Vanillish di N;50/217
Ascesa Eroica;Vanilluxe di N;51/217
Ascesa Eroica;Snom;52/217
Ascesa Eroica;Frosmoth;53/217
Ascesa Eroica;Glastrier;54/217
Ascesa Eroica;Pikachu;55/217
Ascesa Eroica;Raichu;56/217
Ascesa Eroica;Pikachu;57/217
Ascesa Eroica;Voltorb;58/217
Ascesa Eroica;Tynamo;59/217
Ascesa Eroica;Eelektrik;60/217
Ascesa Eroica;Mega Eelektross;61/217
Ascesa Eroica;Stunfisk;62/217
Ascesa Eroica;Helioptile;63/217
Ascesa Eroica;Heliolisk;64/217
Ascesa Eroica;Charjabug;65/217
Ascesa Eroica;Vikavolt;66/217
Ascesa Eroica;Tapu Koko;67/217
Ascesa Eroica;Pincurchin;68/217
Ascesa Eroica;Tadbulb di Kissara;69/217
Ascesa Eroica;Bellibolt;70/217
Ascesa Eroica;Wattrel di Kissara;71/217
Ascesa Eroica;Kilowattrel di Kissara;72/217
Ascesa Eroica;Miraidon;73/217
Ascesa Eroica;Clefairy;74/217
Ascesa Eroica;Clefable;75/217
Ascesa Eroica;Clefairy;76/217
Ascesa Eroica;Exeggcute del Team Rocket;77/217
Ascesa Eroica;Exeggutor del Team Rocket;78/217
Ascesa Eroica;Mewtwo;79/217
Ascesa Eroica;Togepi;80/217
Ascesa Eroica;Togetic;81/217
Ascesa Eroica;Togekiss;82/217
Ascesa Eroica;Marill;83/217
Ascesa Eroica;Azumarill;84/217
Ascesa Eroica;Misdreavus;85/217
Ascesa Eroica;Mismagius;86/217
Ascesa Eroica;Ralts;87/217
Ascesa Eroica;Kirlia;88/217
Ascesa Eroica;Mega Gardevoir;89/217
Ascesa Eroica;Shuppet;90/217
Ascesa Eroica;Banette;91/217
Ascesa Eroica;Rotom;92/217
Ascesa Eroica;Swirlix;93/217
Ascesa Eroica;Slurpuff;94/217
Ascesa Eroica;Phantump di Hop;95/217
Ascesa Eroica;Trevenant di Hop;96/217
Ascesa Eroica;Mimikyu del Team Rocket;97/217
Ascesa Eroica;Spectrier;98/217
Ascesa Eroica;Munkidori;99/217
Ascesa Eroica;Diglett del Team Rocket;100/217
Ascesa Eroica;Dugtrio del Team Rocket;101/217
Ascesa Eroica;Hitmontop;102/217
Ascesa Eroica;Meditite;103/217
Ascesa Eroica;Medicham;104/217
Ascesa Eroica;Lunatone;105/217
Ascesa Eroica;Solrock;106/217
Ascesa Eroica;Regirock;107/217
Ascesa Eroica;Groudon;108/217
Ascesa Eroica;Gible di Camilla;109/217
Ascesa Eroica;Gabite di Camilla;110/217
Ascesa Eroica;Garchomp;111/217
Ascesa Eroica;Riolu;112/217
Ascesa Eroica;Mega Lucario;113/217
Ascesa Eroica;Stunfisk;114/217
Ascesa Eroica;Pancham;115/217
Ascesa Eroica;Mega Hawlucha;116/217
Ascesa Eroica;Carbink;117/217
Ascesa Eroica;Rolycoly;118/217
Ascesa Eroica;Carkol;119/217
Ascesa Eroica;Coalossal;120/217
Ascesa Eroica;Koraidon;121/217
Ascesa Eroica;Okidogi;122/217
Ascesa Eroica;Gastly;123/217
Ascesa Eroica;Haunter;124/217
Ascesa Eroica;Mega Gengar;125/217
Ascesa Eroica;Murkrow del Team Rocket;126/217
Ascesa Eroica;Honchkrow del Team Rocket;127/217
Ascesa Eroica;Poochyena;128/217
Ascesa Eroica;Mightyena;129/217
Ascesa Eroica;Zigzagoon di Galar;130/217
Ascesa Eroica;Linoone di Galar;131/217
Ascesa Eroica;Obstagoon di Galar;132/217
Ascesa Eroica;Spiritomb di Camilla;133/217
Ascesa Eroica;Scraggy;134/217
Ascesa Eroica;Mega Scrafty;135/217
Ascesa Eroica;Zorua di N;136/217
Ascesa Eroica;Zoroark;137/217
Ascesa Eroica;Vullaby;138/217
Ascesa Eroica;Mandibuzz;139/217
Ascesa Eroica;Pangoro;140/217
Ascesa Eroica;Hoopa;141/217
Ascesa Eroica;Fezandipiti;142/217
Ascesa Eroica;Pecharunt;143/217
Ascesa Eroica;Mawile;144/217
Ascesa Eroica;Registeel;145/217
Ascesa Eroica;Pawniard;146/217
Ascesa Eroica;Bisharp;147/217
Ascesa Eroica;Kingambit;148/217
Ascesa Eroica;Togedemaru;149/217
Ascesa Eroica;Dratini;150/217
Ascesa Eroica;Dragonair;151/217
Ascesa Eroica;Mega Dragonite;152/217
Ascesa Eroica;Rayquaza;153/217
Ascesa Eroica;Reshiram di N;154/217
Ascesa Eroica;Zekrom di N;155/217
Ascesa Eroica;Noibat;156/217
Ascesa Eroica;Noivern;157/217
Ascesa Eroica;Dreepy;158/217
Ascesa Eroica;Drakloak;159/217
Ascesa Eroica;Dragapult;160/217
Ascesa Eroica;Meowth del Team Rocket;161/217
Ascesa Eroica;Kangaskhan;162/217
Ascesa Eroica;Dunsparce di Ubaldo;163/217
Ascesa Eroica;Dudunsparce;164/217
Ascesa Eroica;Skitty;165/217
Ascesa Eroica;Delcatty;166/217
Ascesa Eroica;Zangoose;167/217
Ascesa Eroica;Starly di Ubaldo;168/217
Ascesa Eroica;Staravia di Ubaldo;169/217
Ascesa Eroica;Staraptor di Ubaldo;170/217
Ascesa Eroica;Rotom Vortice;171/217
Ascesa Eroica;Mega Audino;172/217
Ascesa Eroica;Rufflet di Ubaldo;173/217
Ascesa Eroica;Braviary di Ubaldo;174/217
Ascesa Eroica;Komala di Ubaldo;175/217
Ascesa Eroica;Drampa;176/217
Ascesa Eroica;Cramorant di Hop;177/217
Ascesa Eroica;Terapagos;178/217
Ascesa Eroica;Terapagos;179/217
Ascesa Eroica;Birichinata di Malpi;180/217
Ascesa Eroica;Palloncino;181/217
Ascesa Eroica;Antea e Concordia;182/217
Ascesa Eroica;Ordini del Capo (Corvin);183/217
Ascesa Eroica;Poffin del Cuore;184/217
Ascesa Eroica;Canary;185/217
Ascesa Eroica;Contrappeso;186/217
Ascesa Eroica;Gong di Lotta;187/217
Ascesa Eroica;Bosco della Vitalità;188/217
Ascesa Eroica;Tromba di Vetro;189/217
Ascesa Eroica;Spirito Combattivo di Iris;190/217
Ascesa Eroica;Elettropalla;191/217
Ascesa Eroica;Determinazione di Lylia;192/217
Ascesa Eroica;Megasegnale;193/217
Ascesa Eroica;Giardino dei Misteri;194/217
Ascesa Eroica;PP;195/217
Ascesa Eroica;Barella Notturna;196/217
Ascesa Eroica;Miniera di Notte;197/217
Ascesa Eroica;Poké Pad;198/217
Ascesa Eroica;Potenza Premium Pro;199/217
Ascesa Eroica;Surfista;200/217
Ascesa Eroica;Archer del Team Rocket;201/217
Ascesa Eroica;Atena del Team Rocket;202/217
Ascesa Eroica;Fabbrica del Team Rocket;203/217
Ascesa Eroica;Giovanni del Team Rocket;204/217
Ascesa Eroica;Mega Ball del Team Rocket;205/217
Ascesa Eroica;Ipnotizzatore del Team Rocket;206/217
Ascesa Eroica;Maxus del Team Rocket;207/217
Ascesa Eroica;Milas del Team Rocket;208/217
Ascesa Eroica;Ricetrasmettitore del Team Rocket;209/217
Ascesa Eroica;Torre di Guardia del Team Rocket;210/217
Ascesa Eroica;Squama Spessa;211/217
Ascesa Eroica;Scartaoggetti;212/217
Ascesa Eroica;Ultra Ball;213/217
Ascesa Eroica;Ryon;214/217
Ascesa Eroica;Cameriera;215/217
Ascesa Eroica;Energia Prisma;216/217
Ascesa Eroica;Energia del Team Rocket;217/217
Ascesa Eroica;Tangela di Erika;218/217
Ascesa Eroica;Beautifly;219/217
Ascesa Eroica;Dustox;220/217
Ascesa Eroica;Budew;221/217
Ascesa Eroica;Magcargo di Armonio;222/217
Ascesa Eroica;Numel;223/217
Ascesa Eroica;Salazzle;224/217
Ascesa Eroica;Scorbunny;225/217
Ascesa Eroica;Psyduck;226/217
Ascesa Eroica;Snorunt;227/217
Ascesa Eroica;Weavile;228/217
Ascesa Eroica;Heliolisk;229/217
Ascesa Eroica;Vikavolt;230/217
Ascesa Eroica;Wattrel di Kissara;231/217
Ascesa Eroica;Marill;232/217
Ascesa Eroica;Misdreavus;233/217
Ascesa Eroica;Banette;234/217
Ascesa Eroica;Togekiss;235/217
Ascesa Eroica;Slurpuff;236/217
Ascesa Eroica;Trevenant di Hop;237/217
Ascesa Eroica;Mimikyu del Team Rocket;238/217
Ascesa Eroica;Dugtrio del Team Rocket;239/217
Ascesa Eroica;Hitmontop;240/217
Ascesa Eroica;Medicham;241/217
Ascesa Eroica;Carbink;242/217
Ascesa Eroica;Mightyena;243/217
Ascesa Eroica;Spiritomb di Camilla;244/217
Ascesa Eroica;Obstagoon di Galar;245/217
Ascesa Eroica;Mawile;246/217
Ascesa Eroica;Dreepy;247/217
Ascesa Eroica;Drakloak;248/217
Ascesa Eroica;Staraptor di Ubaldo;249/217
Ascesa Eroica;Rotom Vortice;250/217
Ascesa Eroica;Sprigatito;251/217
Ascesa Eroica;Stunfisk;252/217
Ascesa Eroica;Mega Audino;253/217
Ascesa Eroica;Antea e Concordia;254/217
Ascesa Eroica;Allenamento di Cinturanera;255/217
Ascesa Eroica;Ordini del Capo (Corvin);256/217
Ascesa Eroica;Canary;257/217
Ascesa Eroica;Komor;258/217
Ascesa Eroica;Contrappeso;259/217
Ascesa Eroica;Tromba di Vetro;260/217
Ascesa Eroica;Torre di Interferenza;261/217
Ascesa Eroica;PP;262/217
Ascesa Eroica;Ricetrasmettitore del Team Rocket;263/217
Ascesa Eroica;Ultra Ball;264/217
Ascesa Eroica;Mega Froslass;265/217
Ascesa Eroica;Mega Eelektross;266/217
Ascesa Eroica;Mega Diancie;267/217
Ascesa Eroica;Mega Hawlucha;268/217
Ascesa Eroica;Mega Gengar;269/217
Ascesa Eroica;Mega Scrafty;270/217
Ascesa Eroica;Mega Dragonite;271/217
Ascesa Eroica;Mega Meganium;272/217
Ascesa Eroica;Mega Emboar;273/217
Ascesa Eroica;Mega Feraligatr;274/217
Ascesa Eroica;Mega Froslass;275/217
Ascesa Eroica;Pikachu;276/217
Ascesa Eroica;Pikachu;277/217
Ascesa Eroica;Mega Eelektross;278/217
Ascesa Eroica;Bellibolt;279/217
Ascesa Eroica;Clefairy;280/217
Ascesa Eroica;Mewtwo;281/217
Ascesa Eroica;Mega Diancie;282/217
Ascesa Eroica;Mega Hawlucha;283/217
Ascesa Eroica;Mega Gengar;284/217
Ascesa Eroica;Mega Scrafty;285/217
Ascesa Eroica;Zoroark;286/217
Ascesa Eroica;Grimmsnarl;287/217
Ascesa Eroica;Fezandipiti;288/217
Ascesa Eroica;Metagross;289/217
Ascesa Eroica;Mega Dragonite;290/217
Ascesa Eroica;Canary;291/217
Ascesa Eroica;Spirito Combattivo di Iris;292/217
Ascesa Eroica;Surfista;293/217
Ascesa Eroica;Mega Charizard Y;294/217
Ascesa Eroica;Mega Dragonite;295/217
Astri Lucenti;Exeggcute;1/172
Astri Lucenti;Exeggutor;2/172
Astri Lucenti;Shroomish;3/172
Astri Lucenti;Breloom;4/172
Astri Lucenti;Tropius;5/172
Astri Lucenti;Turtwig;6/172
Astri Lucenti;Grotle;7/172
Astri Lucenti;Torterra;8/172
Astri Lucenti;Burmy;9/172
Astri Lucenti;Wormadam;10/172
Astri Lucenti;Mothim;11/172
Astri Lucenti;Cherubi;12/172
Astri Lucenti;Shaymin;13/172
Astri Lucenti;Shaymin;14/172
Astri Lucenti;Karrablast;15/172
Astri Lucenti;Zarude;16/172
Astri Lucenti;Charizard;17/172
Astri Lucenti;Charizard;18/172
Astri Lucenti;Magmar;19/172
Astri Lucenti;Magmortar;20/172
Astri Lucenti;Moltres;21/172
Astri Lucenti;Entei;22/172
Astri Lucenti;Torkoal;23/172
Astri Lucenti;Chimchar;24/172
Astri Lucenti;Monferno;25/172
Astri Lucenti;Infernape;26/172
Astri Lucenti;Simisear;27/172
Astri Lucenti;Kingler;28/172
Astri Lucenti;Kingler;29/172
Astri Lucenti;Staryu;30/172
Astri Lucenti;Lapras;31/172
Astri Lucenti;Corphish;32/172
Astri Lucenti;Crawdaunt;33/172
Astri Lucenti;Snorunt;34/172
Astri Lucenti;Piplup;35/172
Astri Lucenti;Prinplup;36/172
Astri Lucenti;Empoleon;37/172
Astri Lucenti;Buizel;38/172
Astri Lucenti;Floatzel;39/172
Astri Lucenti;Lumineon;40/172
Astri Lucenti;Manaphy;41/172
Astri Lucenti;Cubchoo;42/172
Astri Lucenti;Beartic;43/172
Astri Lucenti;Eiscue;44/172
Astri Lucenti;Raichu;45/172
Astri Lucenti;Electabuzz;46/172
Astri Lucenti;Electivire;47/172
Astri Lucenti;Raikou;48/172
Astri Lucenti;Shinx;49/172
Astri Lucenti;Luxio;50/172
Astri Lucenti;Luxray;51/172
Astri Lucenti;Pachirisu;52/172
Astri Lucenti;Clefairy;53/172
Astri Lucenti;Clefable;54/172
Astri Lucenti;Starmie;55/172
Astri Lucenti;Mewtwo;56/172
Astri Lucenti;Granbull;57/172
Astri Lucenti;Baltoy;58/172
Astri Lucenti;Claydol;59/172
Astri Lucenti;Duskull;60/172
Astri Lucenti;Dusclops;61/172
Astri Lucenti;Dusknoir;62/172
Astri Lucenti;Chimecho;63/172
Astri Lucenti;Whimsicott;64/172
Astri Lucenti;Whimsicott;65/172
Astri Lucenti;Sigilyph;66/172
Astri Lucenti;Dedenne;67/172
Astri Lucenti;Mimikyu;68/172
Astri Lucenti;Mimikyu;69/172
Astri Lucenti;Milcery;70/172
Astri Lucenti;Alcremie;71/172
Astri Lucenti;Hitmontop;72/172
Astri Lucenti;Nosepass;73/172
Astri Lucenti;Trapinch;74/172
Astri Lucenti;Vibrava;75/172
Astri Lucenti;Flygon;76/172
Astri Lucenti;Wormadam;77/172
Astri Lucenti;Riolu;78/172
Astri Lucenti;Lucario;79/172
Astri Lucenti;Throh;80/172
Astri Lucenti;Sawk;81/172
Astri Lucenti;Golett;82/172
Astri Lucenti;Golurk;83/172
Astri Lucenti;Grimer;84/172
Astri Lucenti;Muk;85/172
Astri Lucenti;Sneasel;86/172
Astri Lucenti;Weavile;87/172
Astri Lucenti;Honchkrow;88/172
Astri Lucenti;Spiritomb;89/172
Astri Lucenti;Purrloin;90/172
Astri Lucenti;Liepard;91/172
Astri Lucenti;Impidimp;92/172
Astri Lucenti;Morgrem;93/172
Astri Lucenti;Grimmsnarl;94/172
Astri Lucenti;Morpeko;95/172
Astri Lucenti;Aggron;96/172
Astri Lucenti;Aggron;97/172
Astri Lucenti;Wormadam;98/172
Astri Lucenti;Probopass;99/172
Astri Lucenti;Heatran;100/172
Astri Lucenti;Escavalier;101/172
Astri Lucenti;Klink;102/172
Astri Lucenti;Klang;103/172
Astri Lucenti;Klinklang;104/172
Astri Lucenti;Zamazenta;105/172
Astri Lucenti;Flygon;106/172
Astri Lucenti;Gible;107/172
Astri Lucenti;Gabite;108/172
Astri Lucenti;Garchomp;109/172
Astri Lucenti;Axew;110/172
Astri Lucenti;Fraxure;111/172
Astri Lucenti;Haxorus;112/172
Astri Lucenti;Druddigon;113/172
Astri Lucenti;Dracovish;114/172
Astri Lucenti;Farfetch'd;115/172
Astri Lucenti;Castform;116/172
Astri Lucenti;Starly;117/172
Astri Lucenti;Staravia;118/172
Astri Lucenti;Staraptor;119/172
Astri Lucenti;Bidoof;120/172
Astri Lucenti;Bibarel;121/172
Astri Lucenti;Arceus;122/172
Astri Lucenti;Arceus;123/172
Astri Lucenti;Minccino;124/172
Astri Lucenti;Cinccino;125/172
Astri Lucenti;Tornadus;126/172
Astri Lucenti;Hawlucha;127/172
Astri Lucenti;Drampa;128/172
Astri Lucenti;Premonizione di Malpi;129/172
Astri Lucenti;Barry;130/172
Astri Lucenti;Fiascopolizza;131/172
Astri Lucenti;Ordini del Capo;132/172
Astri Lucenti;Barista;133/172
Astri Lucenti;Premura di Komor;134/172
Astri Lucenti;Cinturascelta;135/172
Astri Lucenti;Guanti di Purificazione;136/172
Astri Lucenti;Macerie dello Stadio;137/172
Astri Lucenti;Ambizione di Camilla;138/172
Astri Lucenti;Set di Acqua Fresca;139/172
Astri Lucenti;Amici a Galar;140/172
Astri Lucenti;Gloria;141/172
Astri Lucenti;Guanti da Caccia;142/172
Astri Lucenti;Brandifuoco;143/172
Astri Lucenti;Bacino di Magma;144/172
Astri Lucenti;Orgoglio di Mary;145/172
Astri Lucenti;Elmopentola;146/172
Astri Lucenti;Ricerca Accademica;147/172
Astri Lucenti;Backup di Rosabella;148/172
Astri Lucenti;Tifo del Team Yell;149/172
Astri Lucenti;Ultra Ball;150/172
Astri Lucenti;Energia Turbo Doppia;151/172
Astri Lucenti;Shaymin;152/172
Astri Lucenti;Charizard;153/172
Astri Lucenti;Charizard;154/172
Astri Lucenti;Lumineon;155/172
Astri Lucenti;Lumineon;156/172
Astri Lucenti;Pikachu;157/172
Astri Lucenti;Raichu;158/172
Astri Lucenti;Granbull;159/172
Astri Lucenti;Whimsicott;160/172
Astri Lucenti;Honchkrow;161/172
Astri Lucenti;Honchkrow;162/172
Astri Lucenti;Zamazenta;163/172
Astri Lucenti;Flygon;164/172
Astri Lucenti;Arceus;165/172
Astri Lucenti;Arceus;166/172
Astri Lucenti;Barry;167/172
Astri Lucenti;Premura di Komor;168/172
Astri Lucenti;Ambizione di Camilla;169/172
Astri Lucenti;Brandifuoco;170/172
Astri Lucenti;Orgoglio di Mary;171/172
Astri Lucenti;Backup di Rosabella;172/172
Astri Lucenti;Shaymin;173/172
Astri Lucenti;Charizard;174/172
Astri Lucenti;Whimsicott;175/172
Astri Lucenti;Arceus;176/172
Astri Lucenti;Premura di Komor;177/172
Astri Lucenti;Ambizione di Camilla;178/172
Astri Lucenti;Brandifuoco;179/172
Astri Lucenti;Backup di Rosabella;180/172
Astri Lucenti;Articuno di Galar;181/172
Astri Lucenti;Zapdos di Galar;182/172
Astri Lucenti;Moltres di Galar;183/172
Astri Lucenti;Arceus;184/172
Astri Lucenti;Bacino di Magma;185/172
Astri Lucenti;Ultra Ball;186/172
Avventure Insieme;Caterpie;1/159
Avventure Insieme;Metapod;2/159
Avventure Insieme;Butterfree;3/159
Avventure Insieme;Paras;4/159
Avventure Insieme;Parasect;5/159
Avventure Insieme;Petilil;6/159
Avventure Insieme;Lilligant;7/159
Avventure Insieme;Maractus;8/159
Avventure Insieme;Karrablast;9/159
Avventure Insieme;Foongus;10/159
Avventure Insieme;Amoonguss;11/159
Avventure Insieme;Shelmet;12/159
Avventure Insieme;Accelgor;13/159
Avventure Insieme;Durant;14/159
Avventure Insieme;Virizion;15/159
Avventure Insieme;Sprigatito;16/159
Avventure Insieme;Floragato;17/159
Avventure Insieme;Meowscarada;18/159
Avventure Insieme;Nymble;19/159
Avventure Insieme;Magmar;20/159
Avventure Insieme;Magmortar;21/159
Avventure Insieme;Torchic;22/159
Avventure Insieme;Combusken;23/159
Avventure Insieme;Blaziken;24/159
Avventure Insieme;Torkoal;25/159
Avventure Insieme;Darumaka di N;26/159
Avventure Insieme;Darmanitan di N;27/159
Avventure Insieme;Larvesta;28/159
Avventure Insieme;Volcarona;29/159
Avventure Insieme;Reshiram;30/159
Avventure Insieme;Volcanion;31/159
Avventure Insieme;Articuno;32/159
Avventure Insieme;Remoraid;33/159
Avventure Insieme;Octillery;34/159
Avventure Insieme;Lotad;35/159
Avventure Insieme;Lombre;36/159
Avventure Insieme;Ludicolo;37/159
Avventure Insieme;Wingull;38/159
Avventure Insieme;Pelipper;39/159
Avventure Insieme;Wailmer;40/159
Avventure Insieme;Wailord;41/159
Avventure Insieme;Regice;42/159
Avventure Insieme;Veluza;43/159
Avventure Insieme;Geodude di Alola;44/159
Avventure Insieme;Graveler di Alola;45/159
Avventure Insieme;Golem di Alola;46/159
Avventure Insieme;Voltorb di Kissara;47/159
Avventure Insieme;Electrode di Kissara;48/159
Avventure Insieme;Joltik di N;49/159
Avventure Insieme;Togedemaru;50/159
Avventure Insieme;Tapu Koko;51/159
Avventure Insieme;Tadbulb di Kissara;52/159
Avventure Insieme;Bellibolt;53/159
Avventure Insieme;Wattrel di Kissara;54/159
Avventure Insieme;Kilowattrel di Kissara;55/159
Avventure Insieme;Clefairy;56/159
Avventure Insieme;Marowak di Alola;57/159
Avventure Insieme;Mr. Mime;58/159
Avventure Insieme;Shuppet;59/159
Avventure Insieme;Banette;60/159
Avventure Insieme;Beldum;61/159
Avventure Insieme;Metang;62/159
Avventure Insieme;Metagross;63/159
Avventure Insieme;Sigilyph di N;64/159
Avventure Insieme;Oricorio;65/159
Avventure Insieme;Cutiefly di Lylia;66/159
Avventure Insieme;Ribombee di Lylia;67/159
Avventure Insieme;Comfey di Lylia;68/159
Avventure Insieme;Mimikyu;69/159
Avventure Insieme;Dhelmise;70/159
Avventure Insieme;Impidimp;71/159
Avventure Insieme;Morgrem;72/159
Avventure Insieme;Grimmsnarl;73/159
Avventure Insieme;Milcery;74/159
Avventure Insieme;Alcremie;75/159
Avventure Insieme;Cubone;76/159
Avventure Insieme;Swinub;77/159
Avventure Insieme;Piloswine;78/159
Avventure Insieme;Mamoswine;79/159
Avventure Insieme;Larvitar;80/159
Avventure Insieme;Pupitar;81/159
Avventure Insieme;Regirock;82/159
Avventure Insieme;Pancham;83/159
Avventure Insieme;Rockruff;84/159
Avventure Insieme;Lycanroc;85/159
Avventure Insieme;Silicobra di Hop;86/159
Avventure Insieme;Sandaconda di Hop;87/159
Avventure Insieme;Toedscool;88/159
Avventure Insieme;Toedscruel;89/159
Avventure Insieme;Klawf;90/159
Avventure Insieme;Koffing;91/159
Avventure Insieme;Weezing;92/159
Avventure Insieme;Wooper di Paldea;93/159
Avventure Insieme;Clodsire di Paldea;94/159
Avventure Insieme;Tyranitar;95/159
Avventure Insieme;Purrloin di N;96/159
Avventure Insieme;Zorua di N;97/159
Avventure Insieme;Zoroark;98/159
Avventure Insieme;Pangoro;99/159
Avventure Insieme;Lokix;100/159
Avventure Insieme;Bombirdier;101/159
Avventure Insieme;Escavalier;102/159
Avventure Insieme;Klink di N;103/159
Avventure Insieme;Klang di N;104/159
Avventure Insieme;Klinklang di N;105/159
Avventure Insieme;Stunfisk di Galar;106/159
Avventure Insieme;Magearna;107/159
Avventure Insieme;Corviknight di Hop;108/159
Avventure Insieme;Cufant;109/159
Avventure Insieme;Copperajah;110/159
Avventure Insieme;Zacian;111/159
Avventure Insieme;Bagon;112/159
Avventure Insieme;Shelgon;113/159
Avventure Insieme;Salamence;114/159
Avventure Insieme;Druddigon;115/159
Avventure Insieme;Reshiram di N;116/159
Avventure Insieme;Snorlax di Hop;117/159
Avventure Insieme;Sentret;118/159
Avventure Insieme;Furret;119/159
Avventure Insieme;Dunsparce;120/159
Avventure Insieme;Dudunsparce;121/159
Avventure Insieme;Kecleon;122/159
Avventure Insieme;Tropius;123/159
Avventure Insieme;Audino;124/159
Avventure Insieme;Minccino;125/159
Avventure Insieme;Cinccino;126/159
Avventure Insieme;Noibat;127/159
Avventure Insieme;Noivern;128/159
Avventure Insieme;Komala;129/159
Avventure Insieme;Drampa;130/159
Avventure Insieme;Skwovet;131/159
Avventure Insieme;Greedent;132/159
Avventure Insieme;Rookidee di Hop;133/159
Avventure Insieme;Corvisquire di Hop;134/159
Avventure Insieme;Wooloo di Hop;135/159
Avventure Insieme;Dubwool di Hop;136/159
Avventure Insieme;Cramorant;137/159
Avventure Insieme;Cramorant di Hop;138/159
Avventure Insieme;Lechonk;139/159
Avventure Insieme;Oinkologne;140/159
Avventure Insieme;Squawkabilly;141/159
Avventure Insieme;Nab e Abby;142/159
Avventure Insieme;Allenamento di Cinturanera;143/159
Avventure Insieme;Allenamento di Cinturanera;144/159
Avventure Insieme;Allenamento di Cinturanera;145/159
Avventure Insieme;Ricerca di Brock;146/159
Avventure Insieme;Borsa di Hop;147/159
Avventure Insieme;Bendascelta di Hop;148/159
Avventure Insieme;Spirito Combattivo di Iris;149/159
Avventure Insieme;Leudapoli;150/159
Avventure Insieme;Perla di Lylia;151/159
Avventure Insieme;Palazzo di N;152/159
Avventure Insieme;PP;153/159
Avventure Insieme;Furlongham;154/159
Avventure Insieme;Ricerca Accademica;155/159
Avventure Insieme;Biglietto Riscattabile;156/159
Avventure Insieme;Ragazzaccio;157/159
Avventure Insieme;Superpozione;158/159
Avventure Insieme;Energia Appuntita;159/159
Avventure Insieme;Maractus;160/159
Avventure Insieme;Articuno;161/159
Avventure Insieme;Wailord;162/159
Avventure Insieme;Kilowattrel di Kissara;163/159
Avventure Insieme;Ribombee di Lylia;164/159
Avventure Insieme;Swinub;165/159
Avventure Insieme;Lycanroc;166/159
Avventure Insieme;Reshiram di N;167/159
Avventure Insieme;Furret;168/159
Avventure Insieme;Noibat;169/159
Avventure Insieme;Wooloo di Hop;170/159
Avventure Insieme;Volcanion;171/159
Avventure Insieme;Bellibolt;172/159
Avventure Insieme;Clefairy;173/159
Avventure Insieme;Mamoswine;174/159
Avventure Insieme;Zoroark;175/159
Avventure Insieme;Zacian;176/159
Avventure Insieme;Salamence;177/159
Avventure Insieme;Dudunsparce;178/159
Avventure Insieme;Ricerca di Brock;179/159
Avventure Insieme;Spirito Combattivo di Iris;180/159
Avventure Insieme;Ragazzaccio;181/159
Avventure Insieme;Volcanion;182/159
Avventure Insieme;Bellibolt;183/159
Avventure Insieme;Clefairy;184/159
Avventure Insieme;Zoroark;185/159
Avventure Insieme;Zacian;186/159
Avventure Insieme;Salamence;187/159
Avventure Insieme;Bellibolt;188/159
Avventure Insieme;Zoroark;189/159
Avventure Insieme;Energia Appuntita;190/159
Battaglie Trionfali;Aggron;1/102
Battaglie Trionfali;Altaria;2/102
Battaglie Trionfali;Celebi;3/102
Battaglie Trionfali;Drapion;4/102
Battaglie Trionfali;Mamoswine;5/102
Battaglie Trionfali;Nidoking;6/102
Battaglie Trionfali;Porygon;7/102
Battaglie Trionfali;Rapidash;8/102
Battaglie Trionfali;Solrock;9/102
Battaglie Trionfali;Spiritomb;10/102
Battaglie Trionfali;Venomoth;11/102
Battaglie Trionfali;Victreebel;12/102
Battaglie Trionfali;Ambipom;13/102
Battaglie Trionfali;Banette;14/102
Battaglie Trionfali;Bronzong;15/102
Battaglie Trionfali;Carnivine;16/102
Battaglie Trionfali;Ditto;17/102
Battaglie Trionfali;Dragonite;18/102
Battaglie Trionfali;Dugtrio;19/102
Battaglie Trionfali;Electivire;20/102
Battaglie Trionfali;Elekid;21/102
Battaglie Trionfali;Golduck;22/102
Battaglie Trionfali;Grumpig;23/102
Battaglie Trionfali;Kricketune;24/102
Battaglie Trionfali;Lunatone;25/102
Battaglie Trionfali;Machamp;26/102
Battaglie Trionfali;Magmortar;27/102
Battaglie Trionfali;Nidoqueen;28/102
Battaglie Trionfali;Pidgeot;29/102
Battaglie Trionfali;Sharpedo;30/102
Battaglie Trionfali;Wailord;31/102
Battaglie Trionfali;Dragonair;32/102
Battaglie Trionfali;Electabuzz;33/102
Battaglie Trionfali;Electrode;34/102
Battaglie Trionfali;Haunter;35/102
Battaglie Trionfali;Kangaskhan;36/102
Battaglie Trionfali;Lairon;37/102
Battaglie Trionfali;Lickilicky;38/102
Battaglie Trionfali;Luvdisc;39/102
Battaglie Trionfali;Machoke;40/102
Battaglie Trionfali;Magby;41/102
Battaglie Trionfali;Magmar;42/102
Battaglie Trionfali;Magneton;43/102
Battaglie Trionfali;Marowak;44/102
Battaglie Trionfali;Nidorina;45/102
Battaglie Trionfali;Nidorino;46/102
Battaglie Trionfali;Pidgeotto;47/102
Battaglie Trionfali;Piloswine;48/102
Battaglie Trionfali;Porygon2;49/102
Battaglie Trionfali;Tentacruel;50/102
Battaglie Trionfali;Unown;51/102
Battaglie Trionfali;Wailmer;52/102
Battaglie Trionfali;Weepinbell;53/102
Battaglie Trionfali;Yanmega;54/102
Battaglie Trionfali;Aipom;55/102
Battaglie Trionfali;Aron;56/102
Battaglie Trionfali;Bellsprout;57/102
Battaglie Trionfali;Bronzor;58/102
Battaglie Trionfali;Carvanha;59/102
Battaglie Trionfali;Cubone;60/102
Battaglie Trionfali;Diglett;61/102
Battaglie Trionfali;Dratini;62/102
Battaglie Trionfali;Gastly;63/102
Battaglie Trionfali;Illumise;64/102
Battaglie Trionfali;Kricketot;65/102
Battaglie Trionfali;Lickitung;66/102
Battaglie Trionfali;Machop;67/102
Battaglie Trionfali;Magnemite;68/102
Battaglie Trionfali;Nidoran?;69/102
Battaglie Trionfali;Nidoran?;70/102
Battaglie Trionfali;Pidgey;71/102
Battaglie Trionfali;Ponyta;72/102
Battaglie Trionfali;Porygon;73/102
Battaglie Trionfali;Psyduck;74/102
Battaglie Trionfali;Shuppet;75/102
Battaglie Trionfali;Skorupi;76/102
Battaglie Trionfali;Spoink;77/102
Battaglie Trionfali;Swablu;78/102
Battaglie Trionfali;Swinub;79/102
Battaglie Trionfali;Tentacool;80/102
Battaglie Trionfali;Venonat;81/102
Battaglie Trionfali;Volbeat;82/102
Battaglie Trionfali;Voltorb;83/102
Battaglie Trionfali;Yanma;84/102
Battaglie Trionfali;Cinturanera;85/102
Battaglie Trionfali;Altopiano Blu;86/102
Battaglie Trionfali;Braccioscarto;87/102
Battaglie Trionfali;Cercatore;88/102
Battaglie Trionfali;Gemelle;89/102
Battaglie Trionfali;Energia Salvataggio;90/102
Battaglie Trionfali;Absol;91/102
Battaglie Trionfali;Celebi;92/102
Battaglie Trionfali;Electrode;93/102
Battaglie Trionfali;Gengar;94/102
Battaglie Trionfali;Machamp;95/102
Battaglie Trionfali;Magnezone;96/102
Battaglie Trionfali;Mew;97/102
Battaglie Trionfali;Yanmega;98/102
Battaglie Trionfali;Darkrai & Cresselia;99/102
Battaglie Trionfali;Darkrai & Cresselia;100/102
Battaglie Trionfali;Palkia & Dialga;101/102
Battaglie Trionfali;Palkia & Dialga;102/102
Caos Nascente;Weedle;1/122
Caos Nascente;Kakuna;2/122
Caos Nascente;Beedrill ex;3/122
Caos Nascente;Carnivine;4/122
Caos Nascente;Chespin;5/122
Caos Nascente;Quilladin;6/122
Caos Nascente;Chesnaught;7/122
Caos Nascente;Vulpix;8/122
Caos Nascente;Ninetales;9/122
Caos Nascente;Ho;10/122
Caos Nascente;Fennekin;11/122
Caos Nascente;Braixen;12/122
Caos Nascente;Delphox;13/122
Caos Nascente;Litleo;14/122
Caos Nascente;Mega Pyroar ex;15/122
Caos Nascente;Remoraid;16/122
Caos Nascente;Octillery;17/122
Caos Nascente;Delibird;18/122
Caos Nascente;Keldeo;19/122
Caos Nascente;Froakie;20/122
Caos Nascente;Frogadier;21/122
Caos Nascente;Mega Greninja ex;22/122
Caos Nascente;Bergmite;23/122
Caos Nascente;Avalugg;24/122
Caos Nascente;Wimpod;25/122
Caos Nascente;Golisopod;26/122
Caos Nascente;Mareep;27/122
Caos Nascente;Flaaffy;28/122
Caos Nascente;Ampharos;29/122
Caos Nascente;Emolga;30/122
Caos Nascente;Deoxys;31/122
Caos Nascente;Deoxys;32/122
Caos Nascente;Deoxys;33/122
Caos Nascente;Deoxys;34/122
Caos Nascente;Mega Floette ex;35/122
Caos Nascente;Espurr;36/122
Caos Nascente;Meowstic;37/122
Caos Nascente;Phantump;38/122
Caos Nascente;Trevenant;39/122
Caos Nascente;Pumpkaboo;40/122
Caos Nascente;Gourgeist ex;41/122
Caos Nascente;Xerneas;42/122
Caos Nascente;Sudowoodo;43/122
Caos Nascente;Phanpy;44/122
Caos Nascente;Donphan;45/122
Caos Nascente;Baltoy;46/122
Caos Nascente;Claydol;47/122
Caos Nascente;Mega Gallade ex;48/122
Caos Nascente;Zubat;49/122
Caos Nascente;Golbat;50/122
Caos Nascente;Crobat;51/122
Caos Nascente;Qwilfish;52/122
Caos Nascente;Stunky;53/122
Caos Nascente;Skuntank;54/122
Caos Nascente;Krookodile ex;55/122
Caos Nascente;Trubbish;56/122
Caos Nascente;Garbodor;57/122
Caos Nascente;Skrelp;58/122
Caos Nascente;Beldum;59/122
Caos Nascente;Metang;60/122
Caos Nascente;Metagross;61/122
Caos Nascente;Ferroseed;62/122
Caos Nascente;Ferrothorn;63/122
Caos Nascente;Cobalion ex;64/122
Caos Nascente;Mega Dragalge ex;65/122
Caos Nascente;Goomy;66/122
Caos Nascente;Sliggoo;67/122
Caos Nascente;Goodra;68/122
Caos Nascente;Tauros;69/122
Caos Nascente;Patrat;70/122
Caos Nascente;Watchog;71/122
Caos Nascente;Minccino;72/122
Caos Nascente;Cinccino ex;73/122
Caos Nascente;Avversipolizza;74/122
Caos Nascente;Floette Ange;75/122
Caos Nascente;Tranquillità di AZ;76/122
Caos Nascente;Matière;77/122
Caos Nascente;Rete Pesca Grossa;78/122
Caos Nascente;Gypso;79/122
Caos Nascente;Torre Prisma;80/122
Caos Nascente;Performance di Velia;81/122
Caos Nascente;Cartelrosso Speciale;82/122
Caos Nascente;Tomo della Trasformazione;83/122
Caos Nascente;Energia Frizzante;84/122
Caos Nascente;Energia Magnetica;85/122
Caos Nascente;Energia Propulsiva;86/122
Colpi Furiosi;Bellsprout;1/111
Colpi Furiosi;Weepinbell;2/111
Colpi Furiosi;Victreebel;3/111
Colpi Furiosi;Heracross;4/111
Colpi Furiosi;M Heracross;5/111
Colpi Furiosi;Shroomish;6/111
Colpi Furiosi;Leafeon;7/111
Colpi Furiosi;Shelmet;8/111
Colpi Furiosi;Accelgor;9/111
Colpi Furiosi;Magmar;10/111
Colpi Furiosi;Magmortar;11/111
Colpi Furiosi;Torchic;12/111
Colpi Furiosi;Combusken;13/111
Colpi Furiosi;Blaziken;14/111
Colpi Furiosi;Poliwag;15/111
Colpi Furiosi;Poliwhirl;16/111
Colpi Furiosi;Poliwrath;17/111
Colpi Furiosi;Politoed;18/111
Colpi Furiosi;Glaceon;19/111
Colpi Furiosi;Seismitoad;20/111
Colpi Furiosi;Cubchoo;21/111
Colpi Furiosi;Beartic;22/111
Colpi Furiosi;Clauncher;23/111
Colpi Furiosi;Clawitzer;24/111
Colpi Furiosi;Amaura;25/111
Colpi Furiosi;Aurorus;26/111
Colpi Furiosi;Pikachu;27/111
Colpi Furiosi;Raichu;28/111
Colpi Furiosi;Electabuzz;29/111
Colpi Furiosi;Electivire;30/111
Colpi Furiosi;Plusle;31/111
Colpi Furiosi;Minun;32/111
Colpi Furiosi;Thundurus;33/111
Colpi Furiosi;Dedenne;34/111
Colpi Furiosi;Drowzee;35/111
Colpi Furiosi;Hypno;36/111
Colpi Furiosi;Jynx;37/111
Colpi Furiosi;Skorupi;38/111
Colpi Furiosi;Gothita;39/111
Colpi Furiosi;Gothorita;40/111
Colpi Furiosi;Gothitelle;41/111
Colpi Furiosi;Golett;42/111
Colpi Furiosi;Golurk;43/111
Colpi Furiosi;Machop;44/111
Colpi Furiosi;Machoke;45/111
Colpi Furiosi;Machamp;46/111
Colpi Furiosi;Hitmonlee;47/111
Colpi Furiosi;Hitmonchan;48/111
Colpi Furiosi;Hitmontop;49/111
Colpi Furiosi;Breloom;50/111
Colpi Furiosi;Makuhita;51/111
Colpi Furiosi;Hariyama;52/111
Colpi Furiosi;Trapinch;53/111
Colpi Furiosi;Lucario;54/111
Colpi Furiosi;M Lucario;55/111
Colpi Furiosi;Mienfoo;56/111
Colpi Furiosi;Mienshao;57/111
Colpi Furiosi;Landorus;58/111
Colpi Furiosi;Pancham;59/111
Colpi Furiosi;Pancham;60/111
Colpi Furiosi;Tyrunt;61/111
Colpi Furiosi;Tyrantrum;62/111
Colpi Furiosi;Hawlucha;63/111
Colpi Furiosi;Hawlucha;64/111
Colpi Furiosi;Drapion;65/111
Colpi Furiosi;Scraggy;66/111
Colpi Furiosi;Scrafty;67/111
Colpi Furiosi;Pangoro;68/111
Colpi Furiosi;Clefairy;69/111
Colpi Furiosi;Clefairy;70/111
Colpi Furiosi;Clefable;71/111
Colpi Furiosi;Sylveon;72/111
Colpi Furiosi;Klefki;73/111
Colpi Furiosi;Dragonite;74/111
Colpi Furiosi;Vibrava;75/111
Colpi Furiosi;Flygon;76/111
Colpi Furiosi;Noivern;77/111
Colpi Furiosi;Lickitung;78/111
Colpi Furiosi;Lickilicky;79/111
Colpi Furiosi;Eevee;80/111
Colpi Furiosi;Slakoth;81/111
Colpi Furiosi;Vigoroth;82/111
Colpi Furiosi;Slaking;83/111
Colpi Furiosi;Patrat;84/111
Colpi Furiosi;Watchog;85/111
Colpi Furiosi;Tornadus;86/111
Colpi Furiosi;Noibat;87/111
Colpi Furiosi;Inviato Speciale;88/111
Colpi Furiosi;Scambio di Energia;89/111
Colpi Furiosi;Stadio Lotta;90/111
Colpi Furiosi;Focalnastro;91/111
Colpi Furiosi;Ricercatore di Fossili;92/111
Colpi Furiosi;Cura Totale;93/111
Colpi Furiosi;Fossilmascella;94/111
Colpi Furiosi;Ornella;95/111
Colpi Furiosi;Manutenzione;96/111
Colpi Furiosi;Ring Montano;97/111
Colpi Furiosi;Fossilpinna;98/111
Colpi Furiosi;Accappatoio Scintillante;99/111
Colpi Furiosi;Super Recupero;100/111
Colpi Furiosi;Recupera Oggetti;101/111
Colpi Furiosi;Centro Allenamento;102/111
Colpi Furiosi;Energia Vegetale;103/111
Colpi Furiosi;Energia Vigore;104/111
Colpi Furiosi;Heracross;105/111
Colpi Furiosi;Seismitoad;106/111
Colpi Furiosi;Lucario;107/111
Colpi Furiosi;Dragonite;108/111
Colpi Furiosi;Inviato Speciale;109/111
Colpi Furiosi;Ricercatore di Fossili;110/111
Colpi Furiosi;Ornella;111/111
Colpi Furiosi;M Heracross;112/111
Colpi Furiosi;M lucario;113/111
Colpo Fusione;Caterpie;1/264
Colpo Fusione;Metapod;2/264
Colpo Fusione;Butterfree;3/264
Colpo Fusione;Shroomish;4/264
Colpo Fusione;Breloom;5/264
Colpo Fusione;Breloom;6/264
Colpo Fusione;Pansage;7/264
Colpo Fusione;Simisage;8/264
Colpo Fusione;Sewaddle;9/264
Colpo Fusione;Swadloon;10/264
Colpo Fusione;Leavanny;11/264
Colpo Fusione;Maractus;12/264
Colpo Fusione;Shelmet;13/264
Colpo Fusione;Accelgor;14/264
Colpo Fusione;Virizion;15/264
Colpo Fusione;Phantump;16/264
Colpo Fusione;Trevenant;17/264
Colpo Fusione;Grubbin;18/264
Colpo Fusione;Dewpider;19/264
Colpo Fusione;Araquanid;20/264
Colpo Fusione;Tsareena;21/264
Colpo Fusione;Rillaboom;22/264
Colpo Fusione;Rillaboom;23/264
Colpo Fusione;Gossifleur;24/264
Colpo Fusione;Eldegoss;25/264
Colpo Fusione;Appletun;26/264
Colpo Fusione;Zarude;27/264
Colpo Fusione;Vulpix;28/264
Colpo Fusione;Vulpix;29/264
Colpo Fusione;Ninetales;30/264
Colpo Fusione;Ninetales;31/264
Colpo Fusione;Growlithe;32/264
Colpo Fusione;Arcanine;33/264
Colpo Fusione;Slugma;34/264
Colpo Fusione;Magcargo;35/264
Colpo Fusione;Victini;36/264
Colpo Fusione;Pansear;37/264
Colpo Fusione;Simisear;38/264
Colpo Fusione;Chandelure;39/264
Colpo Fusione;Chandelure;40/264
Colpo Fusione;Heatmor;41/264
Colpo Fusione;Oricorio;42/264
Colpo Fusione;Cinderace;43/264
Colpo Fusione;Cinderace;44/264
Colpo Fusione;Cinderace;45/264
Colpo Fusione;Sizzlipede;46/264
Colpo Fusione;Sizzlipede;47/264
Colpo Fusione;Centiskorch;48/264
Colpo Fusione;Centiskorch;49/264
Colpo Fusione;Shellder;50/264
Colpo Fusione;Cloyster;51/264
Colpo Fusione;Staryu;52/264
Colpo Fusione;Starmie;53/264
Colpo Fusione;Lapras;54/264
Colpo Fusione;Totodile;55/264
Colpo Fusione;Croconaw;56/264
Colpo Fusione;Feraligatr;57/264
Colpo Fusione;Marill;58/264
Colpo Fusione;Azumarill;59/264
Colpo Fusione;Qwilfish;60/264
Colpo Fusione;Mantine;61/264
Colpo Fusione;Mudkip;62/264
Colpo Fusione;Marshtomp;63/264
Colpo Fusione;Swampert;64/264
Colpo Fusione;Clamperl;65/264
Colpo Fusione;Huntail;66/264
Colpo Fusione;Gorebyss;67/264
Colpo Fusione;Panpour;68/264
Colpo Fusione;Simipour;69/264
Colpo Fusione;Basculin;70/264
Colpo Fusione;Darumaka di Galar;71/264
Colpo Fusione;Darmanitan di Galar;72/264
Colpo Fusione;Greninja;73/264
Colpo Fusione;Clauncher;74/264
Colpo Fusione;Clawitzer;75/264
Colpo Fusione;Crabominable;76/264
Colpo Fusione;Pyukumuku;77/264
Colpo Fusione;Inteleon;78/264
Colpo Fusione;Inteleon;79/264
Colpo Fusione;Chewtle;80/264
Colpo Fusione;Drednaw;81/264
Colpo Fusione;Arrokuda;82/264
Colpo Fusione;Barraskewda;83/264
Colpo Fusione;Snom;84/264
Colpo Fusione;Frosmoth;85/264
Colpo Fusione;Pikachu;86/264
Colpo Fusione;Voltorb;87/264
Colpo Fusione;Electrode;88/264
Colpo Fusione;Plusle;89/264
Colpo Fusione;Minun;90/264
Colpo Fusione;Shinx;91/264
Colpo Fusione;Luxio;92/264
Colpo Fusione;Luxray;93/264
Colpo Fusione;Rotom;94/264
Colpo Fusione;Tynamo;95/264
Colpo Fusione;Eelektrik;96/264
Colpo Fusione;Eelektross;97/264
Colpo Fusione;Helioptile;98/264
Colpo Fusione;Heliolisk;99/264
Colpo Fusione;Charjabug;100/264
Colpo Fusione;Vikavolt;101/264
Colpo Fusione;Zeraora;102/264
Colpo Fusione;Boltund;103/264
Colpo Fusione;Boltund;104/264
Colpo Fusione;Toxel;105/264
Colpo Fusione;Toxel;106/264
Colpo Fusione;Toxtricity;107/264
Colpo Fusione;Toxtricity;108/264
Colpo Fusione;Morpeko;109/264
Colpo Fusione;Jigglypuff;110/264
Colpo Fusione;Wigglytuff;111/264
Colpo Fusione;Jynx;112/264
Colpo Fusione;Mew;113/264
Colpo Fusione;Mew;114/264
Colpo Fusione;Snubbull;115/264
Colpo Fusione;Granbull;116/264
Colpo Fusione;Corsola di Galar;117/264
Colpo Fusione;Cursola di Galar;118/264
Colpo Fusione;Mawile;119/264
Colpo Fusione;Deoxys;120/264
Colpo Fusione;Munna;121/264
Colpo Fusione;Musharna;122/264
Colpo Fusione;Sigilyph;123/264
Colpo Fusione;Meloetta;124/264
Colpo Fusione;Sandygast;125/264
Colpo Fusione;Palossand;126/264
Colpo Fusione;Indeedee;127/264
Colpo Fusione;Dreepy;128/264
Colpo Fusione;Drakloak;129/264
Colpo Fusione;Dragapult;130/264
Colpo Fusione;Sandshrew;131/264
Colpo Fusione;Sandslash;132/264
Colpo Fusione;Mankey;133/264
Colpo Fusione;Primeape;134/264
Colpo Fusione;Geodude;135/264
Colpo Fusione;Graveler;136/264
Colpo Fusione;Golem;137/264
Colpo Fusione;Onix;138/264
Colpo Fusione;Steelix;139/264
Colpo Fusione;Gligar;140/264
Colpo Fusione;Gliscor;141/264
Colpo Fusione;Makuhita;142/264
Colpo Fusione;Hariyama;143/264
Colpo Fusione;Baltoy;144/264
Colpo Fusione;Claydol;145/264
Colpo Fusione;Lucario;146/264
Colpo Fusione;Drilbur;147/264
Colpo Fusione;Landorus;148/264
Colpo Fusione;Pancham;149/264
Colpo Fusione;Stufful;150/264
Colpo Fusione;Bewear;151/264
Colpo Fusione;Clobbopus;152/264
Colpo Fusione;Grapploct;153/264
Colpo Fusione;Falinks;154/264
Colpo Fusione;Falinks;155/264
Colpo Fusione;Gengar;156/264
Colpo Fusione;Gengar;157/264
Colpo Fusione;Tyranitar;158/264
Colpo Fusione;Zigzagoon di Galar;159/264
Colpo Fusione;Linoone di Galar;160/264
Colpo Fusione;Obstagoon di Galar;161/264
Colpo Fusione;Carvanha;162/264
Colpo Fusione;Sharpedo;163/264
Colpo Fusione;Absol;164/264
Colpo Fusione;Croagunk;165/264
Colpo Fusione;Toxicroak;166/264
Colpo Fusione;Darkrai;167/264
Colpo Fusione;Trubbish;168/264
Colpo Fusione;Garbodor;169/264
Colpo Fusione;Zorua;170/264
Colpo Fusione;Zoroark;171/264
Colpo Fusione;Vullaby;172/264
Colpo Fusione;Mandibuzz;173/264
Colpo Fusione;Pangoro;174/264
Colpo Fusione;Yveltal;175/264
Colpo Fusione;Impidimp;176/264
Colpo Fusione;Morgrem;177/264
Colpo Fusione;Grimmsnarl;178/264
Colpo Fusione;Morpeko;179/264
Colpo Fusione;Meowth di Galar;180/264
Colpo Fusione;Perrserker di Galar;181/264
Colpo Fusione;Skarmory;182/264
Colpo Fusione;Excadrill;183/264
Colpo Fusione;Durant;184/264
Colpo Fusione;Genesect;185/264
Colpo Fusione;Klefki;186/264
Colpo Fusione;Togedemaru;187/264
Colpo Fusione;Meltan;188/264
Colpo Fusione;Melmetal;189/264
Colpo Fusione;Corviknight;190/264
Colpo Fusione;Cufant;191/264
Colpo Fusione;Copperajah;192/264
Colpo Fusione;Latias;193/264
Colpo Fusione;Latios;194/264
Colpo Fusione;Goomy;195/264
Colpo Fusione;Sliggoo;196/264
Colpo Fusione;Goodra;197/264
Colpo Fusione;Turtonator;198/264
Colpo Fusione;Meowth;199/264
Colpo Fusione;Persian;200/264
Colpo Fusione;Dodrio;201/264
Colpo Fusione;Chansey;202/264
Colpo Fusione;Blissey;203/264
Colpo Fusione;Kangaskhan;204/264
Colpo Fusione;Eevee;205/264
Colpo Fusione;Snorlax;206/264
Colpo Fusione;Dunsparce;207/264
Colpo Fusione;Stantler;208/264
Colpo Fusione;Smeargle;209/264
Colpo Fusione;Skitty;210/264
Colpo Fusione;Delcatty;211/264
Colpo Fusione;Buneary;212/264
Colpo Fusione;Lopunny;213/264
Colpo Fusione;Bunnelby;214/264
Colpo Fusione;Diggersby;215/264
Colpo Fusione;Hawlucha;216/264
Colpo Fusione;Greedent;217/264
Colpo Fusione;Greedent;218/264
Colpo Fusione;Rookidee;219/264
Colpo Fusione;Corvisquire;220/264
Colpo Fusione;Wooloo;221/264
Colpo Fusione;Wooloo;222/264
Colpo Fusione;Dubwool;223/264
Colpo Fusione;Scoperta dell'Avventuriera;224/264
Colpo Fusione;Superpass VIP Lotta;225/264
Colpo Fusione;Pigliamosche;226/264
Colpo Fusione;Chicco, Spighetto e Maisello;227/264
Colpo Fusione;Cuoco;228/264
Colpo Fusione;CramoBot;229/264
Colpo Fusione;Scambiatore Incrociato;230/264
Colpo Fusione;Ricevitore Incrociato;231/264
Colpo Fusione;Ballerina;232/264
Colpo Fusione;Leggiadria di Camelia;233/264
Colpo Fusione;Sonaglio di Addio;234/264
Colpo Fusione;Arbitro;235/264
Colpo Fusione;Compressa Energetica;236/264
Colpo Fusione;Velox Ball;237/264
Colpo Fusione;Studente;238/264
Colpo Fusione;Studentessa;239/264
Colpo Fusione;Shana;240/264
Colpo Fusione;Fosco;241/264
Colpo Fusione;Skatepark;242/264
Colpo Fusione;Guanti Spugnosi;243/264
Colpo Fusione;Energia Colpo Fusione;244/264
Colpo Fusione;Celebi;245/264
Colpo Fusione;Tsareena;246/264
Colpo Fusione;Chandelure;247/264
Colpo Fusione;Crabominable;248/264
Colpo Fusione;Boltund;249/264
Colpo Fusione;Mew;250/264
Colpo Fusione;Mew;251/264
Colpo Fusione;Sandaconda;252/264
Colpo Fusione;Hoopa;253/264
Colpo Fusione;Genesect;254/264
Colpo Fusione;Genesect;255/264
Colpo Fusione;Greedent;256/264
Colpo Fusione;Greedent;257/264
Colpo Fusione;Chicco, Spighetto e Maisello;258/264
Colpo Fusione;Ballerina;259/264
Colpo Fusione;Leggiadria di Camelia;260/264
Colpo Fusione;Studente;261/264
Colpo Fusione;Studentessa;262/264
Colpo Fusione;Shana;263/264
Colpo Fusione;Fosco;264/264
Colpo Fusione;Chandelure;265/264
Colpo Fusione;Inteleon;266/264
Colpo Fusione;Boltund;267/264
Colpo Fusione;Mew;268/264
Colpo Fusione;Mew;269/264
Colpo Fusione;Espeon;270/264
Colpo Fusione;Gengar;271/264
Colpo Fusione;Greedent;272/264
Colpo Fusione;Chicco, Spighetto e Maisello;273/264
Colpo Fusione;Ballerina;274/264
Colpo Fusione;Leggiadria di Camelia;275/264
Colpo Fusione;Studente;276/264
Colpo Fusione;Studentessa;277/264
Colpo Fusione;Shana;278/264
Colpo Fusione;Fosco;279/264
Colpo Fusione;Flaaffy;280/264
Colpo Fusione;Compressa Energetica;281/264
Colpo Fusione;Cortile di Allenamento;282/264
Colpo Fusione;Energia Erba;283/264
Colpo Fusione;Energia Fuoco;284/264
Confini Varcati;Oddish;1/149
Confini Varcati;Gloom;2/149
Confini Varcati;Vileplume;3/149
Confini Varcati;Bellossom;4/149
Confini Varcati;Tangela;5/149
Confini Varcati;Tangrowth;6/149
Confini Varcati;Scyther;7/149
Confini Varcati;Heracross;8/149
Confini Varcati;Celebi ex;9/149
Confini Varcati;Shaymin;10/149
Confini Varcati;Snivy;11/149
Confini Varcati;Servine;12/149
Confini Varcati;Serperior;13/149
Confini Varcati;Cottonee;14/149
Confini Varcati;Whimsicott;15/149
Confini Varcati;Petilil;16/149
Confini Varcati;Lilligant;17/149
Confini Varcati;Charmander;18/149
Confini Varcati;Charmeleon;19/149
Confini Varcati;Charizard;20/149
Confini Varcati;Numel;21/149
Confini Varcati;Camerupt;22/149
Confini Varcati;Victini;23/149
Confini Varcati;Tepig;24/149
Confini Varcati;Pignite;25/149
Confini Varcati;Emboar;26/149
Confini Varcati;Darumaka;27/149
Confini Varcati;Darmanitan;28/149
Confini Varcati;Squirtle;29/149
Confini Varcati;Wartortle;30/149
Confini Varcati;Blastoise;31/149
Confini Varcati;Psyduck;32/149
Confini Varcati;Psyduck;33/149
Confini Varcati;Golduck;34/149
Confini Varcati;Golduck;35/149
Confini Varcati;Marill;36/149
Confini Varcati;Azumarill;37/149
Confini Varcati;Delibird;38/149
Confini Varcati;Oshawott;39/149
Confini Varcati;Dewott;40/149
Confini Varcati;Samurott;41/149
Confini Varcati;Ducklett;42/149
Confini Varcati;Swanna;43/149
Confini Varcati;Frillish;44/149
Confini Varcati;Jellicent;45/149
Confini Varcati;Cryogonal;46/149
Confini Varcati;Keldeo;47/149
Confini Varcati;Keldeo;48/149
Confini Varcati;Keldeo ex;49/149
Confini Varcati;Pikachu;50/149
Confini Varcati;Voltorb;51/149
Confini Varcati;Electrode;52/149
Confini Varcati;Electabuzz;53/149
Confini Varcati;Electivire;54/149
Confini Varcati;Chinchou;55/149
Confini Varcati;Blitzle;56/149
Confini Varcati;Zebstrika;57/149
Confini Varcati;Wobbuffet;58/149
Confini Varcati;Spoink;59/149
Confini Varcati;Grumpig;60/149
Confini Varcati;Duskull;61/149
Confini Varcati;Dusclops;62/149
Confini Varcati;Dusknoir;63/149
Confini Varcati;Croagunk;64/149
Confini Varcati;Croagunk;65/149
Confini Varcati;Toxicroak;66/149
Confini Varcati;Cresselia ex;67/149
Confini Varcati;Munna;68/149
Confini Varcati;Musharna;69/149
Confini Varcati;Woobat;70/149
Confini Varcati;Swoobat;71/149
Confini Varcati;Venipede;72/149
Confini Varcati;Whirlipede;73/149
Confini Varcati;Scolipede;74/149
Confini Varcati;Gothita;75/149
Confini Varcati;Gothorita;76/149
Confini Varcati;Meloetta;77/149
Confini Varcati;Sandshrew;78/149
Confini Varcati;Sandslash;79/149
Confini Varcati;Gligar;80/149
Confini Varcati;Gliscor;81/149
Confini Varcati;Makuhita;82/149
Confini Varcati;Trapinch;83/149
Confini Varcati;Dwebble;84/149
Confini Varcati;Crustle;85/149
Confini Varcati;Mienfoo;86/149
Confini Varcati;Mienfoo;87/149
Confini Varcati;Mienshao;88/149
Confini Varcati;Landorus ex;89/149
Confini Varcati;Purrloin;90/149
Confini Varcati;Liepard;91/149
Confini Varcati;Vullaby;92/149
Confini Varcati;Mandibuzz;93/149
Confini Varcati;Scizor;94/149
Confini Varcati;Skarmory;95/149
Confini Varcati;Skarmory;96/149
Confini Varcati;Klink;97/149
Confini Varcati;Vibrava;98/149
Confini Varcati;Flygon;99/149
Confini Varcati;Kyurem Nero;100/149
Confini Varcati;Kyurem Nero ex;101/149
Confini Varcati;Kyurem Bianco;102/149
Confini Varcati;Kyurem Bianco ex;103/149
Confini Varcati;Rattata;104/149
Confini Varcati;Raticate;105/149
Confini Varcati;Meowth;106/149
Confini Varcati;Farfetch'd;107/149
Confini Varcati;Ditto;108/149
Confini Varcati;Snorlax;109/149
Confini Varcati;Togepi;110/149
Confini Varcati;Dunsparce;111/149
Confini Varcati;Taillow;112/149
Confini Varcati;Skitty;113/149
Confini Varcati;Delcatty;114/149
Confini Varcati;Spinda;115/149
Confini Varcati;Buneary;116/149
Confini Varcati;Lopunny;117/149
Confini Varcati;Patrat;118/149
Confini Varcati;Watchog;119/149
Confini Varcati;Lillipup;120/149
Confini Varcati;Herdier;121/149
Confini Varcati;Stoutland;122/149
Confini Varcati;Pidove;123/149
Confini Varcati;Tranquill;124/149
Confini Varcati;Unfezant;125/149
Confini Varcati;Audino;126/149
Confini Varcati;Palestra di Alisopoli;127/149
Confini Varcati;Ricerca di Energia;128/149
Confini Varcati;Mega Ball;129/149
Confini Varcati;Toni;130/149
Confini Varcati;Pok Ball;131/149
Confini Varcati;Pozione;132/149
Confini Varcati;Bitorzolelmo;133/149
Confini Varcati;Anemone;134/149
Confini Varcati;Scambio;135/149
Confini Varcati;Mappa Citt;136/149
Confini Varcati;Ricerca Computerizzata;137/149
Confini Varcati;Lama di Cristallo;138/149
Confini Varcati;Scudo di Cristallo;139/149
Confini Varcati;Pozione d'Oro;140/149
Confini Varcati;Celebi ex;141/149
Confini Varcati;Keldeo ex;142/149
Confini Varcati;Cresselia ex;143/149
Confini Varcati;Landorus ex;144/149
Confini Varcati;Kyurem Nero ex;145/149
Confini Varcati;Kyurem Bianco ex;146/149
Confini Varcati;Belle;147/149
Confini Varcati;Komor;148/149
Confini Varcati;Anemone;149/149
Confini Varcati;Golurk;150/149
Confini Varcati;Terrakion;151/149
Confini Varcati;Altaria;152/149
Confini Varcati;Bitorzolelmo;153/149
Destini Futuri;Pinsir;1/99
Destini Futuri;Seedot;2/99
Destini Futuri;Kricketot;3/99
Destini Futuri;Kricketune;4/99
Destini Futuri;Shaymin;5/99
Destini Futuri;Pansage;6/99
Destini Futuri;Simisage;7/99
Destini Futuri;Foongus;8/99
Destini Futuri;Amoonguss;9/99
Destini Futuri;Growlithe;10/99
Destini Futuri;Growlithe;11/99
Destini Futuri;Arcanine;12/99
Destini Futuri;Arcanine;13/99
Destini Futuri;Moltres;14/99
Destini Futuri;Pansear;15/99
Destini Futuri;Simisear;16/99
Destini Futuri;Darumaka;17/99
Destini Futuri;Litwick;18/99
Destini Futuri;Lampent;19/99
Destini Futuri;Chandelure;20/99
Destini Futuri;Reshiram;21/99
Destini Futuri;Reshiram;22/99
Destini Futuri;Staryu;23/99
Destini Futuri;Starmie;24/99
Destini Futuri;Lapras;25/99
Destini Futuri;Lapras;26/99
Destini Futuri;Articuno;27/99
Destini Futuri;Panpour;28/99
Destini Futuri;Simipour;29/99
Destini Futuri;Basculin;30/99
Destini Futuri;Vanillite;31/99
Destini Futuri;Vanillish;32/99
Destini Futuri;Vanilluxe;33/99
Destini Futuri;Frillish;34/99
Destini Futuri;Jellicent;35/99
Destini Futuri;Cubchoo;36/99
Destini Futuri;Beartic;37/99
Destini Futuri;Kyurem;38/99
Destini Futuri;Pikachu;39/99
Destini Futuri;Raichu;40/99
Destini Futuri;Zapdos;41/99
Destini Futuri;Shinx;42/99
Destini Futuri;Shinx;43/99
Destini Futuri;Luxio;44/99
Destini Futuri;Luxio;45/99
Destini Futuri;Luxray;46/99
Destini Futuri;Blitzle;47/99
Destini Futuri;Zebstrika;48/99
Destini Futuri;Emolga;49/99
Destini Futuri;Zekrom;50/99
Destini Futuri;Zekrom;51/99
Destini Futuri;Grimer;52/99
Destini Futuri;Muk;53/99
Destini Futuri;Mewtwo;54/99
Destini Futuri;Ralts;55/99
Destini Futuri;Kirlia;56/99
Destini Futuri;Gardevoir;57/99
Destini Futuri;Munna;58/99
Destini Futuri;Musharna;59/99
Destini Futuri;Darmanitan;60/99
Destini Futuri;Elgyem;61/99
Destini Futuri;Beheeyem;62/99
Destini Futuri;Riolu;63/99
Destini Futuri;Lucario;64/99
Destini Futuri;Hippopotas;65/99
Destini Futuri;Hippowdon;66/99
Destini Futuri;Mienfoo;67/99
Destini Futuri;Mienshao;68/99
Destini Futuri;Sneasel;69/99
Destini Futuri;Weavile;70/99
Destini Futuri;Nuzleaf;71/99
Destini Futuri;Shiftry;72/99
Destini Futuri;Scraggy;73/99
Destini Futuri;Scrafty;74/99
Destini Futuri;Bronzor;75/99
Destini Futuri;Bronzong;76/99
Destini Futuri;Ferroseed;77/99
Destini Futuri;Jigglypuff;78/99
Destini Futuri;Wigglytuff;79/99
Destini Futuri;Meowth;80/99
Destini Futuri;Persian;81/99
Destini Futuri;Regigigas;82/99
Destini Futuri;Pidove;83/99
Destini Futuri;Minccino;84/99
Destini Futuri;Cinccino;85/99
Destini Futuri;Spighetto;86/99
Destini Futuri;Condividi Esperienza;87/99
Destini Futuri;Peso Ball;88/99
Destini Futuri;Level Ball;89/99
Destini Futuri;Centro Pok mon;90/99
Destini Futuri;Ponte Freccialuce;91/99
Destini Futuri;Energia Incolore Doppia;92/99
Destini Futuri;Energia Prisma;93/99
Destini Futuri;Shaymin;94/99
Destini Futuri;Reshiram;95/99
Destini Futuri;Kyurem;96/99
Destini Futuri;Zekrom;97/99
Destini Futuri;Mewtwo;98/99
Destini Futuri;Regigigas;99/99
Destini Futuri;Emboar;100/99
Destini Futuri;Chandelure;101/99
Destini Futuri;Zoroark;102/99
Destini Futuri;Hydreigon;103/99
Destini Incrociati;Shuckle;1/124
Destini Incrociati;Burmy;2/124
Destini Incrociati;Wormadam;3/124
Destini Incrociati;Mothim;4/124
Destini Incrociati;Snivy;5/124
Destini Incrociati;Servine;6/124
Destini Incrociati;Serperior;7/124
Destini Incrociati;Deerling;8/124
Destini Incrociati;Moltres;9/124
Destini Incrociati;Fennekin;10/124
Destini Incrociati;Fennekin;11/124
Destini Incrociati;Braixen;12/124
Destini Incrociati;Delphox;13/124
Destini Incrociati;Delphox turbo;14/124
Destini Incrociati;Seel;15/124
Destini Incrociati;Dewgong;16/124
Destini Incrociati;Omanyte;17/124
Destini Incrociati;Omastar;18/124
Destini Incrociati;Omastar turbo;19/124
Destini Incrociati;Glaceon ex;20/124
Destini Incrociati;Kyurem Bianco;21/124
Destini Incrociati;Binacle;22/124
Destini Incrociati;Barbaracle;23/124
Destini Incrociati;Rotom;24/124
Destini Incrociati;Alakazam ex;25/124
Destini Incrociati;MAlakazam ex;26/124
Destini Incrociati;Koffing;27/124
Destini Incrociati;Weezing;28/124
Destini Incrociati;Mew;29/124
Destini Incrociati;Spoink;30/124
Destini Incrociati;Grumpig;31/124
Destini Incrociati;Gothita;32/124
Destini Incrociati;Solosis;33/124
Destini Incrociati;Duosion;34/124
Destini Incrociati;Reuniclus;35/124
Destini Incrociati;Diglett;36/124
Destini Incrociati;Marowak;37/124
Destini Incrociati;Kabuto;38/124
Destini Incrociati;Kabutops;39/124
Destini Incrociati;Larvitar;40/124
Destini Incrociati;Larvitar;41/124
Destini Incrociati;Pupitar;42/124
Destini Incrociati;Regirock;43/124
Destini Incrociati;Wormadam;44/124
Destini Incrociati;Riolu;45/124
Destini Incrociati;Riolu;46/124
Destini Incrociati;Lucario;47/124
Destini Incrociati;Hawlucha;48/124
Destini Incrociati;Carbink;49/124
Destini Incrociati;Carbink;50/124
Destini Incrociati;Carbink turbo;51/124
Destini Incrociati;Zygarde;52/124
Destini Incrociati;Zygarde;53/124
Destini Incrociati;Zygarde ex;54/124
Destini Incrociati;Umbreon ex;55/124
Destini Incrociati;Tyranitar;56/124
Destini Incrociati;Vullaby;57/124
Destini Incrociati;Mandibuzz;58/124
Destini Incrociati;Wormadam;59/124
Destini Incrociati;Bronzor;60/124
Destini Incrociati;Bronzong;61/124
Destini Incrociati;Bronzong turbo;62/124
Destini Incrociati;Lucario;63/124
Destini Incrociati;Genesect ex;64/124
Destini Incrociati;Jigglypuff;65/124
Destini Incrociati;Wigglytuff;66/124
Destini Incrociati;Mr. Mime;67/124
Destini Incrociati;Snubbull;68/124
Destini Incrociati;MAltaria ex;69/124
Destini Incrociati;Cottonee;70/124
Destini Incrociati;Whimsicott;71/124
Destini Incrociati;Diancie ex;72/124
Destini Incrociati;Kingdra ex;73/124
Destini Incrociati;Meowth;74/124
Destini Incrociati;Kangaskhan;75/124
Destini Incrociati;Aerodactyl;76/124
Destini Incrociati;Snorlax;77/124
Destini Incrociati;Lugia;78/124
Destini Incrociati;Lugia turbo;79/124
Destini Incrociati;Whismur;80/124
Destini Incrociati;Loudred;81/124
Destini Incrociati;Exploud;82/124
Destini Incrociati;Altaria ex;83/124
Destini Incrociati;Audino ex;84/124
Destini Incrociati;MAudino ex;85/124
Destini Incrociati;Minccino;86/124
Destini Incrociati;Minccino;87/124
Destini Incrociati;Cinccino;88/124
Destini Incrociati;Cinccino;89/124
Destini Incrociati;Legame Mentale con Alakazam;90/124
Destini Incrociati;Legame Mentale con Altaria;91/124
Destini Incrociati;Legame Mentale con Audino;92/124
Destini Incrociati;Cucchiaio Piegato;93/124
Destini Incrociati;Torre Caos;94/124
Destini Incrociati;Getto di Involuzione;95/124
Destini Incrociati;Domofossile di Kabuto;96/124
Destini Incrociati;Borsetta Energia;97/124
Destini Incrociati;Ripresa Energetica;98/124
Destini Incrociati;Goccia Fatata;99/124
Destini Incrociati;Giardino Fatato;100/124
Destini Incrociati;Kit Scavafossili;101/124
Destini Incrociati;Helixfossile di Omanyte;102/124
Destini Incrociati;Omaggio della Pupa;103/124
Destini Incrociati;Acchiappa;104/124
Destini Incrociati;N;105/124
Destini Incrociati;Ambra Antica di Aerodactyl;106/124
Destini Incrociati;Pok mon Fan Club;107/124
Destini Incrociati;Potere della Memoria;108/124
Destini Incrociati;Destinatario Casuale;109/124
Destini Incrociati;Terra Infuocata;110/124
Destini Incrociati;Shana;111/124
Destini Incrociati;Malefatte del Team Rocket;112/124
Destini Incrociati;Ultra Ball;113/124
Destini Incrociati;Energia Incolore doppia;114/124
Destini Incrociati;Energia Vigore;115/124
Destini Incrociati;Glaceon ex;116/124
Destini Incrociati;Alakazam ex;117/124
Destini Incrociati;MAlakazam ex;118/124
Destini Incrociati;Umbreon ex;119/124
Destini Incrociati;Genesect ex;120/124
Destini Incrociati;MAltaria ex;121/124
Destini Incrociati;Kingdra ex;122/124
Destini Incrociati;Altaria ex;123/124
Destini Incrociati;Malefatte del Team Rocket;124/124
Destini Incrociati;Alakazam ex;125/124
Diamante & Perla;Dialga;1/130
Diamante & Perla;Dusknoir;2/130
Diamante & Perla;Electivire;3/130
Diamante & Perla;Empoleon;4/130
Diamante & Perla;Infernape;5/130
Diamante & Perla;Lucario;6/130
Diamante & Perla;Luxray;7/130
Diamante & Perla;Magnezone;8/130
Diamante & Perla;Manaphy;9/130
Diamante & Perla;Mismagius;10/130
Diamante & Perla;Palkia;11/130
Diamante & Perla;Rhyperior;12/130
Diamante & Perla;Roserade;13/130
Diamante & Perla;Shiftry;14/130
Diamante & Perla;Skuntank;15/130
Diamante & Perla;Staraptor;16/130
Diamante & Perla;Torterra;17/130
Diamante & Perla;Azumarill;18/130
Diamante & Perla;Beautifly;19/130
Diamante & Perla;Bibarel;20/130
Diamante & Perla;Carnivine;21/130
Diamante & Perla;Clefable;22/130
Diamante & Perla;Drapion;23/130
Diamante & Perla;Drifblim;24/130
Diamante & Perla;Dustox;25/130
Diamante & Perla;Floatzel;26/130
Diamante & Perla;Gengar;27/130
Diamante & Perla;Heracross;28/130
Diamante & Perla;Hippowdon;29/130
Diamante & Perla;Lopunny;30/130
Diamante & Perla;Machamp;31/130
Diamante & Perla;Medicham;32/130
Diamante & Perla;Munchlax;33/130
Diamante & Perla;Noctowl;34/130
Diamante & Perla;Pachirisu;35/130
Diamante & Perla;Purugly;36/130
Diamante & Perla;Snorlax;37/130
Diamante & Perla;Steelix;38/130
Diamante & Perla;Vespiquen;39/130
Diamante & Perla;Weavile;40/130
Diamante & Perla;Wobbuffet;41/130
Diamante & Perla;Wynaut;42/130
Diamante & Perla;Budew;43/130
Diamante & Perla;Cascoon;44/130
Diamante & Perla;Cherrim;45/130
Diamante & Perla;Drifloon;46/130
Diamante & Perla;Dusclops;47/130
Diamante & Perla;Elekid;48/130
Diamante & Perla;Grotle;49/130
Diamante & Perla;Haunter;50/130
Diamante & Perla;Hippopotas;51/130
Diamante & Perla;Luxio;52/130
Diamante & Perla;Machoke;53/130
Diamante & Perla;Magneton;54/130
Diamante & Perla;Mantyke;55/130
Diamante & Perla;Monferno;56/130
Diamante & Perla;Nuzleaf;57/130
Diamante & Perla;Prinplup;58/130
Diamante & Perla;Rapidash;59/130
Diamante & Perla;Rhydon;60/130
Diamante & Perla;Riolu;61/130
Diamante & Perla;Seaking;62/130
Diamante & Perla;Silcoon;63/130
Diamante & Perla;Staravia;64/130
Diamante & Perla;Unown A;65/130
Diamante & Perla;Unown B;66/130
Diamante & Perla;Unown C;67/130
Diamante & Perla;Unown D;68/130
Diamante & Perla;Azurill;69/130
Diamante & Perla;Bidoof;70/130
Diamante & Perla;Bonsly;71/130
Diamante & Perla;Buizel;72/130
Diamante & Perla;Buneary;73/130
Diamante & Perla;Chatot;74/130
Diamante & Perla;Cherubi;75/130
Diamante & Perla;Chimchar;76/130
Diamante & Perla;Clefairy;77/130
Diamante & Perla;Cleffa;78/130
Diamante & Perla;Combee;79/130
Diamante & Perla;Duskull;80/130
Diamante & Perla;Electabuzz;81/130
Diamante & Perla;Gastly;82/130
Diamante & Perla;Glameow;83/130
Diamante & Perla;Goldeen;84/130
Diamante & Perla;Hoothoot;85/130
Diamante & Perla;Machop;86/130
Diamante & Perla;Magnemite;87/130
Diamante & Perla;Marill;88/130
Diamante & Perla;Meditite;89/130
Diamante & Perla;Mime Jr.;90/130
Diamante & Perla;Misdreavus;91/130
Diamante & Perla;Onix;92/130
Diamante & Perla;Piplup;93/130
Diamante & Perla;Ponyta;94/130
Diamante & Perla;Rhyhorn;95/130
Diamante & Perla;Roselia;96/130
Diamante & Perla;Seedot;97/130
Diamante & Perla;Shinx;98/130
Diamante & Perla;Skorupi;99/130
Diamante & Perla;Sneasel;100/130
Diamante & Perla;Starly;101/130
Diamante & Perla;Stunky;102/130
Diamante & Perla;Turtwig;103/130
Diamante & Perla;Wurmple;104/130
Diamante & Perla;Doppio Recupero Totale;105/130
Diamante & Perla;Ripristina Energia;106/130
Diamante & Perla;Scambio di Energia;107/130
Diamante & Perla;Centro Pok mon Notturno;108/130
Diamante & Perla;PlusPotenza;109/130
Diamante & Perla;Pok Ball;110/130
Diamante & Perla;Pokedex HANDY910is;111/130
Diamante & Perla;Professor Rowan;112/130
Diamante & Perla;Rivale;113/130
Diamante & Perla;RapiStadio;114/130
Diamante & Perla;Super Recupero;115/130
Diamante & Perla;Punto di Curvatura;116/130
Diamante & Perla;Ricerca di Energia;117/130
Diamante & Perla;Pozione Magica;118/130
Diamante & Perla;Scambio;119/130
Diamante & Perla;Empoleon LIV.X;120/130
Diamante & Perla;Infernape LIV.X;121/130
Diamante & Perla;Torterra LIV.X;122/130
Diamante & Perla;Energia Erba;123/130
Diamante & Perla;Energia Fuoco;124/130
Diamante & Perla;Energia Acqua;125/130
Diamante & Perla;Energia Lampo;126/130
Diamante & Perla;Energia Psiche;127/130
Diamante & Perla;Energia Combattimento;128/130
Diamante & Perla;Energia Oscurit;129/130
Diamante & Perla;Energia Metallo;130/130
ENG - Set Base;Alakazam;1/102
ENG - Set Base;Blastoise;2/102
ENG - Set Base;Chansey;3/102
ENG - Set Base;Charizard;4/102
ENG - Set Base;Clefairy;5/102
ENG - Set Base;Gyarados;6/102
ENG - Set Base;Hitmonchan;7/102
ENG - Set Base;Machamp;8/102
ENG - Set Base;Magneton;9/102
ENG - Set Base;Mewtwo;10/102
ENG - Set Base;Nidoking;11/102
ENG - Set Base;Ninetales;12/102
ENG - Set Base;Poliwrath;13/102
ENG - Set Base;Raichu;14/102
ENG - Set Base;Venusaur;15/102
ENG - Set Base;Zapdos;16/102
ENG - Set Base;Beedrill;17/102
ENG - Set Base;Dragonair;18/102
ENG - Set Base;Dugtrio;19/102
ENG - Set Base;Electabuzz;20/102
ENG - Set Base;Electrode;21/102
ENG - Set Base;Pidgeotto;22/102
ENG - Set Base;Arcanine;23/102
ENG - Set Base;Charmeleon;24/102
ENG - Set Base;Dewgong;25/102
ENG - Set Base;Dratini;26/102
ENG - Set Base;Farfetch'd;27/102
ENG - Set Base;Growlithe;28/102
ENG - Set Base;Haunter;29/102
ENG - Set Base;Ivysaur;30/102
ENG - Set Base;Jynx;31/102
ENG - Set Base;Kadabra;32/102
ENG - Set Base;Kakuna;33/102
ENG - Set Base;Machoke;34/102
ENG - Set Base;Magikarp;35/102
ENG - Set Base;Magmar;36/102
ENG - Set Base;Nidorino;37/102
ENG - Set Base;Poliwhirl;38/102
ENG - Set Base;Porygon;39/102
ENG - Set Base;Raticate;40/102
ENG - Set Base;Seel;41/102
ENG - Set Base;Wartortle;42/102
ENG - Set Base;Abra;43/102
ENG - Set Base;Bulbasaur;44/102
ENG - Set Base;Caterpie;45/102
ENG - Set Base;Charmander;46/102
ENG - Set Base;Diglett;47/102
ENG - Set Base;Doduo;48/102
ENG - Set Base;Drowzee;49/102
ENG - Set Base;Gastly;50/102
ENG - Set Base;Koffing;51/102
ENG - Set Base;Machop;52/102
ENG - Set Base;Magnemite;53/102
ENG - Set Base;Metapod;54/102
ENG - Set Base;Nidoran?;55/102
ENG - Set Base;Onix;56/102
ENG - Set Base;Pidgey;57/102
ENG - Set Base;Pikachu;58/102
ENG - Set Base;Poliwag;59/102
ENG - Set Base;Ponyta;60/102
ENG - Set Base;Rattata;61/102
ENG - Set Base;Sandshrew;62/102
ENG - Set Base;Squirtle;63/102
ENG - Set Base;Starmie;64/102
ENG - Set Base;Staryu;65/102
ENG - Set Base;Tangela;66/102
ENG - Set Base;Voltorb;67/102
ENG - Set Base;Vulpix;68/102
ENG - Set Base;Weedle;69/102
ENG - Set Base;Clefairy Doll;70/102
ENG - Set Base;Ricerca Computerizzata;71/102
ENG - Set Base;Getto di Involuzione;72/102
ENG - Set Base;Professor Oak, l'impostore;73/102
ENG - Set Base;Oggetti Smarriti;74/102
ENG - Set Base;Pupa;75/102
ENG - Set Base;Allevatore di Pok mon;76/102
ENG - Set Base;Scambio di Pok mon;77/102
ENG - Set Base;Recupero;78/102
ENG - Set Base;Super;79/102
ENG - Set Base;Difensore;80/102
ENG - Set Base;Recupero di Energia;81/102
ENG - Set Base;Recupero Totale;82/102
ENG - Set Base;Manutenzione;83/102
ENG - Set Base;PlusPotenza;84/102
ENG - Set Base;Centro Pok mon;85/102
ENG - Set Base;Pok Flauto;86/102
ENG - Set Base;Pok dex;87/102
ENG - Set Base;Professor Oak;88/102
ENG - Set Base;Revitalizzazione;89/102
ENG - Set Base;Super Pozione Magica;90/102
ENG - Set Base;Bill;91/102
ENG - Set Base;Distruzione di Energia;92/102
ENG - Set Base;Ventata;93/102
ENG - Set Base;Pozione Magica;94/102
ENG - Set Base;Scambio;95/102
ENG - Set Base;Energia Incolore Doppia;96/102
ENG - Set Base;Energia Combattimento;97/102
ENG - Set Base;Energia Fuoco;98/102
ENG - Set Base;Energia Erba;99/102
ENG - Set Base;Energia Lampo;100/102
ENG - Set Base;Energia Psiche;101/102
ENG - Set Base;Energia Acqua;102/102
EX Deoxys;Altaria;1/107
EX Deoxys;Beautifly;2/107
EX Deoxys;Breloom;3/107
EX Deoxys;Camerupt;4/107
EX Deoxys;Claydol;5/107
EX Deoxys;Crawdaunt;6/107
EX Deoxys;Dusclops;7/107
EX Deoxys;Gyarados;8/107
EX Deoxys;Jirachi;9/107
EX Deoxys;Ludicolo;10/107
EX Deoxys;Metagross;11/107
EX Deoxys;Mightyena;12/107
EX Deoxys;Ninjask;13/107
EX Deoxys;Shedinja;14/107
EX Deoxys;Slaking;15/107
EX Deoxys;Deoxys [Normale];16/107
EX Deoxys;Deoxys [Attacco];17/107
EX Deoxys;Deoxys [Difesa];18/107
EX Deoxys;Ludicolo;19/107
EX Deoxys;Magcargo;20/107
EX Deoxys;Pelipper;21/107
EX Deoxys;Rayquaza;22/107
EX Deoxys;Sableye;23/107
EX Deoxys;Seaking;24/107
EX Deoxys;Shiftry;25/107
EX Deoxys;Skarmory;26/107
EX Deoxys;Tropius;27/107
EX Deoxys;Whiscash;28/107
EX Deoxys;Xatu;29/107
EX Deoxys;Donphan;30/107
EX Deoxys;Golbat;31/107
EX Deoxys;Grumpig;32/107
EX Deoxys;Lombre;33/107
EX Deoxys;Lombre;34/107
EX Deoxys;Lotad;35/107
EX Deoxys;Lunatone;36/107
EX Deoxys;Magcargo;37/107
EX Deoxys;Manectric;38/107
EX Deoxys;Masquerain;39/107
EX Deoxys;Metang;40/107
EX Deoxys;Minun;41/107
EX Deoxys;Nosepass;42/107
EX Deoxys;Nuzleaf;43/107
EX Deoxys;Plusle;44/107
EX Deoxys;Shelgon;45/107
EX Deoxys;Silcoon;46/107
EX Deoxys;Solrock;47/107
EX Deoxys;Starmie;48/107
EX Deoxys;Swellow;49/107
EX Deoxys;Vigoroth;50/107
EX Deoxys;Weezing;51/107
EX Deoxys;Bagon;52/107
EX Deoxys;Baltoy;53/107
EX Deoxys;Barboach;54/107
EX Deoxys;Beldum;55/107
EX Deoxys;Carvanha;56/107
EX Deoxys;Corphish;57/107
EX Deoxys;Duskull;58/107
EX Deoxys;Electrike;59/107
EX Deoxys;Electrike;60/107
EX Deoxys;Goldeen;61/107
EX Deoxys;Koffing;62/107
EX Deoxys;Lotad;63/107
EX Deoxys;Magikarp;64/107
EX Deoxys;Makuhita;65/107
EX Deoxys;Natu;66/107
EX Deoxys;Nincada;67/107
EX Deoxys;Numel;68/107
EX Deoxys;Phanpy;69/107
EX Deoxys;Poochyena;70/107
EX Deoxys;Seedot;71/107
EX Deoxys;Shroomish;72/107
EX Deoxys;Slakoth;73/107
EX Deoxys;Slugma;74/107
EX Deoxys;Slugma;75/107
EX Deoxys;Spoink;76/107
EX Deoxys;Staryu;77/107
EX Deoxys;Surskit;78/107
EX Deoxys;Swablu;79/107
EX Deoxys;Taillow;80/107
EX Deoxys;Wingull;81/107
EX Deoxys;Wurmple;82/107
EX Deoxys;Zubat;83/107
EX Deoxys;Bacca Pallone;84/107
EX Deoxys;Frammento Cristallino;85/107
EX Deoxys;Carica Energetica;86/107
EX Deoxys;Lady Outing;87/107
EX Deoxys;Master Ball;88/107
EX Deoxys;Cascate Meteora;89/107
EX Deoxys;Scoperta del Professor Cosmi;90/107
EX Deoxys;Centro Spaziale;91/107
EX Deoxys;Malia della Forza;92/107
EX Deoxys;Energia Extra;93/107
EX Deoxys;Energia Recupero;94/107
EX Deoxys;Energia Caotica;95/107
EX Deoxys;Crobat ex;96/107
EX Deoxys;Deoxys ex [Normale];97/107
EX Deoxys;Deoxys ex [Attacco];98/107
EX Deoxys;Deoxys ex [Difesa];99/107
EX Deoxys;Hariyama ex;100/107
EX Deoxys;Manectric ex;101/107
EX Deoxys;Rayquaza ex;102/107
EX Deoxys;Salamence ex;103/107
EX Deoxys;Sharpedo ex;104/107
EX Deoxys;Latias;105/107
EX Deoxys;Latios;106/107
EX Deoxys;Rayquaza;107/107
EX Deoxys;Rocket Raikou ex;108/107
EX Drago;Absol;1/97
EX Drago;Altaria;2/97
EX Drago;Crawdaunt;3/97
EX Drago;Flygon;4/97
EX Drago;Golem;5/97
EX Drago;Grumpig;6/97
EX Drago;Minun;7/97
EX Drago;Plusle;8/97
EX Drago;Roselia;9/97
EX Drago;Salamence;10/97
EX Drago;Shedinja;11/97
EX Drago;Torkoal;12/97
EX Drago;Crawdaunt;13/97
EX Drago;Dragonair;14/97
EX Drago;Flygon;15/97
EX Drago;Girafarig;16/97
EX Drago;Magneton;17/97
EX Drago;Ninjask;18/97
EX Drago;Salamence;19/97
EX Drago;Shelgon;20/97
EX Drago;Skarmory;21/97
EX Drago;Vibrava;22/97
EX Drago;Bagon;23/97
EX Drago;Camerupt;24/97
EX Drago;Combusken;25/97
EX Drago;Dratini;26/97
EX Drago;Flaaffy;27/97
EX Drago;Forretress;28/97
EX Drago;Graveler;29/97
EX Drago;Graveler;30/97
EX Drago;Grovyle;31/97
EX Drago;Gyarados;32/97
EX Drago;Horsea;33/97
EX Drago;Houndoom;34/97
EX Drago;Magneton;35/97
EX Drago;Marshtomp;36/97
EX Drago;Meditite;37/97
EX Drago;Ninjask;38/97
EX Drago;Seadra;39/97
EX Drago;Seadra;40/97
EX Drago;Shelgon;41/97
EX Drago;Shelgon;42/97
EX Drago;Shuppet;43/97
EX Drago;Snorunt;44/97
EX Drago;Swellow;45/97
EX Drago;Vibrava;46/97
EX Drago;Vibrava;47/97
EX Drago;Whiscash;48/97
EX Drago;Bagon;49/97
EX Drago;Bagon;50/97
EX Drago;Barboach;51/97
EX Drago;Corphish;52/97
EX Drago;Corphish;53/97
EX Drago;Corphish;54/97
EX Drago;Geodude;55/97
EX Drago;Geodude;56/97
EX Drago;Grimer;57/97
EX Drago;Horsea;58/97
EX Drago;Houndour;59/97
EX Drago;Magikarp;60/97
EX Drago;Magnemite;61/97
EX Drago;Magnemite;62/97
EX Drago;Magnemite;63/97
EX Drago;Mareep;64/97
EX Drago;Mudkip;65/97
EX Drago;Nincada;66/97
EX Drago;Nincada;67/97
EX Drago;Nincada;68/97
EX Drago;Numel;69/97
EX Drago;Numel;70/97
EX Drago;Pineco;71/97
EX Drago;Slugma;72/97
EX Drago;Spoink;73/97
EX Drago;Spoink;74/97
EX Drago;Swablu;75/97
EX Drago;Taillow;76/97
EX Drago;Torchic;77/97
EX Drago;Trapinch;78/97
EX Drago;Trapinch;79/97
EX Drago;Treecko;80/97
EX Drago;Wurmple;81/97
EX Drago;Bacca Pallone;82/97
EX Drago;Paracolpi;83/97
EX Drago;Sistema di Riciclo dell'Energia;84/97
EX Drago;Sistema di Alta Pressione;85/97
EX Drago;Sistema di Bassa Pressione;86/97
EX Drago;Compassione del Sig. Marino;87/97
EX Drago;Reporter Televisivo;88/97
EX Drago;Ampharos ex;89/97
EX Drago;Dragonite ex;90/97
EX Drago;Golem ex;91/97
EX Drago;Kingdra ex;92/97
EX Drago;Latias ex;93/97
EX Drago;Latios ex;94/97
EX Drago;Magcargo ex;95/97
EX Drago;Muk ex;96/97
EX Drago;Rayquaza ex;97/97
EX Drago;Charmander;98/97
EX Drago;Charmeleon;99/97
EX Drago;Charizard;100/97
EX Fantasmi di Holon;Armaldo ?;1/110
EX Fantasmi di Holon;Cradily ?;2/110
EX Fantasmi di Holon;Deoxys ? [Attacco];3/110
EX Fantasmi di Holon;Deoxys ? [Difesa];4/110
EX Fantasmi di Holon;Deoxys ? [Normale];5/110
EX Fantasmi di Holon;Deoxys ? [Velocit ];6/110
EX Fantasmi di Holon;Flygon ?;7/110
EX Fantasmi di Holon;Gyarados ?;8/110
EX Fantasmi di Holon;Kabutops ?;9/110
EX Fantasmi di Holon;Kingdra ?;10/110
EX Fantasmi di Holon;Latias ?;11/110
EX Fantasmi di Holon;Latios ?;12/110
EX Fantasmi di Holon;Omastar ?;13/110
EX Fantasmi di Holon;Pidgeot ?;14/110
EX Fantasmi di Holon;Raichu ?;15/110
EX Fantasmi di Holon;Rayquaza ?;16/110
EX Fantasmi di Holon;Vileplume ?;17/110
EX Fantasmi di Holon;Absol;18/110
EX Fantasmi di Holon;Bellossom ?;19/110
EX Fantasmi di Holon;Blaziken;20/110
EX Fantasmi di Holon;Latias ?;21/110
EX Fantasmi di Holon;Latios ?;22/110
EX Fantasmi di Holon;Mawile;23/110
EX Fantasmi di Holon;Mewtwo ?;24/110
EX Fantasmi di Holon;Nosepass;25/110
EX Fantasmi di Holon;Rayquaza ?;26/110
EX Fantasmi di Holon;Regice;27/110
EX Fantasmi di Holon;Regirock;28/110
EX Fantasmi di Holon;Registeel;29/110
EX Fantasmi di Holon;Relicanth;30/110
EX Fantasmi di Holon;Sableye;31/110
EX Fantasmi di Holon;Seviper;32/110
EX Fantasmi di Holon;Torkoal;33/110
EX Fantasmi di Holon;Zangoose;34/110
EX Fantasmi di Holon;Aerodactyl ?;35/110
EX Fantasmi di Holon;Camerupt;36/110
EX Fantasmi di Holon;Chimecho ?;37/110
EX Fantasmi di Holon;Claydol;38/110
EX Fantasmi di Holon;Combusken;39/110
EX Fantasmi di Holon;Donphan;40/110
EX Fantasmi di Holon;Exeggutor ?;41/110
EX Fantasmi di Holon;Gloom ?;42/110
EX Fantasmi di Holon;Golduck ?;43/110
EX Fantasmi di Holon;Holon Castform;44/110
EX Fantasmi di Holon;Lairon;45/110
EX Fantasmi di Holon;Manectric;46/110
EX Fantasmi di Holon;Masquerain;47/110
EX Fantasmi di Holon;Persian ?;48/110
EX Fantasmi di Holon;Pidgeotto ?;49/110
EX Fantasmi di Holon;Primeape ?;50/110
EX Fantasmi di Holon;Raichu;51/110
EX Fantasmi di Holon;Seadra ?;52/110
EX Fantasmi di Holon;Sharpedo ?;53/110
EX Fantasmi di Holon;Vibrava ?;54/110
EX Fantasmi di Holon;Whiscash;55/110
EX Fantasmi di Holon;Wobbuffet;56/110
EX Fantasmi di Holon;Anorith ?;57/110
EX Fantasmi di Holon;Aron;58/110
EX Fantasmi di Holon;Baltoy;59/110
EX Fantasmi di Holon;Barboach;60/110
EX Fantasmi di Holon;Carvanha ?;61/110
EX Fantasmi di Holon;Corphish;62/110
EX Fantasmi di Holon;Corphish;63/110
EX Fantasmi di Holon;Electrike;64/110
EX Fantasmi di Holon;Exeggcute ?;65/110
EX Fantasmi di Holon;Horsea ?;66/110
EX Fantasmi di Holon;Kabuto ?;67/110
EX Fantasmi di Holon;Lileep ?;68/110
EX Fantasmi di Holon;Magikarp ?;69/110
EX Fantasmi di Holon;Mankey ?;70/110
EX Fantasmi di Holon;Meowth ?;71/110
EX Fantasmi di Holon;Numel;72/110
EX Fantasmi di Holon;Oddish ?;73/110
EX Fantasmi di Holon;Omanyte ?;74/110
EX Fantasmi di Holon;Phanpy;75/110
EX Fantasmi di Holon;Pichu ?;76/110
EX Fantasmi di Holon;Pidgey ?;77/110
EX Fantasmi di Holon;Pikachu;78/110
EX Fantasmi di Holon;Pikachu ?;79/110
EX Fantasmi di Holon;Poochyena;80/110
EX Fantasmi di Holon;Psyduck ?;81/110
EX Fantasmi di Holon;Surskit;82/110
EX Fantasmi di Holon;Torchic;83/110
EX Fantasmi di Holon;Trapinch ?;84/110
EX Fantasmi di Holon;Avventuriero di Holon;85/110
EX Fantasmi di Holon;Fossile di Holon;86/110
EX Fantasmi di Holon;Lago di Holon;87/110
EX Fantasmi di Holon;Progetto del Sig. Petri;88/110
EX Fantasmi di Holon;Scoperta del Professor Cosmi;89/110
EX Fantasmi di Holon;Caramella Rara;90/110
EX Fantasmi di Holon;Artiglio Fossile;91/110
EX Fantasmi di Holon;Fossile Misterioso;92/110
EX Fantasmi di Holon;Radice Fossile;93/110
EX Fantasmi di Holon;Energia Oscurit;94/110
EX Fantasmi di Holon;Energia Metallo;95/110
EX Fantasmi di Holon;Multienergia;96/110
EX Fantasmi di Holon;Energia Oscurit Metallo;97/110
EX Fantasmi di Holon;Energia Arcobaleno ?;98/110
EX Fantasmi di Holon;Crawdaunt ex;99/110
EX Fantasmi di Holon;Mew ex;100/110
EX Fantasmi di Holon;Mightyena ex;101/110
EX Fantasmi di Holon;Gyarados ?;102/110
EX Fantasmi di Holon;Mewtwo;103/110
EX Fantasmi di Holon;Pikachu;104/110
EX Fantasmi di Holon;Energia Erba;105/110
EX Fantasmi di Holon;Energia Fuoco;106/110
EX Fantasmi di Holon;Energia Acqua;107/110
EX Fantasmi di Holon;Energia Lampo;108/110
EX Fantasmi di Holon;Energia Psiche;109/110
EX Fantasmi di Holon;Energia Lotta;110/110
EX Fantasmi di Holon;Mew;111/110
EX Forze Segrete;Ampharos;1/115
EX Forze Segrete;Ariados;2/115
EX Forze Segrete;Bellossom;3/115
EX Forze Segrete;Feraligatr;4/115
EX Forze Segrete;Flareon;5/115
EX Forze Segrete;Forretress;6/115
EX Forze Segrete;Houndoom;7/115
EX Forze Segrete;Jolteon;8/115
EX Forze Segrete;Meganium;9/115
EX Forze Segrete;Octillery;10/115
EX Forze Segrete;Poliwrath;11/115
EX Forze Segrete;Porygon2;12/115
EX Forze Segrete;Slowbro;13/115
EX Forze Segrete;Slowking;14/115
EX Forze Segrete;Sudowoodo;15/115
EX Forze Segrete;Sunflora;16/115
EX Forze Segrete;Typhlosion;17/115
EX Forze Segrete;Ursaring;18/115
EX Forze Segrete;Vaporeon;19/115
EX Forze Segrete;Chansey;20/115
EX Forze Segrete;Cleffa;21/115
EX Forze Segrete;Electabuzz;22/115
EX Forze Segrete;Elekid;23/115
EX Forze Segrete;Hitmonchan;24/115
EX Forze Segrete;Hitmonlee;25/115
EX Forze Segrete;Hitmontop;26/115
EX Forze Segrete;Ho;27/115
EX Forze Segrete;Jynx;28/115
EX Forze Segrete;Lugia;29/115
EX Forze Segrete;Murkrow;30/115
EX Forze Segrete;Smoochum;31/115
EX Forze Segrete;Stantler;32/115
EX Forze Segrete;Tyrogue;33/115
EX Forze Segrete;Aipom;34/115
EX Forze Segrete;Bayleef;35/115
EX Forze Segrete;Clefable;36/115
EX Forze Segrete;Corsola;37/115
EX Forze Segrete;Croconaw;38/115
EX Forze Segrete;Granbull;39/115
EX Forze Segrete;Lanturn;40/115
EX Forze Segrete;Magcargo;41/115
EX Forze Segrete;Miltank;42/115
EX Forze Segrete;Noctowl;43/115
EX Forze Segrete;Quagsire;44/115
EX Forze Segrete;Quilava;45/115
EX Forze Segrete;Scyther;46/115
EX Forze Segrete;Shuckle;47/115
EX Forze Segrete;Smeargle;48/115
EX Forze Segrete;Xatu;49/115
EX Forze Segrete;Yanma;50/115
EX Forze Segrete;Chikorita;51/115
EX Forze Segrete;Chinchou;52/115
EX Forze Segrete;Clefairy;53/115
EX Forze Segrete;Cyndaquil;54/115
EX Forze Segrete;Eevee;55/115
EX Forze Segrete;Flaaffy;56/115
EX Forze Segrete;Gligar;57/115
EX Forze Segrete;Gloom;58/115
EX Forze Segrete;Hoothoot;59/115
EX Forze Segrete;Houndour;60/115
EX Forze Segrete;Larvitar;61/115
EX Forze Segrete;Mareep;62/115
EX Forze Segrete;Natu;63/115
EX Forze Segrete;Oddish;64/115
EX Forze Segrete;Onix;65/115
EX Forze Segrete;Pineco;66/115
EX Forze Segrete;Poliwag;67/115
EX Forze Segrete;Poliwhirl;68/115
EX Forze Segrete;Porygon;69/115
EX Forze Segrete;Pupitar;70/115
EX Forze Segrete;Remoraid;71/115
EX Forze Segrete;Slowpoke;72/115
EX Forze Segrete;Slugma;73/115
EX Forze Segrete;Snubbull;74/115
EX Forze Segrete;Spinarak;75/115
EX Forze Segrete;Sunkern;76/115
EX Forze Segrete;Teddiursa;77/115
EX Forze Segrete;Totodile;78/115
EX Forze Segrete;Wooper;79/115
EX Forze Segrete;Polvere della Maledizione;80/115
EX Forze Segrete;Sistema di Riciclo dell'Energia;81/115
EX Forze Segrete;Rimozione di Energia 2;82/115
EX Forze Segrete;Radice Energetica;83/115
EX Forze Segrete;Scambio di Energia;84/115
EX Forze Segrete;Bacca Dentedileone;85/115
EX Forze Segrete;Richiesta di Lori;86/115
EX Forze Segrete;Pok Ball;87/115
EX Forze Segrete;Contropiede Pok mon;88/115
EX Forze Segrete;Sistema d'Allenamento del Prof. Elm;89/115
EX Forze Segrete;Protettisfera;90/115
EX Forze Segrete;Baccacedro;91/115
EX Forze Segrete;Ira Solida;92/115
EX Forze Segrete;Punto di Curvatura;93/115
EX Forze Segrete;Ricerca di Energia;94/115
EX Forze Segrete;Pozione;95/115
EX Forze Segrete;Energia Oscurit;96/115
EX Forze Segrete;Energia Metallo;97/115
EX Forze Segrete;Energia Extra;98/115
EX Forze Segrete;Energia Ciclonica;99/115
EX Forze Segrete;Energia Curvatura;100/115
EX Forze Segrete;Blissey ex;101/115
EX Forze Segrete;Espeon ex;102/115
EX Forze Segrete;Feraligatr ex;103/115
EX Forze Segrete;Ho;104/115
EX Forze Segrete;Lugia ex;105/115
EX Forze Segrete;Meganium ex;106/115
EX Forze Segrete;Politoed ex;107/115
EX Forze Segrete;Scizor ex;108/115
EX Forze Segrete;Steelix ex;109/115
EX Forze Segrete;Typhlosion ex;110/115
EX Forze Segrete;Tyranitar ex;111/115
EX Forze Segrete;Umbreon ex;112/115
EX Forze Segrete;Entei;113/115
EX Forze Segrete;Raikou;114/115
EX Forze Segrete;Suicune;115/115
EX Forze Segrete;Rocket Persian ex;116/115
EX Forze Segrete;Celebi ex;117/115
EX Guardiani dei Cristalli;Banette;1/100
EX Guardiani dei Cristalli;Blastoise ?;2/100
EX Guardiani dei Cristalli;Camerupt;3/100
EX Guardiani dei Cristalli;Charizard ?;4/100
EX Guardiani dei Cristalli;Dugtrio;5/100
EX Guardiani dei Cristalli;Ludicolo ?;6/100
EX Guardiani dei Cristalli;Luvdisc;7/100
EX Guardiani dei Cristalli;Manectric;8/100
EX Guardiani dei Cristalli;Mawile;9/100
EX Guardiani dei Cristalli;Sableye;10/100
EX Guardiani dei Cristalli;Swalot;11/100
EX Guardiani dei Cristalli;Tauros;12/100
EX Guardiani dei Cristalli;Wigglytuff;13/100
EX Guardiani dei Cristalli;Blastoise;14/100
EX Guardiani dei Cristalli;Cacturne ?;15/100
EX Guardiani dei Cristalli;Combusken;16/100
EX Guardiani dei Cristalli;Dusclops;17/100
EX Guardiani dei Cristalli;Fearow ?;18/100
EX Guardiani dei Cristalli;Grovyle ?;19/100
EX Guardiani dei Cristalli;Grumpig;20/100
EX Guardiani dei Cristalli;Igglybuff;21/100
EX Guardiani dei Cristalli;Kingler ?;22/100
EX Guardiani dei Cristalli;Loudred;23/100
EX Guardiani dei Cristalli;Marshtomp;24/100
EX Guardiani dei Cristalli;Medicham;25/100
EX Guardiani dei Cristalli;Pelipper ?;26/100
EX Guardiani dei Cristalli;Swampert;27/100
EX Guardiani dei Cristalli;Venusaur;28/100
EX Guardiani dei Cristalli;Charmeleon;29/100
EX Guardiani dei Cristalli;Charmeleon ?;30/100
EX Guardiani dei Cristalli;Combusken;31/100
EX Guardiani dei Cristalli;Grovyle;32/100
EX Guardiani dei Cristalli;Gulpin;33/100
EX Guardiani dei Cristalli;Ivysaur;34/100
EX Guardiani dei Cristalli;Ivysaur;35/100
EX Guardiani dei Cristalli;Lairon;36/100
EX Guardiani dei Cristalli;Lombre;37/100
EX Guardiani dei Cristalli;Marshtomp;38/100
EX Guardiani dei Cristalli;Nuzleaf;39/100
EX Guardiani dei Cristalli;Shuppet;40/100
EX Guardiani dei Cristalli;Skitty;41/100
EX Guardiani dei Cristalli;Wartortle;42/100
EX Guardiani dei Cristalli;Wartortle;43/100
EX Guardiani dei Cristalli;Aron;44/100
EX Guardiani dei Cristalli;Bulbasaur;45/100
EX Guardiani dei Cristalli;Bulbasaur;46/100
EX Guardiani dei Cristalli;Cacnea;47/100
EX Guardiani dei Cristalli;Charmander;48/100
EX Guardiani dei Cristalli;Charmander ?;49/100
EX Guardiani dei Cristalli;Diglett;50/100
EX Guardiani dei Cristalli;Duskull;51/100
EX Guardiani dei Cristalli;Electrike;52/100
EX Guardiani dei Cristalli;Jigglypuff;53/100
EX Guardiani dei Cristalli;Krabby;54/100
EX Guardiani dei Cristalli;Lotad;55/100
EX Guardiani dei Cristalli;Meditite;56/100
EX Guardiani dei Cristalli;Mudkip;57/100
EX Guardiani dei Cristalli;Mudkip;58/100
EX Guardiani dei Cristalli;Numel;59/100
EX Guardiani dei Cristalli;Seedot;60/100
EX Guardiani dei Cristalli;Spearow;61/100
EX Guardiani dei Cristalli;Spoink;62/100
EX Guardiani dei Cristalli;Squirtle;63/100
EX Guardiani dei Cristalli;Squirtle;64/100
EX Guardiani dei Cristalli;Torchic;65/100
EX Guardiani dei Cristalli;Torchic;66/100
EX Guardiani dei Cristalli;Treecko;67/100
EX Guardiani dei Cristalli;Treecko ?;68/100
EX Guardiani dei Cristalli;Whismur;69/100
EX Guardiani dei Cristalli;Wingull;70/100
EX Guardiani dei Cristalli;Sostegno di Bill;71/100
EX Guardiani dei Cristalli;Naufrago;72/100
EX Guardiani dei Cristalli;Network di Celio;73/100
EX Guardiani dei Cristalli;Cristallo Bloccante;74/100
EX Guardiani dei Cristalli;Spiaggia dei Cristalli;75/100
EX Guardiani dei Cristalli;Frammento Cristallino;76/100
EX Guardiani dei Cristalli;Doppio Recupero Totale;77/100
EX Guardiani dei Cristalli;Palla Doppia;78/100
EX Guardiani dei Cristalli;Cerchio di Holon;79/100
EX Guardiani dei Cristalli;Bacca Memoria;80/100
EX Guardiani dei Cristalli;Frammento Misterioso;81/100
EX Guardiani dei Cristalli;Pok Ball;82/100
EX Guardiani dei Cristalli;Pok Nav;83/100
EX Guardiani dei Cristalli;Punto di Curvatura;84/100
EX Guardiani dei Cristalli;Tempesta di Vento;85/100
EX Guardiani dei Cristalli;Ricerca di Energia;86/100
EX Guardiani dei Cristalli;Pozione Magica;87/100
EX Guardiani dei Cristalli;Duplice Energia Arcobaleno;88/100
EX Guardiani dei Cristalli;Aggron ex;89/100
EX Guardiani dei Cristalli;Blaziken ex;90/100
EX Guardiani dei Cristalli;Delcatty ex;91/100
EX Guardiani dei Cristalli;Exploud ex;92/100
EX Guardiani dei Cristalli;Groudon ex;93/100
EX Guardiani dei Cristalli;Jirachi ex;94/100
EX Guardiani dei Cristalli;Kyogre ex;95/100
EX Guardiani dei Cristalli;Sceptile ex ?;96/100
EX Guardiani dei Cristalli;Shiftry ex;97/100
EX Guardiani dei Cristalli;Swampert ex;98/100
EX Guardiani dei Cristalli;Alakazam;99/100
EX Guardiani dei Cristalli;Celebi;100/100
EX L'Isola dei Draghi;Ampharos ?;1/101
EX L'Isola dei Draghi;Feraligatr ?;2/101
EX L'Isola dei Draghi;Heracross ?;3/101
EX L'Isola dei Draghi;Meganium ?;4/101
EX L'Isola dei Draghi;Milotic ?;5/101
EX L'Isola dei Draghi;Nidoking ?;6/101
EX L'Isola dei Draghi;Nidoqueen ?;7/101
EX L'Isola dei Draghi;Ninetales ?;8/101
EX L'Isola dei Draghi;Pinsir ?;9/101
EX L'Isola dei Draghi;Snorlax ?;10/101
EX L'Isola dei Draghi;Togetic ?;11/101
EX L'Isola dei Draghi;Typhlosion ?;12/101
EX L'Isola dei Draghi;Arbok ?;13/101
EX L'Isola dei Draghi;Cloyster ?;14/101
EX L'Isola dei Draghi;Dewgong ?;15/101
EX L'Isola dei Draghi;Gligar ?;16/101
EX L'Isola dei Draghi;Jynx ?;17/101
EX L'Isola dei Draghi;Ledian ?;18/101
EX L'Isola dei Draghi;Lickitung ?;19/101
EX L'Isola dei Draghi;Mantine ?;20/101
EX L'Isola dei Draghi;Quagsire ?;21/101
EX L'Isola dei Draghi;Seadra ?;22/101
EX L'Isola dei Draghi;Tropius ?;23/101
EX L'Isola dei Draghi;Vibrava ?;24/101
EX L'Isola dei Draghi;Xatu ?;25/101
EX L'Isola dei Draghi;Bayleef ?;26/101
EX L'Isola dei Draghi;Croconaw ?;27/101
EX L'Isola dei Draghi;Dragonair ?;28/101
EX L'Isola dei Draghi;Electabuzz ?;29/101
EX L'Isola dei Draghi;Flaaffy ?;30/101
EX L'Isola dei Draghi;Horsea ?;31/101
EX L'Isola dei Draghi;Kirlia;32/101
EX L'Isola dei Draghi;Kirlia ?;33/101
EX L'Isola dei Draghi;Nidorina ?;34/101
EX L'Isola dei Draghi;Nidorino ?;35/101
EX L'Isola dei Draghi;Quilava ?;36/101
EX L'Isola dei Draghi;Seadra ?;37/101
EX L'Isola dei Draghi;Shelgon ?;38/101
EX L'Isola dei Draghi;Smeargle ?;39/101
EX L'Isola dei Draghi;Swellow ?;40/101
EX L'Isola dei Draghi;Togepi ?;41/101
EX L'Isola dei Draghi;Vibrava ?;42/101
EX L'Isola dei Draghi;Bagon ?;43/101
EX L'Isola dei Draghi;Chikorita ?;44/101
EX L'Isola dei Draghi;Cyndaquil ?;45/101
EX L'Isola dei Draghi;Dratini ?;46/101
EX L'Isola dei Draghi;Ekans ?;47/101
EX L'Isola dei Draghi;Elekid ?;48/101
EX L'Isola dei Draghi;Feebas ?;49/101
EX L'Isola dei Draghi;Horsea ?;50/101
EX L'Isola dei Draghi;Larvitar;51/101
EX L'Isola dei Draghi;Larvitar ?;52/101
EX L'Isola dei Draghi;Ledyba ?;53/101
EX L'Isola dei Draghi;Mareep ?;54/101
EX L'Isola dei Draghi;Natu ?;55/101
EX L'Isola dei Draghi;Nidoran? ?;56/101
EX L'Isola dei Draghi;Nidoran? ?;57/101
EX L'Isola dei Draghi;Pupitar;58/101
EX L'Isola dei Draghi;Pupitar ?;59/101
EX L'Isola dei Draghi;Ralts;60/101
EX L'Isola dei Draghi;Ralts ?;61/101
EX L'Isola dei Draghi;Seel ?;62/101
EX L'Isola dei Draghi;Shellder ?;63/101
EX L'Isola dei Draghi;Smoochum ?;64/101
EX L'Isola dei Draghi;Swablu ?;65/101
EX L'Isola dei Draghi;Taillow ?;66/101
EX L'Isola dei Draghi;Totodile ?;67/101
EX L'Isola dei Draghi;Trapinch ?;68/101
EX L'Isola dei Draghi;Trapinch ?;69/101
EX L'Isola dei Draghi;Vulpix ?;70/101
EX L'Isola dei Draghi;Wooper ?;71/101
EX L'Isola dei Draghi;Paracolpi;72/101
EX L'Isola dei Draghi;Copiona;73/101
EX L'Isola dei Draghi;Lascito di Holon;74/101
EX L'Isola dei Draghi;Mentore di Holon;75/101
EX L'Isola dei Draghi;Eremita dell'Isola;76/101
EX L'Isola dei Draghi;Progetto del Sig. Petri;77/101
EX L'Isola dei Draghi;Amo Vecchio;78/101
EX L'Isola dei Draghi;Sistema d'Allenamento del Prof. Elm;79/101
EX L'Isola dei Draghi;La Ricerca del Professor Oak;80/101
EX L'Isola dei Draghi;Malia della Forza;81/101
EX L'Isola dei Draghi;Reporter Televisivo;82/101
EX L'Isola dei Draghi;Scambio;83/101
EX L'Isola dei Draghi;Energia Holon FL;84/101
EX L'Isola dei Draghi;Energia Holon EL;85/101
EX L'Isola dei Draghi;Energia Holon AP;86/101
EX L'Isola dei Draghi;Energia Extra;87/101
EX L'Isola dei Draghi;Energia Arcobaleno ?;88/101
EX L'Isola dei Draghi;Energia Caotica;89/101
EX L'Isola dei Draghi;Altaria ex ?;90/101
EX L'Isola dei Draghi;Dragonite ex ?;91/101
EX L'Isola dei Draghi;Flygon ex ?;92/101
EX L'Isola dei Draghi;Gardevoir ex ?;93/101
EX L'Isola dei Draghi;Kingdra ex ?;94/101
EX L'Isola dei Draghi;Latias ex ?;95/101
EX L'Isola dei Draghi;Latios ex ?;96/101
EX L'Isola dei Draghi;Rayquaza ex ?;97/101
EX L'Isola dei Draghi;Salamence ex ?;98/101
EX L'Isola dei Draghi;Tyranitar ex ?;99/101
EX L'Isola dei Draghi;Charizard' ?;100/101
EX L'Isola dei Draghi;Mew ?;101/101
EX La Leggenda di Mew;Aerodactyl;1/92
EX La Leggenda di Mew;Aggron;2/92
EX La Leggenda di Mew;Cradily;3/92
EX La Leggenda di Mew;Delcatty;4/92
EX La Leggenda di Mew;Gengar;5/92
EX La Leggenda di Mew;Golem;6/92
EX La Leggenda di Mew;Kabutops;7/92
EX La Leggenda di Mew;Lapras;8/92
EX La Leggenda di Mew;Machamp;9/92
EX La Leggenda di Mew;Mew;10/92
EX La Leggenda di Mew;Muk;11/92
EX La Leggenda di Mew;Shiftry;12/92
EX La Leggenda di Mew;Victreebel;13/92
EX La Leggenda di Mew;Wailord;14/92
EX La Leggenda di Mew;Absol;15/92
EX La Leggenda di Mew;Girafarig;16/92
EX La Leggenda di Mew;Gorebyss;17/92
EX La Leggenda di Mew;Huntail;18/92
EX La Leggenda di Mew;Lanturn;19/92
EX La Leggenda di Mew;Lunatone;20/92
EX La Leggenda di Mew;Magmar;21/92
EX La Leggenda di Mew;Magneton;22/92
EX La Leggenda di Mew;Omastar;23/92
EX La Leggenda di Mew;Pinsir;24/92
EX La Leggenda di Mew;Solrock;25/92
EX La Leggenda di Mew;Spinda;26/92
EX La Leggenda di Mew;Torkoal;27/92
EX La Leggenda di Mew;Wobbuffet;28/92
EX La Leggenda di Mew;Anorith;29/92
EX La Leggenda di Mew;Cascoon;30/92
EX La Leggenda di Mew;Dunsparce;31/92
EX La Leggenda di Mew;Electrode;32/92
EX La Leggenda di Mew;Furret;33/92
EX La Leggenda di Mew;Graveler;34/92
EX La Leggenda di Mew;Haunter;35/92
EX La Leggenda di Mew;Kabuto;36/92
EX La Leggenda di Mew;Kecleon;37/92
EX La Leggenda di Mew;Lairon;38/92
EX La Leggenda di Mew;Machoke;39/92
EX La Leggenda di Mew;Misdreavus;40/92
EX La Leggenda di Mew;Nuzleaf;41/92
EX La Leggenda di Mew;Roselia;42/92
EX La Leggenda di Mew;Sealeo;43/92
EX La Leggenda di Mew;Tangela;44/92
EX La Leggenda di Mew;Tentacruel;45/92
EX La Leggenda di Mew;Vibrava;46/92
EX La Leggenda di Mew;Weepinbell;47/92
EX La Leggenda di Mew;Aron;48/92
EX La Leggenda di Mew;Bellsprout;49/92
EX La Leggenda di Mew;Chinchou;50/92
EX La Leggenda di Mew;Clamperl;51/92
EX La Leggenda di Mew;Gastly;52/92
EX La Leggenda di Mew;Geodude;53/92
EX La Leggenda di Mew;Grimer;54/92
EX La Leggenda di Mew;Growlithe;55/92
EX La Leggenda di Mew;Lileep;56/92
EX La Leggenda di Mew;Machop;57/92
EX La Leggenda di Mew;Magby;58/92
EX La Leggenda di Mew;Magnemite;59/92
EX La Leggenda di Mew;Omanyte;60/92
EX La Leggenda di Mew;Seedot;61/92
EX La Leggenda di Mew;Sentret;62/92
EX La Leggenda di Mew;Shuppet;63/92
EX La Leggenda di Mew;Skitty;64/92
EX La Leggenda di Mew;Spheal;65/92
EX La Leggenda di Mew;Tentacool;66/92
EX La Leggenda di Mew;Trapinch;67/92
EX La Leggenda di Mew;Voltorb;68/92
EX La Leggenda di Mew;Wailmer;69/92
EX La Leggenda di Mew;Wurmple;70/92
EX La Leggenda di Mew;Wynaut;71/92
EX La Leggenda di Mew;Pietra Maledetta;72/92
EX La Leggenda di Mew;Operatore sul Campo;73/92
EX La Leggenda di Mew;Grande Incendio;74/92
EX La Leggenda di Mew;Tronco Gigante;75/92
EX La Leggenda di Mew;Albero del Potere;76/92
EX La Leggenda di Mew;Strana Caverna;77/92
EX La Leggenda di Mew;Artiglio Fossile;78/92
EX La Leggenda di Mew;Fossile Misterioso;79/92
EX La Leggenda di Mew;Radice Fossile;80/92
EX La Leggenda di Mew;Energia Arcobaleno;81/92
EX La Leggenda di Mew;Energia Reazione;82/92
EX La Leggenda di Mew;Arcanine ex;83/92
EX La Leggenda di Mew;Armaldo ex;84/92
EX La Leggenda di Mew;Banette ex;85/92
EX La Leggenda di Mew;Dustox ex;86/92
EX La Leggenda di Mew;Flygon ex;87/92
EX La Leggenda di Mew;Mew ex;88/92
EX La Leggenda di Mew;Walrein ex;89/92
EX La Leggenda di Mew;Regice;90/92
EX La Leggenda di Mew;Regirock;91/92
EX La Leggenda di Mew;Registeel;92/92
EX La Leggenda di Mew;Pikachu ?;93/92
EX Leggende Nascoste;Banette;1/101
EX Leggende Nascoste;Claydol;2/101
EX Leggende Nascoste;Crobat;3/101
EX Leggende Nascoste;Dark Celebi;4/101
EX Leggende Nascoste;Electrode;5/101
EX Leggende Nascoste;Exploud;6/101
EX Leggende Nascoste;Heracross;7/101
EX Leggende Nascoste;Jirachi;8/101
EX Leggende Nascoste;Machamp;9/101
EX Leggende Nascoste;Medicham;10/101
EX Leggende Nascoste;Metagross;11/101
EX Leggende Nascoste;Milotic;12/101
EX Leggende Nascoste;Pinsir;13/101
EX Leggende Nascoste;Shiftry;14/101
EX Leggende Nascoste;Walrein;15/101
EX Leggende Nascoste;Bellossom;16/101
EX Leggende Nascoste;Chimecho;17/101
EX Leggende Nascoste;Gorebyss;18/101
EX Leggende Nascoste;Huntail;19/101
EX Leggende Nascoste;Masquerain;20/101
EX Leggende Nascoste;Metang;21/101
EX Leggende Nascoste;Ninetales;22/101
EX Leggende Nascoste;Castform Pioggia;23/101
EX Leggende Nascoste;Relicanth;24/101
EX Leggende Nascoste;Castform Neve;25/101
EX Leggende Nascoste;Castform Sole;26/101
EX Leggende Nascoste;Tropius;27/101
EX Leggende Nascoste;Beldum;28/101
EX Leggende Nascoste;Beldum;29/101
EX Leggende Nascoste;Castform;30/101
EX Leggende Nascoste;Claydol;31/101
EX Leggende Nascoste;Corsola;32/101
EX Leggende Nascoste;Dodrio;33/101
EX Leggende Nascoste;Glalie;34/101
EX Leggende Nascoste;Gloom;35/101
EX Leggende Nascoste;Golbat;36/101
EX Leggende Nascoste;Igglybuff;37/101
EX Leggende Nascoste;Lanturn;38/101
EX Leggende Nascoste;Loudred;39/101
EX Leggende Nascoste;Luvdisc;40/101
EX Leggende Nascoste;Machoke;41/101
EX Leggende Nascoste;Medicham;42/101
EX Leggende Nascoste;Metang;43/101
EX Leggende Nascoste;Metang;44/101
EX Leggende Nascoste;Nuzleaf;45/101
EX Leggende Nascoste;Rhydon;46/101
EX Leggende Nascoste;Sealeo;47/101
EX Leggende Nascoste;Spinda;48/101
EX Leggende Nascoste;Starmie;49/101
EX Leggende Nascoste;Swalot;50/101
EX Leggende Nascoste;Tentacruel;51/101
EX Leggende Nascoste;Baltoy;52/101
EX Leggende Nascoste;Baltoy;53/101
EX Leggende Nascoste;Beldum;54/101
EX Leggende Nascoste;Chikorita;55/101
EX Leggende Nascoste;Chinchou;56/101
EX Leggende Nascoste;Chinchou;57/101
EX Leggende Nascoste;Clamperl;58/101
EX Leggende Nascoste;Cyndaquil;59/101
EX Leggende Nascoste;Doduo;60/101
EX Leggende Nascoste;Feebas;61/101
EX Leggende Nascoste;Gulpin;62/101
EX Leggende Nascoste;Jigglypuff;63/101
EX Leggende Nascoste;Machop;64/101
EX Leggende Nascoste;Meditite;65/101
EX Leggende Nascoste;Meditite;66/101
EX Leggende Nascoste;Minun;67/101
EX Leggende Nascoste;Oddish;68/101
EX Leggende Nascoste;Plusle;69/101
EX Leggende Nascoste;Rhyhorn;70/101
EX Leggende Nascoste;Seedot;71/101
EX Leggende Nascoste;Shuppet;72/101
EX Leggende Nascoste;Snorunt;73/101
EX Leggende Nascoste;Spheal;74/101
EX Leggende Nascoste;Staryu;75/101
EX Leggende Nascoste;Surskit;76/101
EX Leggende Nascoste;Tentacool;77/101
EX Leggende Nascoste;Togepi;78/101
EX Leggende Nascoste;Totodile;79/101
EX Leggende Nascoste;Voltorb;80/101
EX Leggende Nascoste;Vulpix;81/101
EX Leggende Nascoste;Whismur;82/101
EX Leggende Nascoste;Zubat;83/101
EX Leggende Nascoste;Antico Macchinario Tecnico [Ghiaccio];84/101
EX Leggende Nascoste;Antico Macchinario Tecnico [Roccia];85/101
EX Leggende Nascoste;Antico Macchinario Tecnico [Acciaio];86/101
EX Leggende Nascoste;Tomba Antica;87/101
EX Leggende Nascoste;Rovine Desertiche;88/101
EX Leggende Nascoste;Isola Caverna;89/101
EX Leggende Nascoste;Erba Vita;90/101
EX Leggende Nascoste;Tempesta Magnetica;91/101
EX Leggende Nascoste;Consiglio di Rocco;92/101
EX Leggende Nascoste;Groudon ex;93/101
EX Leggende Nascoste;Kyogre ex;94/101
EX Leggende Nascoste;Metagross ex;95/101
EX Leggende Nascoste;Ninetales ex;96/101
EX Leggende Nascoste;Regice ex;97/101
EX Leggende Nascoste;Regirock ex;98/101
EX Leggende Nascoste;Registeel ex;99/101
EX Leggende Nascoste;Vileplume ex;100/101
EX Leggende Nascoste;Wigglytuff ex;101/101
EX Leggende Nascoste;Groudon;102/101
EX RossoFuoco e VerdeFoglia;Beedrill;1/112
EX RossoFuoco e VerdeFoglia;Butterfree;2/112
EX RossoFuoco e VerdeFoglia;Dewgong;3/112
EX RossoFuoco e VerdeFoglia;Ditto;4/112
EX RossoFuoco e VerdeFoglia;Exeggutor;5/112
EX RossoFuoco e VerdeFoglia;Kangaskhan;6/112
EX RossoFuoco e VerdeFoglia;Marowak;7/112
EX RossoFuoco e VerdeFoglia;Nidoking;8/112
EX RossoFuoco e VerdeFoglia;Nidoqueen;9/112
EX RossoFuoco e VerdeFoglia;Pidgeot;10/112
EX RossoFuoco e VerdeFoglia;Poliwrath;11/112
EX RossoFuoco e VerdeFoglia;Raichu;12/112
EX RossoFuoco e VerdeFoglia;Rapidash;13/112
EX RossoFuoco e VerdeFoglia;Slowbro;14/112
EX RossoFuoco e VerdeFoglia;Snorlax;15/112
EX RossoFuoco e VerdeFoglia;Tauros;16/112
EX RossoFuoco e VerdeFoglia;Victreebel;17/112
EX RossoFuoco e VerdeFoglia;Arcanine;18/112
EX RossoFuoco e VerdeFoglia;Chansey;19/112
EX RossoFuoco e VerdeFoglia;Cloyster;20/112
EX RossoFuoco e VerdeFoglia;Dodrio;21/112
EX RossoFuoco e VerdeFoglia;Dugtrio;22/112
EX RossoFuoco e VerdeFoglia;Farfetch'd;23/112
EX RossoFuoco e VerdeFoglia;Fearow;24/112
EX RossoFuoco e VerdeFoglia;Hypno;25/112
EX RossoFuoco e VerdeFoglia;Kingler;26/112
EX RossoFuoco e VerdeFoglia;Magneton;27/112
EX RossoFuoco e VerdeFoglia;Primeape;28/112
EX RossoFuoco e VerdeFoglia;Scyther;29/112
EX RossoFuoco e VerdeFoglia;Tangela;30/112
EX RossoFuoco e VerdeFoglia;Charmeleon;31/112
EX RossoFuoco e VerdeFoglia;Drowzee;32/112
EX RossoFuoco e VerdeFoglia;Exeggcute;33/112
EX RossoFuoco e VerdeFoglia;Haunter;34/112
EX RossoFuoco e VerdeFoglia;Ivysaur;35/112
EX RossoFuoco e VerdeFoglia;Kakuna;36/112
EX RossoFuoco e VerdeFoglia;Lickitung;37/112
EX RossoFuoco e VerdeFoglia;Mankey;38/112
EX RossoFuoco e VerdeFoglia;Metapod;39/112
EX RossoFuoco e VerdeFoglia;Nidorina;40/112
EX RossoFuoco e VerdeFoglia;Nidorino;41/112
EX RossoFuoco e VerdeFoglia;Onix;42/112
EX RossoFuoco e VerdeFoglia;Parasect;43/112
EX RossoFuoco e VerdeFoglia;Persian;44/112
EX RossoFuoco e VerdeFoglia;Pidgeotto;45/112
EX RossoFuoco e VerdeFoglia;Poliwhirl;46/112
EX RossoFuoco e VerdeFoglia;Porygon;47/112
EX RossoFuoco e VerdeFoglia;Raticate;48/112
EX RossoFuoco e VerdeFoglia;Venomoth;49/112
EX RossoFuoco e VerdeFoglia;Wartortle;50/112
EX RossoFuoco e VerdeFoglia;Weepinbell;51/112
EX RossoFuoco e VerdeFoglia;Wigglytuff;52/112
EX RossoFuoco e VerdeFoglia;Bellsprout;53/112
EX RossoFuoco e VerdeFoglia;Bulbasaur;54/112
EX RossoFuoco e VerdeFoglia;Bulbasaur;55/112
EX RossoFuoco e VerdeFoglia;Caterpie;56/112
EX RossoFuoco e VerdeFoglia;Charmander;57/112
EX RossoFuoco e VerdeFoglia;Charmander;58/112
EX RossoFuoco e VerdeFoglia;Clefairy;59/112
EX RossoFuoco e VerdeFoglia;Cubone;60/112
EX RossoFuoco e VerdeFoglia;Diglett;61/112
EX RossoFuoco e VerdeFoglia;Doduo;62/112
EX RossoFuoco e VerdeFoglia;Gastly;63/112
EX RossoFuoco e VerdeFoglia;Growlithe;64/112
EX RossoFuoco e VerdeFoglia;Jigglypuff;65/112
EX RossoFuoco e VerdeFoglia;Krabby;66/112
EX RossoFuoco e VerdeFoglia;Magikarp;67/112
EX RossoFuoco e VerdeFoglia;Magnemite;68/112
EX RossoFuoco e VerdeFoglia;Meowth;69/112
EX RossoFuoco e VerdeFoglia;Nidoran?;70/112
EX RossoFuoco e VerdeFoglia;Nidoran?;71/112
EX RossoFuoco e VerdeFoglia;Paras;72/112
EX RossoFuoco e VerdeFoglia;Pidgey;73/112
EX RossoFuoco e VerdeFoglia;Pikachu;74/112
EX RossoFuoco e VerdeFoglia;Poliwag;75/112
EX RossoFuoco e VerdeFoglia;Ponyta;76/112
EX RossoFuoco e VerdeFoglia;Rattata;77/112
EX RossoFuoco e VerdeFoglia;Seel;78/112
EX RossoFuoco e VerdeFoglia;Shellder;79/112
EX RossoFuoco e VerdeFoglia;Slowpoke;80/112
EX RossoFuoco e VerdeFoglia;Spearow;81/112
EX RossoFuoco e VerdeFoglia;Squirtle;82/112
EX RossoFuoco e VerdeFoglia;Squirtle;83/112
EX RossoFuoco e VerdeFoglia;Venonat;84/112
EX RossoFuoco e VerdeFoglia;Voltorb;85/112
EX RossoFuoco e VerdeFoglia;Weedle;86/112
EX RossoFuoco e VerdeFoglia;Sostegno di Bill;87/112
EX RossoFuoco e VerdeFoglia;Network di Celio;88/112
EX RossoFuoco e VerdeFoglia;Rimozione di Energia 2;89/112
EX RossoFuoco e VerdeFoglia;Scambio di Energia;90/112
EX RossoFuoco e VerdeFoglia;Distribuzione di Esperienza;91/112
EX RossoFuoco e VerdeFoglia;Grande Palla;92/112
EX RossoFuoco e VerdeFoglia;Erba Vita;93/112
EX RossoFuoco e VerdeFoglia;Monte Luna;94/112
EX RossoFuoco e VerdeFoglia;Pok Ball;95/112
EX RossoFuoco e VerdeFoglia;Pok Dex HANDY909;96/112
EX RossoFuoco e VerdeFoglia;Contropiede Pok mon;97/112
EX RossoFuoco e VerdeFoglia;La Ricerca del Professor Oak;98/112
EX RossoFuoco e VerdeFoglia;Super Recupero;99/112
EX RossoFuoco e VerdeFoglia;Cercasfide;100/112
EX RossoFuoco e VerdeFoglia;Pozione Magica;101/112
EX RossoFuoco e VerdeFoglia;Scambio;102/112
EX RossoFuoco e VerdeFoglia;Multienergia;103/112
EX RossoFuoco e VerdeFoglia;Blastoise ex;104/112
EX RossoFuoco e VerdeFoglia;Charizard ex;105/112
EX RossoFuoco e VerdeFoglia;Clefable ex;106/112
EX RossoFuoco e VerdeFoglia;Electrode ex;107/112
EX RossoFuoco e VerdeFoglia;Gengar ex;108/112
EX RossoFuoco e VerdeFoglia;Gyarados ex;109/112
EX RossoFuoco e VerdeFoglia;Mr. Mime ex;110/112
EX RossoFuoco e VerdeFoglia;Mr. Mime ex;111/112
EX RossoFuoco e VerdeFoglia;Venusaur ex;112/112
EX RossoFuoco e VerdeFoglia;Charmander;113/112
EX RossoFuoco e VerdeFoglia;Articuno ex;114/112
EX RossoFuoco e VerdeFoglia;Moltres ex;115/112
EX RossoFuoco e VerdeFoglia;Zapdos ex;116/112
EX Rubino & Zaffiro;Aggron;1/109
EX Rubino & Zaffiro;Beautifly;2/109
EX Rubino & Zaffiro;Blaziken;3/109
EX Rubino & Zaffiro;Camerupt;4/109
EX Rubino & Zaffiro;Delcatty;5/109
EX Rubino & Zaffiro;Dustox;6/109
EX Rubino & Zaffiro;Gardevoir;7/109
EX Rubino & Zaffiro;Hariyama;8/109
EX Rubino & Zaffiro;Manectric;9/109
EX Rubino & Zaffiro;Mightyena;10/109
EX Rubino & Zaffiro;Sceptile;11/109
EX Rubino & Zaffiro;Slaking;12/109
EX Rubino & Zaffiro;Swampert;13/109
EX Rubino & Zaffiro;Wailord;14/109
EX Rubino & Zaffiro;Blaziken;15/109
EX Rubino & Zaffiro;Breloom;16/109
EX Rubino & Zaffiro;Donphan;17/109
EX Rubino & Zaffiro;Nosepass;18/109
EX Rubino & Zaffiro;Pelipper;19/109
EX Rubino & Zaffiro;Sceptile;20/109
EX Rubino & Zaffiro;Seaking;21/109
EX Rubino & Zaffiro;Sharpedo;22/109
EX Rubino & Zaffiro;Swampert;23/109
EX Rubino & Zaffiro;Weezing;24/109
EX Rubino & Zaffiro;Aron;25/109
EX Rubino & Zaffiro;Cascoon;26/109
EX Rubino & Zaffiro;Combusken;27/109
EX Rubino & Zaffiro;Combusken;28/109
EX Rubino & Zaffiro;Delcatty;29/109
EX Rubino & Zaffiro;Electrike;30/109
EX Rubino & Zaffiro;Grovyle;31/109
EX Rubino & Zaffiro;Grovyle;32/109
EX Rubino & Zaffiro;Hariyama;33/109
EX Rubino & Zaffiro;Kirlia;34/109
EX Rubino & Zaffiro;Kirlia;35/109
EX Rubino & Zaffiro;Lairon;36/109
EX Rubino & Zaffiro;Lairon;37/109
EX Rubino & Zaffiro;Linoone;38/109
EX Rubino & Zaffiro;Manectric;39/109
EX Rubino & Zaffiro;Marshtomp;40/109
EX Rubino & Zaffiro;Marshtomp;41/109
EX Rubino & Zaffiro;Mightyena;42/109
EX Rubino & Zaffiro;Silcoon;43/109
EX Rubino & Zaffiro;Skitty;44/109
EX Rubino & Zaffiro;Slakoth;45/109
EX Rubino & Zaffiro;Swellow;46/109
EX Rubino & Zaffiro;Vigoroth;47/109
EX Rubino & Zaffiro;Wailmer;48/109
EX Rubino & Zaffiro;Aron;49/109
EX Rubino & Zaffiro;Aron;50/109
EX Rubino & Zaffiro;Carvanha;51/109
EX Rubino & Zaffiro;Electrike;52/109
EX Rubino & Zaffiro;Electrike;53/109
EX Rubino & Zaffiro;Koffing;54/109
EX Rubino & Zaffiro;Goldeen;55/109
EX Rubino & Zaffiro;Makuhita;56/109
EX Rubino & Zaffiro;Makuhita;57/109
EX Rubino & Zaffiro;Makuhita;58/109
EX Rubino & Zaffiro;Mudkip;59/109
EX Rubino & Zaffiro;Mudkip;60/109
EX Rubino & Zaffiro;Numel;61/109
EX Rubino & Zaffiro;Phanpy;62/109
EX Rubino & Zaffiro;Poochyena;63/109
EX Rubino & Zaffiro;Poochyena;64/109
EX Rubino & Zaffiro;Poochyena;65/109
EX Rubino & Zaffiro;Ralts;66/109
EX Rubino & Zaffiro;Ralts;67/109
EX Rubino & Zaffiro;Ralts;68/109
EX Rubino & Zaffiro;Shroomish;69/109
EX Rubino & Zaffiro;Skitty;70/109
EX Rubino & Zaffiro;Skitty;71/109
EX Rubino & Zaffiro;Taillow;72/109
EX Rubino & Zaffiro;Torchic;73/109
EX Rubino & Zaffiro;Torchic;74/109
EX Rubino & Zaffiro;Treecko;75/109
EX Rubino & Zaffiro;Treecko;76/109
EX Rubino & Zaffiro;Wingull;77/109
EX Rubino & Zaffiro;Wurmple;78/109
EX Rubino & Zaffiro;Zigzagoon;79/109
EX Rubino & Zaffiro;Rimozione di Energia 2;80/109
EX Rubino & Zaffiro;Ripristina Energia;81/109
EX Rubino & Zaffiro;Scambio di Energia;82/109
EX Rubino & Zaffiro;Lady Outing;83/109
EX Rubino & Zaffiro;Baccaprugna;84/109
EX Rubino & Zaffiro;Baccarancia;85/109
EX Rubino & Zaffiro;Pok Ball;86/109
EX Rubino & Zaffiro;Contropiede Pok mon;87/109
EX Rubino & Zaffiro;Pok Nav;88/109
EX Rubino & Zaffiro;Prof. Birch;89/109
EX Rubino & Zaffiro;Ricerca di Energia;90/109
EX Rubino & Zaffiro;Pozione Magica;91/109
EX Rubino & Zaffiro;Scambio;92/109
EX Rubino & Zaffiro;Energia Oscurit;93/109
EX Rubino & Zaffiro;Energia Metallo;94/109
EX Rubino & Zaffiro;Energia Arcobaleno;95/109
EX Rubino & Zaffiro;Chansey ex;96/109
EX Rubino & Zaffiro;Electabuzz ex;97/109
EX Rubino & Zaffiro;Hitmonchan ex;98/109
EX Rubino & Zaffiro;Lapras ex;99/109
EX Rubino & Zaffiro;Magmar ex;100/109
EX Rubino & Zaffiro;Mewtwo ex;101/109
EX Rubino & Zaffiro;Scyther ex;102/109
EX Rubino & Zaffiro;Sneasel ex;103/109
EX Rubino & Zaffiro;Energia Erba;104/109
EX Rubino & Zaffiro;Energia Combattimento;105/109
EX Rubino & Zaffiro;Energia Acqua;106/109
EX Rubino & Zaffiro;Energia Psiche;107/109
EX Rubino & Zaffiro;Energia Fuoco;108/109
EX Rubino & Zaffiro;Energia Lampo;109/109
EX Smeraldo;Blaziken;1/106
EX Smeraldo;Deoxys [Velocit ];2/106
EX Smeraldo;Exploud;3/106
EX Smeraldo;Gardevoir;4/106
EX Smeraldo;Groudon;5/106
EX Smeraldo;Kyogre;6/106
EX Smeraldo;Manectric;7/106
EX Smeraldo;Milotic;8/106
EX Smeraldo;Rayquaza;9/106
EX Smeraldo;Sceptile;10/106
EX Smeraldo;Swampert;11/106
EX Smeraldo;Chimecho;12/106
EX Smeraldo;Glalie;13/106
EX Smeraldo;Groudon;14/106
EX Smeraldo;Kyogre;15/106
EX Smeraldo;Manectric;16/106
EX Smeraldo;Nosepass;17/106
EX Smeraldo;Relicanth;18/106
EX Smeraldo;Rhydon;19/106
EX Smeraldo;Seviper;20/106
EX Smeraldo;Zangoose;21/106
EX Smeraldo;Breloom;22/106
EX Smeraldo;Camerupt;23/106
EX Smeraldo;Claydol;24/106
EX Smeraldo;Combusken;25/106
EX Smeraldo;Dodrio;26/106
EX Smeraldo;Electrode;27/106
EX Smeraldo;Grovyle;28/106
EX Smeraldo;Grumpig;29/106
EX Smeraldo;Grumpig;30/106
EX Smeraldo;Hariyama;31/106
EX Smeraldo;Illumise;32/106
EX Smeraldo;Kirlia;33/106
EX Smeraldo;Linoone;34/106
EX Smeraldo;Loudred;35/106
EX Smeraldo;Marshtomp;36/106
EX Smeraldo;Minun;37/106
EX Smeraldo;Ninetales;38/106
EX Smeraldo;Plusle;39/106
EX Smeraldo;Swalot;40/106
EX Smeraldo;Swellow;41/106
EX Smeraldo;Volbeat;42/106
EX Smeraldo;Baltoy;43/106
EX Smeraldo;Cacnea;44/106
EX Smeraldo;Doduo;45/106
EX Smeraldo;Duskull;46/106
EX Smeraldo;Electrike;47/106
EX Smeraldo;Electrike;48/106
EX Smeraldo;Feebas;49/106
EX Smeraldo;Feebas;50/106
EX Smeraldo;Gulpin;51/106
EX Smeraldo;Larvitar;52/106
EX Smeraldo;Luvdisc;53/106
EX Smeraldo;Makuhita;54/106
EX Smeraldo;Meditite;55/106
EX Smeraldo;Mudkip;56/106
EX Smeraldo;Numel;57/106
EX Smeraldo;Numel;58/106
EX Smeraldo;Pichu;59/106
EX Smeraldo;Pikachu;60/106
EX Smeraldo;Ralts;61/106
EX Smeraldo;Rhyhorn;62/106
EX Smeraldo;Shroomish;63/106
EX Smeraldo;Snorunt;64/106
EX Smeraldo;Spoink;65/106
EX Smeraldo;Spoink;66/106
EX Smeraldo;Swablu;67/106
EX Smeraldo;Taillow;68/106
EX Smeraldo;Torchic;69/106
EX Smeraldo;Treecko;70/106
EX Smeraldo;Voltorb;71/106
EX Smeraldo;Vulpix;72/106
EX Smeraldo;Whismur;73/106
EX Smeraldo;Zigzagoon;74/106
EX Smeraldo;Battle Frontier;75/106
EX Smeraldo;Doppio Recupero Totale;76/106
EX Smeraldo;Ricerca in Rete di Lanette;77/106
EX Smeraldo;Baccaprugna;78/106
EX Smeraldo;Progetto del Sig. Petri;79/106
EX Smeraldo;Baccarancia;80/106
EX Smeraldo;Pok Nav;81/106
EX Smeraldo;Prof. Birch;82/106
EX Smeraldo;Caramella Rara;83/106
EX Smeraldo;Scott;84/106
EX Smeraldo;Addestramento di Lino;85/106
EX Smeraldo;Energia Oscurit;86/106
EX Smeraldo;Duplice Energia Arcobaleno;87/106
EX Smeraldo;Energia Metallo;88/106
EX Smeraldo;Multienergia;89/106
EX Smeraldo;Altaria ex;90/106
EX Smeraldo;Cacturne ex;91/106
EX Smeraldo;Camerupt ex;92/106
EX Smeraldo;Deoxys ex [Velocit ];93/106
EX Smeraldo;Dusclops ex;94/106
EX Smeraldo;Medicham ex;95/106
EX Smeraldo;Milotic ex;96/106
EX Smeraldo;Raichu ex;97/106
EX Smeraldo;Regice ex;98/106
EX Smeraldo;Regirock ex;99/106
EX Smeraldo;Registeel ex;100/106
EX Smeraldo;Energia Erba;101/106
EX Smeraldo;Energia Fuoco;102/106
EX Smeraldo;Energia Acqua;103/106
EX Smeraldo;Energia Lampo;104/106
EX Smeraldo;Energia Psiche;105/106
EX Smeraldo;Energia Combattimento;106/106
EX Smeraldo;Farfetch'd;107/106
EX Specie Delta;Beedrill ?;1/113
EX Specie Delta;Crobat ?;2/113
EX Specie Delta;Dragonite ?;3/113
EX Specie Delta;Espeon ?;4/113
EX Specie Delta;Flareon ?;5/113
EX Specie Delta;Gardevoir ?;6/113
EX Specie Delta;Jolteon ?;7/113
EX Specie Delta;Latias ?;8/113
EX Specie Delta;Latios ?;9/113
EX Specie Delta;Marowak ?;10/113
EX Specie Delta;Metagross ?;11/113
EX Specie Delta;Mewtwo ?;12/113
EX Specie Delta;Rayquaza ?;13/113
EX Specie Delta;Salamence ?;14/113
EX Specie Delta;Starmie ?;15/113
EX Specie Delta;Tyranitar ?;16/113
EX Specie Delta;Umbreon ?;17/113
EX Specie Delta;Vaporeon ?;18/113
EX Specie Delta;Azumarill ?;19/113
EX Specie Delta;Azurill;20/113
EX Specie Delta;Holon Electrode;21/113
EX Specie Delta;Holon Magneton;22/113
EX Specie Delta;Hypno;23/113
EX Specie Delta;Mightyena ?;24/113
EX Specie Delta;Porygon2;25/113
EX Specie Delta;Castform Pioggia;26/113
EX Specie Delta;Sandslash ?;27/113
EX Specie Delta;Slowking;28/113
EX Specie Delta;Castform Neve;29/113
EX Specie Delta;Starmie ?;30/113
EX Specie Delta;Castform Sole;31/113
EX Specie Delta;Swellow;32/113
EX Specie Delta;Weezing;33/113
EX Specie Delta;Castform;34/113
EX Specie Delta;Ditto;35/113
EX Specie Delta;Ditto [Bulbasaur];36/113
EX Specie Delta;Ditto [Charmander];37/113
EX Specie Delta;Ditto [Mr. Mime];38/113
EX Specie Delta;Ditto [Pikachu];39/113
EX Specie Delta;Ditto [Squirtle];40/113
EX Specie Delta;Dragonair ?;41/113
EX Specie Delta;Dragonair ?;42/113
EX Specie Delta;Golbat;43/113
EX Specie Delta;Hariyama;44/113
EX Specie Delta;Illumise;45/113
EX Specie Delta;Kakuna;46/113
EX Specie Delta;Kirlia;47/113
EX Specie Delta;Magneton;48/113
EX Specie Delta;Metang ?;49/113
EX Specie Delta;Persian;50/113
EX Specie Delta;Pupitar ?;51/113
EX Specie Delta;Rapidash;52/113
EX Specie Delta;Shelgon ?;53/113
EX Specie Delta;Shelgon ?;54/113
EX Specie Delta;Skarmory;55/113
EX Specie Delta;Volbeat;56/113
EX Specie Delta;Bagon ?;57/113
EX Specie Delta;Bagon ?;58/113
EX Specie Delta;Beldum ?;59/113
EX Specie Delta;Cubone;60/113
EX Specie Delta;Ditto [Charmander];61/113
EX Specie Delta;Ditto [Geodude];62/113
EX Specie Delta;Ditto [Pikachu];63/113
EX Specie Delta;Ditto [Squirtle];64/113
EX Specie Delta;Dratini ?;65/113
EX Specie Delta;Dratini ?;66/113
EX Specie Delta;Drowzee;67/113
EX Specie Delta;Eevee ?;68/113
EX Specie Delta;Eevee;69/113
EX Specie Delta;Holon Magnemite;70/113
EX Specie Delta;Holon Voltorb;71/113
EX Specie Delta;Koffing;72/113
EX Specie Delta;Larvitar ?;73/113
EX Specie Delta;Magnemite;74/113
EX Specie Delta;Makuhita;75/113
EX Specie Delta;Marill;76/113
EX Specie Delta;Meowth;77/113
EX Specie Delta;Ponyta;78/113
EX Specie Delta;Poochyena;79/113
EX Specie Delta;Porygon;80/113
EX Specie Delta;Ralts;81/113
EX Specie Delta;Sandshrew;82/113
EX Specie Delta;Slowpoke;83/113
EX Specie Delta;Staryu;84/113
EX Specie Delta;Staryu;85/113
EX Specie Delta;Taillow;86/113
EX Specie Delta;Weedle;87/113
EX Specie Delta;Zubat;88/113
EX Specie Delta;Palla Doppia;89/113
EX Specie Delta;Grande Palla;90/113
EX Specie Delta;Allevatore di Holon;91/113
EX Specie Delta;Pupa di Holon;92/113
EX Specie Delta;Mentore di Holon;93/113
EX Specie Delta;Torre di Ricerca di Holon;94/113
EX Specie Delta;Ricercatore di Holon;95/113
EX Specie Delta;Rovine di Holon;96/113
EX Specie Delta;Scienziato di Holon;97/113
EX Specie Delta;Ricetrasmettitore di Holon;98/113
EX Specie Delta;Master Ball;99/113
EX Specie Delta;Super Recupero;100/113
EX Specie Delta;Pozione Magica;101/113
EX Specie Delta;Scambio;102/113
EX Specie Delta;Energia Oscurit;103/113
EX Specie Delta;Energia Holon FL;104/113
EX Specie Delta;Energia Holon EL;105/113
EX Specie Delta;Energia Holon AP;106/113
EX Specie Delta;Energia Metallo;107/113
EX Specie Delta;Flareon ex;108/113
EX Specie Delta;Jolteon ex;109/113
EX Specie Delta;Vaporeon ex;110/113
EX Specie Delta;Groudon;111/113
EX Specie Delta;Kyogre;112/113
EX Specie Delta;Metagross;113/113
EX Specie Delta;Azumarill;114/113
EX Team Magma vs Team Idro;Team Idro Cacturne;1/95
EX Team Magma vs Team Idro;Team Idro Crawdaunt;2/95
EX Team Magma vs Team Idro;Team Idro Kyogre;3/95
EX Team Magma vs Team Idro;Team Idro Manectric;4/95
EX Team Magma vs Team Idro;Team Idro Sharpedo;5/95
EX Team Magma vs Team Idro;Team Idro Walrein;6/95
EX Team Magma vs Team Idro;Team Magma Aggron;7/95
EX Team Magma vs Team Idro;Team Magma Claydol;8/95
EX Team Magma vs Team Idro;Team Magma Groudon;9/95
EX Team Magma vs Team Idro;Team Magma Houndoom;10/95
EX Team Magma vs Team Idro;Team Magma Rhydon;11/95
EX Team Magma vs Team Idro;Team Magma Torkoal;12/95
EX Team Magma vs Team Idro;Raichu;13/95
EX Team Magma vs Team Idro;Team Idro Crawdaunt;14/95
EX Team Magma vs Team Idro;Team Idro Mightyena;15/95
EX Team Magma vs Team Idro;Team Idro Sealeo;16/95
EX Team Magma vs Team Idro;Team Idro Seviper;17/95
EX Team Magma vs Team Idro;Team Idro Sharpedo;18/95
EX Team Magma vs Team Idro;Team Magma Camerupt;19/95
EX Team Magma vs Team Idro;Team Magma Lairon;20/95
EX Team Magma vs Team Idro;Team Magma Mightyena;21/95
EX Team Magma vs Team Idro;Team Magma Rhydon;22/95
EX Team Magma vs Team Idro;Team Magma Zangoose;23/95
EX Team Magma vs Team Idro;Team Idro Cacnea;24/95
EX Team Magma vs Team Idro;Team Idro Carvanha;25/95
EX Team Magma vs Team Idro;Team Idro Corphish;26/95
EX Team Magma vs Team Idro;Team Idro Electrike;27/95
EX Team Magma vs Team Idro;Team Idro Lanturn;28/95
EX Team Magma vs Team Idro;Team Idro Manectric;29/95
EX Team Magma vs Team Idro;Team Idro Mightyena;30/95
EX Team Magma vs Team Idro;Team Idro Sealeo;31/95
EX Team Magma vs Team Idro;Team Magma Baltoy;32/95
EX Team Magma vs Team Idro;Team Magma Claydol;33/95
EX Team Magma vs Team Idro;Team Magma Houndoom;34/95
EX Team Magma vs Team Idro;Team Magma Houndour;35/95
EX Team Magma vs Team Idro;Team Magma Lairon;36/95
EX Team Magma vs Team Idro;Team Magma Mightyena;37/95
EX Team Magma vs Team Idro;Team Magma Rhyhorn;38/95
EX Team Magma vs Team Idro;Bulbasaur;39/95
EX Team Magma vs Team Idro;Cubone;40/95
EX Team Magma vs Team Idro;Jigglypuff;41/95
EX Team Magma vs Team Idro;Meowth;42/95
EX Team Magma vs Team Idro;Pikachu;43/95
EX Team Magma vs Team Idro;Psyduck;44/95
EX Team Magma vs Team Idro;Slowpoke;45/95
EX Team Magma vs Team Idro;Squirtle;46/95
EX Team Magma vs Team Idro;Team Idro Carvanha;47/95
EX Team Magma vs Team Idro;Team Idro Carvanha;48/95
EX Team Magma vs Team Idro;Team Idro Chinchou;49/95
EX Team Magma vs Team Idro;Team Idro Corphish;50/95
EX Team Magma vs Team Idro;Team Idro Corphish;51/95
EX Team Magma vs Team Idro;Team Idro Electrike;52/95
EX Team Magma vs Team Idro;Team Idro Electrike;53/95
EX Team Magma vs Team Idro;Team Idro Poochyena;54/95
EX Team Magma vs Team Idro;Team Idro Poochyena;55/95
EX Team Magma vs Team Idro;Team Idro Spheal;56/95
EX Team Magma vs Team Idro;Team Idro Spheal;57/95
EX Team Magma vs Team Idro;Team Magma Aron;58/95
EX Team Magma vs Team Idro;Team Magma Aron;59/95
EX Team Magma vs Team Idro;Team Magma Baltoy;60/95
EX Team Magma vs Team Idro;Team Magma Baltoy;61/95
EX Team Magma vs Team Idro;Team Magma Houndour;62/95
EX Team Magma vs Team Idro;Team Magma Houndour;63/95
EX Team Magma vs Team Idro;Team Magma Numel;64/95
EX Team Magma vs Team Idro;Team Magma Poochyena;65/95
EX Team Magma vs Team Idro;Team Magma Poochyena;66/95
EX Team Magma vs Team Idro;Team Magma Rhyhorn;67/95
EX Team Magma vs Team Idro;Team Magma Rhyhorn;68/95
EX Team Magma vs Team Idro;Pianificatore del Team Idro;69/95
EX Team Magma vs Team Idro;Pianificatore del Team Magma;70/95
EX Team Magma vs Team Idro;Ivan;71/95
EX Team Magma vs Team Idro;Palla Doppia;72/95
EX Team Magma vs Team Idro;Max;73/95
EX Team Magma vs Team Idro;Malia della Forza;74/95
EX Team Magma vs Team Idro;Sfera del Team Idro;75/95
EX Team Magma vs Team Idro;Cintura Team Idro;76/95
EX Team Magma vs Team Idro;Cospiratore del Team Idro;77/95
EX Team Magma vs Team Idro;Nascondiglio del Team Idro;78/95
EX Team Magma vs Team Idro;Macchinario Tecnico del Team Idro 01;79/95
EX Team Magma vs Team Idro;Sfera del Team Magma;80/95
EX Team Magma vs Team Idro;Cintura Team Magma;81/95
EX Team Magma vs Team Idro;Cospiratore del Team Magma;82/95
EX Team Magma vs Team Idro;Nascondiglio del Team Magma;83/95
EX Team Magma vs Team Idro;Macchinario Tecnico del Team Magma 01;84/95
EX Team Magma vs Team Idro;Punto di Curvatura;85/95
EX Team Magma vs Team Idro;Idro Energia;86/95
EX Team Magma vs Team Idro;Magma Energia;87/95
EX Team Magma vs Team Idro;Duplice Energia Arcobaleno;88/95
EX Team Magma vs Team Idro;Blaziken ex;89/95
EX Team Magma vs Team Idro;Cradily ex;90/95
EX Team Magma vs Team Idro;Entei ex;91/95
EX Team Magma vs Team Idro;Raikou ex;92/95
EX Team Magma vs Team Idro;Sceptile ex;93/95
EX Team Magma vs Team Idro;Suicune ex;94/95
EX Team Magma vs Team Idro;Swampert ex;95/95
EX Team Magma vs Team Idro;Absol;96/95
EX Team Magma vs Team Idro;Jirachi;97/95
EX Tempesta di Sabbia;Armaldo;1/100
EX Tempesta di Sabbia;Cacturne;2/100
EX Tempesta di Sabbia;Cradily;3/100
EX Tempesta di Sabbia;Dusclops;4/100
EX Tempesta di Sabbia;Flareon;5/100
EX Tempesta di Sabbia;Jolteon;6/100
EX Tempesta di Sabbia;Ludicolo;7/100
EX Tempesta di Sabbia;Lunatone;8/100
EX Tempesta di Sabbia;Mawile;9/100
EX Tempesta di Sabbia;Sableye;10/100
EX Tempesta di Sabbia;Seviper;11/100
EX Tempesta di Sabbia;Shiftry;12/100
EX Tempesta di Sabbia;Solrock;13/100
EX Tempesta di Sabbia;Zangoose;14/100
EX Tempesta di Sabbia;Arcanine;15/100
EX Tempesta di Sabbia;Espeon;16/100
EX Tempesta di Sabbia;Golduck;17/100
EX Tempesta di Sabbia;Kecleon;18/100
EX Tempesta di Sabbia;Omastar;19/100
EX Tempesta di Sabbia;Pichu;20/100
EX Tempesta di Sabbia;Sandslash;21/100
EX Tempesta di Sabbia;Shiftry;22/100
EX Tempesta di Sabbia;Steelix;23/100
EX Tempesta di Sabbia;Umbreon;24/100
EX Tempesta di Sabbia;Vaporeon;25/100
EX Tempesta di Sabbia;Wobbuffet;26/100
EX Tempesta di Sabbia;Anorith;27/100
EX Tempesta di Sabbia;Anorith;28/100
EX Tempesta di Sabbia;Arbok;29/100
EX Tempesta di Sabbia;Azumarill;30/100
EX Tempesta di Sabbia;Azurill;31/100
EX Tempesta di Sabbia;Baltoy;32/100
EX Tempesta di Sabbia;Breloom;33/100
EX Tempesta di Sabbia;Delcatty;34/100
EX Tempesta di Sabbia;Electabuzz;35/100
EX Tempesta di Sabbia;Elekid;36/100
EX Tempesta di Sabbia;Fearow;37/100
EX Tempesta di Sabbia;Illumise;38/100
EX Tempesta di Sabbia;Kabuto;39/100
EX Tempesta di Sabbia;Kirlia;40/100
EX Tempesta di Sabbia;Lairon;41/100
EX Tempesta di Sabbia;Lileep;42/100
EX Tempesta di Sabbia;Lileep;43/100
EX Tempesta di Sabbia;Linoone;44/100
EX Tempesta di Sabbia;Lombre;45/100
EX Tempesta di Sabbia;Lombre;46/100
EX Tempesta di Sabbia;Murkrow;47/100
EX Tempesta di Sabbia;Nuzleaf;48/100
EX Tempesta di Sabbia;Nuzleaf;49/100
EX Tempesta di Sabbia;Pelipper;50/100
EX Tempesta di Sabbia;Quilava;51/100
EX Tempesta di Sabbia;Vigoroth;52/100
EX Tempesta di Sabbia;Volbeat;53/100
EX Tempesta di Sabbia;Wynaut;54/100
EX Tempesta di Sabbia;Xatu;55/100
EX Tempesta di Sabbia;Aron;56/100
EX Tempesta di Sabbia;Cacnea;57/100
EX Tempesta di Sabbia;Cacnea;58/100
EX Tempesta di Sabbia;Cyndaquil;59/100
EX Tempesta di Sabbia;Dunsparce;60/100
EX Tempesta di Sabbia;Duskull;61/100
EX Tempesta di Sabbia;Duskull;62/100
EX Tempesta di Sabbia;Eevee;63/100
EX Tempesta di Sabbia;Ekans;64/100
EX Tempesta di Sabbia;Growlithe;65/100
EX Tempesta di Sabbia;Lotad;66/100
EX Tempesta di Sabbia;Lotad;67/100
EX Tempesta di Sabbia;Marill;68/100
EX Tempesta di Sabbia;Natu;69/100
EX Tempesta di Sabbia;Omanyte;70/100
EX Tempesta di Sabbia;Onix;71/100
EX Tempesta di Sabbia;Pikachu;72/100
EX Tempesta di Sabbia;Psyduck;73/100
EX Tempesta di Sabbia;Ralts;74/100
EX Tempesta di Sabbia;Sandshrew;75/100
EX Tempesta di Sabbia;Seedot;76/100
EX Tempesta di Sabbia;Seedot;77/100
EX Tempesta di Sabbia;Shroomish;78/100
EX Tempesta di Sabbia;Skitty;79/100
EX Tempesta di Sabbia;Slakoth;80/100
EX Tempesta di Sabbia;Spearow;81/100
EX Tempesta di Sabbia;Trapinch;82/100
EX Tempesta di Sabbia;Wailmer;83/100
EX Tempesta di Sabbia;Wingull;84/100
EX Tempesta di Sabbia;Zigzagoon;85/100
EX Tempesta di Sabbia;Doppio Recupero Totale;86/100
EX Tempesta di Sabbia;Ricerca in Rete di Lanette;87/100
EX Tempesta di Sabbia;Caramella Rara;88/100
EX Tempesta di Sabbia;Addestramento di Lino;89/100
EX Tempesta di Sabbia;Artiglio Fossile;90/100
EX Tempesta di Sabbia;Fossile Misterioso;91/100
EX Tempesta di Sabbia;Radice Fossile;92/100
EX Tempesta di Sabbia;Multienergia;93/100
EX Tempesta di Sabbia;Aerodactyl ex;94/100
EX Tempesta di Sabbia;Aggron ex;95/100
EX Tempesta di Sabbia;Gardevoir ex;96/100
EX Tempesta di Sabbia;Kabutops ex;97/100
EX Tempesta di Sabbia;Raichu ex;98/100
EX Tempesta di Sabbia;Typhlosion ex;99/100
EX Tempesta di Sabbia;Wailord ex;100/100
Eclissi Cosmica;Venusaur e Snivy GX;1/236
Eclissi Cosmica;Oddish;2/236
Eclissi Cosmica;Gloom;3/236
Eclissi Cosmica;Vileplume;4/236
Eclissi Cosmica;Tangela;5/236
Eclissi Cosmica;Tangrowth;6/236
Eclissi Cosmica;Sunkern;7/236
Eclissi Cosmica;Sunflora;8/236
Eclissi Cosmica;Heracross;9/236
Eclissi Cosmica;Lileep;10/236
Eclissi Cosmica;Cradily;11/236
Eclissi Cosmica;Tropius;12/236
Eclissi Cosmica;Kricketot;13/236
Eclissi Cosmica;Kricketune;14/236
Eclissi Cosmica;Deerling;15/236
Eclissi Cosmica;Sawsbuck;16/236
Eclissi Cosmica;Rowlet;17/236
Eclissi Cosmica;Rowlet;18/236
Eclissi Cosmica;Dartrix;19/236
Eclissi Cosmica;Decidueye;20/236
Eclissi Cosmica;Buzzwole;21/236
Eclissi Cosmica;Charizard e Braixen;22/236
Eclissi Cosmica;Ponyta;23/236
Eclissi Cosmica;Rapidash;24/236
Eclissi Cosmica;Flareon;25/236
Eclissi Cosmica;Slugma;26/236
Eclissi Cosmica;Magcargo;27/236
Eclissi Cosmica;Entei;28/236
Eclissi Cosmica;Torkoal;29/236
Eclissi Cosmica;Victini;30/236
Eclissi Cosmica;Tepig;31/236
Eclissi Cosmica;Pignite;32/236
Eclissi Cosmica;Emboar;33/236
Eclissi Cosmica;Larvesta;34/236
Eclissi Cosmica;Volcarona;35/236
Eclissi Cosmica;Litleo;36/236
Eclissi Cosmica;Pyroar;37/236
Eclissi Cosmica;Blastoise e Piplup;38/236
Eclissi Cosmica;Vulpix di Alola;39/236
Eclissi Cosmica;Psyduck;40/236
Eclissi Cosmica;Golduck;41/236
Eclissi Cosmica;Vaporeon;42/236
Eclissi Cosmica;Sneasel;43/236
Eclissi Cosmica;Weavile;44/236
Eclissi Cosmica;Wailmer;45/236
Eclissi Cosmica;Wailord;46/236
Eclissi Cosmica;Snorunt;47/236
Eclissi Cosmica;Glalie;48/236
Eclissi Cosmica;Spheal;49/236
Eclissi Cosmica;Spheal;50/236
Eclissi Cosmica;Sealeo;51/236
Eclissi Cosmica;Walrein;52/236
Eclissi Cosmica;Kyogre;53/236
Eclissi Cosmica;Piplup;54/236
Eclissi Cosmica;Prinplup;55/236
Eclissi Cosmica;Empoleon;56/236
Eclissi Cosmica;Phione;57/236
Eclissi Cosmica;Tympole;58/236
Eclissi Cosmica;Ducklett;59/236
Eclissi Cosmica;Swanna;60/236
Eclissi Cosmica;Kyurem Nero;61/236
Eclissi Cosmica;Wishiwashi;62/236
Eclissi Cosmica;Wishiwashi;63/236
Eclissi Cosmica;Dewpider;64/236
Eclissi Cosmica;Araquanid;65/236
Eclissi Cosmica;Pikachu;66/236
Eclissi Cosmica;Raichu;67/236
Eclissi Cosmica;Magnemite;68/236
Eclissi Cosmica;Magneton;69/236
Eclissi Cosmica;Jolteon;70/236
Eclissi Cosmica;Chinchou;71/236
Eclissi Cosmica;Lanturn;72/236
Eclissi Cosmica;Togedemaru;73/236
Eclissi Cosmica;Togedemaru;74/236
Eclissi Cosmica;Solgaleo e Lunala;75/236
Eclissi Cosmica;Koffing;76/236
Eclissi Cosmica;Weezing;77/236
Eclissi Cosmica;Natu;78/236
Eclissi Cosmica;Xatu;79/236
Eclissi Cosmica;Ralts;80/236
Eclissi Cosmica;Kirlia;81/236
Eclissi Cosmica;Gallade;82/236
Eclissi Cosmica;Duskull;83/236
Eclissi Cosmica;Dusclops;84/236
Eclissi Cosmica;Dusknoir;85/236
Eclissi Cosmica;Rotom;86/236
Eclissi Cosmica;Woobat;87/236
Eclissi Cosmica;Swoobat;88/236
Eclissi Cosmica;Golett;89/236
Eclissi Cosmica;Golurk;90/236
Eclissi Cosmica;Skrelp;91/236
Eclissi Cosmica;Dragalge;92/236
Eclissi Cosmica;Phantump;93/236
Eclissi Cosmica;Trevenant;94/236
Eclissi Cosmica;Oricorio;95/236
Eclissi Cosmica;Mimikyu;96/236
Eclissi Cosmica;Mimikyu;97/236
Eclissi Cosmica;Dhelmise;98/236
Eclissi Cosmica;Cosmog;99/236
Eclissi Cosmica;Cosmog;100/236
Eclissi Cosmica;Cosmoem;101/236
Eclissi Cosmica;Lunala;102/236
Eclissi Cosmica;Marshadow;103/236
Eclissi Cosmica;Blacephalon;104/236
Eclissi Cosmica;Onix;105/236
Eclissi Cosmica;Nosepass;106/236
Eclissi Cosmica;Trapinch;107/236
Eclissi Cosmica;Trapinch;108/236
Eclissi Cosmica;Vibrava;109/236
Eclissi Cosmica;Flygon;110/236
Eclissi Cosmica;Anorith;111/236
Eclissi Cosmica;Armaldo;112/236
Eclissi Cosmica;Groudon;113/236
Eclissi Cosmica;Drilbur;114/236
Eclissi Cosmica;Excadrill;115/236
Eclissi Cosmica;Palpitoad;116/236
Eclissi Cosmica;Seismitoad;117/236
Eclissi Cosmica;Throh;118/236
Eclissi Cosmica;Pancham;119/236
Eclissi Cosmica;Pangoro;120/236
Eclissi Cosmica;Crabrawler;121/236
Eclissi Cosmica;Crabominable;122/236
Eclissi Cosmica;Rockruff;123/236
Eclissi Cosmica;Lycanroc;124/236
Eclissi Cosmica;Passimian;125/236
Eclissi Cosmica;Sandygast;126/236
Eclissi Cosmica;Palossand;127/236
Eclissi Cosmica;Meowth di Alola;128/236
Eclissi Cosmica;Persian di Alola;129/236
Eclissi Cosmica;Grimer di Alola;130/236
Eclissi Cosmica;Muk di Alola;131/236
Eclissi Cosmica;Carvanha;132/236
Eclissi Cosmica;Absol;133/236
Eclissi Cosmica;Pawniard;134/236
Eclissi Cosmica;Bisharp;135/236
Eclissi Cosmica;Guzzlord;136/236
Eclissi Cosmica;Sandshrew di Alola;137/236
Eclissi Cosmica;Sandslash di Alola;138/236
Eclissi Cosmica;Steelix;139/236
Eclissi Cosmica;Mawile;140/236
Eclissi Cosmica;Probopass;141/236
Eclissi Cosmica;Solgaleo;142/236
Eclissi Cosmica;Togepi, Cleffa e Igglybuff;143/236
Eclissi Cosmica;Clefairy;144/236
Eclissi Cosmica;Ninetales di Alola;145/236
Eclissi Cosmica;Azurill;146/236
Eclissi Cosmica;Cottonee;147/236
Eclissi Cosmica;Whimsicott;148/236
Eclissi Cosmica;Flab b;149/236
Eclissi Cosmica;Flab b;150/236
Eclissi Cosmica;Floette;151/236
Eclissi Cosmica;Florges;152/236
Eclissi Cosmica;Swirlix;153/236
Eclissi Cosmica;Slurpuff;154/236
Eclissi Cosmica;Sylveon;155/236
Eclissi Cosmica;Arceus, Dialga e Palkia;156/236
Eclissi Cosmica;Reshiram e Zekrom;157/236
Eclissi Cosmica;Naganadel e Guzzlord;158/236
Eclissi Cosmica;Drampa;159/236
Eclissi Cosmica;Jangmo;160/236
Eclissi Cosmica;Jangmo;161/236
Eclissi Cosmica;Hakamo;162/236
Eclissi Cosmica;Kommo;163/236
Eclissi Cosmica;UltraNecrozma;164/236
Eclissi Cosmica;Mega Lopunny e Jigglypuff;165/236
Eclissi Cosmica;Eevee;166/236
Eclissi Cosmica;Eevee;167/236
Eclissi Cosmica;Igglybuff;168/236
Eclissi Cosmica;Aipom;169/236
Eclissi Cosmica;Ambipom;170/236
Eclissi Cosmica;Teddiursa;171/236
Eclissi Cosmica;Ursaring;172/236
Eclissi Cosmica;Zangoose;173/236
Eclissi Cosmica;Lillipup;174/236
Eclissi Cosmica;Herdier;175/236
Eclissi Cosmica;Stoutland;176/236
Eclissi Cosmica;Rufflet;177/236
Eclissi Cosmica;Braviary;178/236
Eclissi Cosmica;Helioptile;179/236
Eclissi Cosmica;Heliolisk;180/236
Eclissi Cosmica;Stufful;181/236
Eclissi Cosmica;Bewear;182/236
Eclissi Cosmica;Tipo Zero;183/236
Eclissi Cosmica;Silvally;184/236
Eclissi Cosmica;Pietra Ultracreatura;185/236
Eclissi Cosmica;Malicia e Fantasilvestro;186/236
Eclissi Cosmica;Caos Gravitazionale;187/236
Eclissi Cosmica;Rafan;188/236
Eclissi Cosmica;Camilla e Catlina;189/236
Eclissi Cosmica;Draconium Z: Dragartigli;190/236
Eclissi Cosmica;Erika;191/236
Eclissi Cosmica;Acchiappa;192/236
Eclissi Cosmica;Guzman e Hala;193/236
Eclissi Cosmica;Ciondolo del giro delle isole;194/236
Eclissi Cosmica;Amo di Suiren;195/236
Eclissi Cosmica;Lylia alla Massima Potenza;196/236
Eclissi Cosmica;Pok Bambola di Lylia;197/236
Eclissi Cosmica;Ibis e Suiren;198/236
Eclissi Cosmica;Misty e Lorelei;199/236
Eclissi Cosmica;Grinta di N;200/236
Eclissi Cosmica;Allestimento del Professor Oak;201/236
Eclissi Cosmica;Rosso e Blu;202/236
Eclissi Cosmica;Pattinatrice;203/236
Eclissi Cosmica;Rina;204/236
Eclissi Cosmica;Velia;205/236
Eclissi Cosmica;Richiamo Alleati;206/236
Eclissi Cosmica;Fossile Sconosciuto;207/236
Eclissi Cosmica;Pino;208/236
Eclissi Cosmica;Energia Pesca;209/236
Eclissi Cosmica;Venusaur e Snivy;210/236
Eclissi Cosmica;Vileplume;211/236
Eclissi Cosmica;Charizard e Braixen;212/236
Eclissi Cosmica;Volcarona;213/236
Eclissi Cosmica;Blastoise e Piplup;214/236
Eclissi Cosmica;Blastoise e Piplup;215/236
Eclissi Cosmica;Solgaleo e Lunala;216/236
Eclissi Cosmica;Oricorio;217/236
Eclissi Cosmica;Flygon;218/236
Eclissi Cosmica;Persian di Alola;219/236
Eclissi Cosmica;Arceus, Dialga e Palkia;220/236
Eclissi Cosmica;Arceus, Dialga e Palkia;221/236
Eclissi Cosmica;Reshiram e Zekrom;222/236
Eclissi Cosmica;Naganadel e Guzzlord;223/236
Eclissi Cosmica;Naganadel e Guzzlord;224/236
Eclissi Cosmica;Mega Lopunny e Jigglypuff;225/236
Eclissi Cosmica;Mega Lopunny e Jigglypuff;226/236
Eclissi Cosmica;Silvally;227/236
Eclissi Cosmica;Camilla e Catlina;228/236
Eclissi Cosmica;Guzman e Hala;229/236
Eclissi Cosmica;Lylia alla Massima Potenza;230/236
Eclissi Cosmica;Ibis e Suiren;231/236
Eclissi Cosmica;Grinta di N;232/236
Eclissi Cosmica;Allestimento del Professor Oak;233/236
Eclissi Cosmica;Rosso e Blu;234/236
Eclissi Cosmica;Pattinatrice;235/236
Eclissi Cosmica;Rina;236/236
Eclissi Cosmica;Torkoal;237/236
Eclissi Cosmica;Weavile;238/236
Eclissi Cosmica;Piplup;239/236
Eclissi Cosmica;Wishiwashi;240/236
Eclissi Cosmica;Pikachu;241/236
Eclissi Cosmica;Magnemite;242/236
Eclissi Cosmica;Koffing;243/236
Eclissi Cosmica;Gallade;244/236
Eclissi Cosmica;Mimikyu;245/236
Eclissi Cosmica;Excadrill;246/236
Eclissi Cosmica;Steelix;247/236
Eclissi Cosmica;Stoutland;248/236
Eclissi Cosmica;Venusaur e Snivy;249/236
Eclissi Cosmica;Vileplume;250/236
Eclissi Cosmica;Charizard e Braixen;251/236
Eclissi Cosmica;Volcarona;252/236
Eclissi Cosmica;Blastoise e Piplup;253/236
Eclissi Cosmica;Solgaleo e Lunala;254/236
Eclissi Cosmica;Oricorio;255/236
Eclissi Cosmica;Flygon;256/236
Eclissi Cosmica;Persian di Alola;257/236
Eclissi Cosmica;Arceus, Dialga e Palkia;258/236
Eclissi Cosmica;Reshiram e Zekrom;259/236
Eclissi Cosmica;Naganadel e Guzzlord;260/236
Eclissi Cosmica;Mega Lopunny e Jigglypuff;261/236
Eclissi Cosmica;Silvally;262/236
Eclissi Cosmica;Focolare Gigante;263/236
Eclissi Cosmica;Acchiappa;264/236
Eclissi Cosmica;Ciondolo del giro delle isole;265/236
Eclissi Cosmica;Amo di Suiren;266/236
Eclissi Cosmica;Pok Bambola di Lylia;267/236
Eclissi Cosmica;Dojo di Arti Marziali;268/236
Eclissi Cosmica;Centrale Elettrica;269/236
Eclissi Cosmica;Richiamo Alleati;270/236
Eclissi Cosmica;Energia Pesca;271/236
Equilibrio perfetto;Spinarak;001/088
Equilibrio perfetto;Ariados;002/088
Equilibrio perfetto;Shaymin;003/088
Equilibrio perfetto;Snivy;004/088
Equilibrio perfetto;Servine;005/088
Equilibrio perfetto;Serperior;006/088
Equilibrio perfetto;Scatterbug;007/088
Equilibrio perfetto;Spewpa;008/088
Equilibrio perfetto;Vivillon;009/088
Equilibrio perfetto;Rowlet;010/088
Equilibrio perfetto;Dartrix;011/088
Equilibrio perfetto;Decidueye;012/088
Equilibrio perfetto;Fletchinder;013/088
Equilibrio perfetto;Talonflame;014/088
Equilibrio perfetto;Salandit;015/088
Equilibrio perfetto;Salazzle;016/088
Equilibrio perfetto;Turtonator;017/088
Equilibrio perfetto;Seel;018/088
Equilibrio perfetto;Dewgong;019/088
Equilibrio perfetto;Staryu;020/088
Equilibrio perfetto;Mega Starmie;021/088
Equilibrio perfetto;Lapras;022/088
Equilibrio perfetto;Amaura;023/088
Equilibrio perfetto;Aurorus;024/088
Equilibrio perfetto;Volcanion;025/088
Equilibrio perfetto;Shinx;026/088
Equilibrio perfetto;Luxio;027/088
Equilibrio perfetto;Luxray;028/088
Equilibrio perfetto;Dedenne;029/088
Equilibrio perfetto;Clefairy;030/088
Equilibrio perfetto;Mega Clefable;031/088
Equilibrio perfetto;Mawile;032/088
Equilibrio perfetto;Espurr;033/088
Equilibrio perfetto;Meowstic;034/088
Equilibrio perfetto;Spritzee;035/088
Equilibrio perfetto;Aromatisse;036/088
Equilibrio perfetto;Nosepass;037/088
Equilibrio perfetto;Probopass;038/088
Equilibrio perfetto;Hippopotas;039/088
Equilibrio perfetto;Hippowdon;040/088
Equilibrio perfetto;Landorus;041/088
Equilibrio perfetto;Binacle;042/088
Equilibrio perfetto;Barbaracle;043/088
Equilibrio perfetto;Tyrunt;044/088
Equilibrio perfetto;Tyrantrum;045/088
Equilibrio perfetto;Hawlucha;046/088
Equilibrio perfetto;Mega Zygarde;047/088
Equilibrio perfetto;Gastly;048/088
Equilibrio perfetto;Haunter;049/088
Equilibrio perfetto;Gengar;050/088
Equilibrio perfetto;Skorupi;051/088
Equilibrio perfetto;Drapion;052/088
Equilibrio perfetto;Yveltal;053/088
Equilibrio perfetto;Chien;054/088
Equilibrio perfetto;Mega Skarmory;055/088
Equilibrio perfetto;Honedge;056/088
Equilibrio perfetto;Doublade;057/088
Equilibrio perfetto;Aegislash;058/088
Equilibrio perfetto;Klefki;059/088
Equilibrio perfetto;Rattata;060/088
Equilibrio perfetto;Raticate;061/088
Equilibrio perfetto;Meowth;062/088
Equilibrio perfetto;Snorlax;063/088
Equilibrio perfetto;Bunnelby;064/088
Equilibrio perfetto;Diggersby;065/088
Equilibrio perfetto;Fletchling;066/088
Equilibrio perfetto;Furfrou;067/088
Equilibrio perfetto;Vecchio Fossilmascella;068/088
Equilibrio perfetto;Vecchio Fossilpinna;069/088
Equilibrio perfetto;Memoria Nucleare;070/088
Equilibrio perfetto;Martello Dirompente;071/088
Equilibrio perfetto;Ricerca di Energia;072/088
Equilibrio perfetto;Scaccia Energie;073/088
Equilibrio perfetto;Pala Scavabuche;074/088
Equilibrio perfetto;Viola;075/088
Equilibrio perfetto;Arbitro;076/088
Equilibrio perfetto;Luminopoli;077/088
Equilibrio perfetto;Pan di Lumi;078/088
Equilibrio perfetto;Virgil;079/088
Equilibrio perfetto;Poké Ball;080/088
Equilibrio perfetto;Poké Pad;081/088
Equilibrio perfetto;Acchiappa;082/088
Equilibrio perfetto;Pozione;083/088
Equilibrio perfetto;Incoraggiamento di Rina;084/088
Equilibrio perfetto;Tarragon;085/088
Equilibrio perfetto;Energia Erba Rigogliosa;086/088
Equilibrio perfetto;Energia Lotta Rocciosa;087/088
Equilibrio perfetto;Energia Psico Telepatica;088/088
Equilibrio perfetto;Spewpa;089/088
Equilibrio perfetto;Rowlet;090/088
Equilibrio perfetto;Talonflame;091/088
Equilibrio perfetto;Aurorus;092/088
Equilibrio perfetto;Clefairy;094/088
Equilibrio perfetto;Espurr;095/088
Equilibrio perfetto;Probopass;096/088
Equilibrio perfetto;Drapion;097/088
Equilibrio perfetto;Doublade;098/088
Equilibrio perfetto;Raticate;099/088
Equilibrio perfetto;Decidueye;100/088
Equilibrio perfetto;Salazzle;101/088
Equilibrio perfetto;Mega Starmie;102/088
Equilibrio perfetto;Mega Clefable;103/088
Equilibrio perfetto;Mega Zygarde;104/088
Equilibrio perfetto;Yveltal;105/088
Equilibrio perfetto;Mega Skarmory;106/088
Equilibrio perfetto;Meowth;107/088
Equilibrio perfetto;Riciclaggio di Energia;108/088
Equilibrio perfetto;Bosco della Vitalità;109/088
Equilibrio perfetto;Viola;110/088
Equilibrio perfetto;Luminopoli;111/088
Equilibrio perfetto;Virgil;112/088
Equilibrio perfetto;Poké Pad;113/088
Equilibrio perfetto;Incoraggiamento di Rina;114/088
Equilibrio perfetto;Cenere magica;115/088
Equilibrio perfetto;Tarragon;116/088
Equilibrio perfetto;Distintivo Meraviglioso;117/088
Equilibrio perfetto;Mega Starmie;118/088
Equilibrio perfetto;Mega Clefable;119/088
Equilibrio perfetto;Mega Zygarde;120/088
Equilibrio perfetto;Meowth;121/088
Equilibrio perfetto;Viola;122/088
Equilibrio perfetto;Incoraggiamento di Rina;123/088
Equilibrio perfetto;Mega Zygarde;124/088
Esploratori delle Tenebre;Bulbasaur;1/108
Esploratori delle Tenebre;Ivysaur;2/108
Esploratori delle Tenebre;Venusaur;3/108
Esploratori delle Tenebre;Scyther;4/108
Esploratori delle Tenebre;Carnivine;5/108
Esploratori delle Tenebre;Leafeon;6/108
Esploratori delle Tenebre;Dwebble;7/108
Esploratori delle Tenebre;Crustle;8/108
Esploratori delle Tenebre;Karrablast;9/108
Esploratori delle Tenebre;Shelmet;10/108
Esploratori delle Tenebre;Accelgor;11/108
Esploratori delle Tenebre;Flareon;12/108
Esploratori delle Tenebre;Entei;13/108
Esploratori delle Tenebre;Torchic;14/108
Esploratori delle Tenebre;Torchic;15/108
Esploratori delle Tenebre;Combusken;16/108
Esploratori delle Tenebre;Blaziken;17/108
Esploratori delle Tenebre;Torkoal;18/108
Esploratori delle Tenebre;Heatmor;19/108
Esploratori delle Tenebre;Larvesta;20/108
Esploratori delle Tenebre;Larvesta;21/108
Esploratori delle Tenebre;Volcarona;22/108
Esploratori delle Tenebre;Slowpoke;23/108
Esploratori delle Tenebre;Slowbro;24/108
Esploratori delle Tenebre;Vaporeon;25/108
Esploratori delle Tenebre;Kyogre;26/108
Esploratori delle Tenebre;Piplup;27/108
Esploratori delle Tenebre;Prinplup;28/108
Esploratori delle Tenebre;Empoleon;29/108
Esploratori delle Tenebre;Glaceon;30/108
Esploratori delle Tenebre;Tympole;31/108
Esploratori delle Tenebre;Palpitoad;32/108
Esploratori delle Tenebre;Vanillite;33/108
Esploratori delle Tenebre;Vanillish;34/108
Esploratori delle Tenebre;Ducklett;35/108
Esploratori delle Tenebre;Swanna;36/108
Esploratori delle Tenebre;Jolteon;37/108
Esploratori delle Tenebre;Raikou;38/108
Esploratori delle Tenebre;Plusle;39/108
Esploratori delle Tenebre;Minun;40/108
Esploratori delle Tenebre;Joltik;41/108
Esploratori delle Tenebre;Joltik;42/108
Esploratori delle Tenebre;Galvantula;43/108
Esploratori delle Tenebre;Tynamo;44/108
Esploratori delle Tenebre;Tynamo;45/108
Esploratori delle Tenebre;Eelektrik;46/108
Esploratori delle Tenebre;Eelektross;47/108
Esploratori delle Tenebre;Espeon;48/108
Esploratori delle Tenebre;Slowking;49/108
Esploratori delle Tenebre;Woobat;50/108
Esploratori delle Tenebre;Yamask;51/108
Esploratori delle Tenebre;Cofagrigus;52/108
Esploratori delle Tenebre;Aerodactyl;53/108
Esploratori delle Tenebre;Groudon;54/108
Esploratori delle Tenebre;Drilbur;55/108
Esploratori delle Tenebre;Excadrill;56/108
Esploratori delle Tenebre;Excadrill;57/108
Esploratori delle Tenebre;Timburr;58/108
Esploratori delle Tenebre;Gurdurr;59/108
Esploratori delle Tenebre;Umbreon;60/108
Esploratori delle Tenebre;Umbreon;61/108
Esploratori delle Tenebre;Sableye;62/108
Esploratori delle Tenebre;Darkrai;63/108
Esploratori delle Tenebre;Sandile;64/108
Esploratori delle Tenebre;Krokorok;65/108
Esploratori delle Tenebre;Krookodile;66/108
Esploratori delle Tenebre;Scraggy;67/108
Esploratori delle Tenebre;Scrafty;68/108
Esploratori delle Tenebre;Zorua;69/108
Esploratori delle Tenebre;Zorua;70/108
Esploratori delle Tenebre;Zoroark;71/108
Esploratori delle Tenebre;Bisharp;72/108
Esploratori delle Tenebre;Vullaby;73/108
Esploratori delle Tenebre;Escavalier;74/108
Esploratori delle Tenebre;Klink;75/108
Esploratori delle Tenebre;Klang;76/108
Esploratori delle Tenebre;Klinklang;77/108
Esploratori delle Tenebre;Pawniard;78/108
Esploratori delle Tenebre;Bisharp;79/108
Esploratori delle Tenebre;Chansey;80/108
Esploratori delle Tenebre;Chansey;81/108
Esploratori delle Tenebre;Blissey;82/108
Esploratori delle Tenebre;Eevee;83/108
Esploratori delle Tenebre;Eevee;84/108
Esploratori delle Tenebre;Chatot;85/108
Esploratori delle Tenebre;Lillipup;86/108
Esploratori delle Tenebre;Herdier;87/108
Esploratori delle Tenebre;Stoutland;88/108
Esploratori delle Tenebre;Haxorus;89/108
Esploratori delle Tenebre;Tornadus;90/108
Esploratori delle Tenebre;Komor;91/108
Esploratori delle Tenebre;Scurartigli;92/108
Esploratori delle Tenebre;Rinvigoscuro;93/108
Esploratori delle Tenebre;Supermartello;94/108
Esploratori delle Tenebre;Teppisti Bo & Brian;95/108
Esploratori delle Tenebre;N;96/108
Esploratori delle Tenebre;Ambra Antica di Aerodactyl;97/108
Esploratori delle Tenebre;Prof.ssa Aralia;98/108
Esploratori delle Tenebre;Destinatario Casuale;99/108
Esploratori delle Tenebre;Caramella Rara;100/108
Esploratori delle Tenebre;Monte Vite;101/108
Esploratori delle Tenebre;Ultra Ball;102/108
Esploratori delle Tenebre;Entei ex;103/108
Esploratori delle Tenebre;Kyogre ex;104/108
Esploratori delle Tenebre;Raikou ex;105/108
Esploratori delle Tenebre;Groudon ex;106/108
Esploratori delle Tenebre;Darkrai ex;107/108
Esploratori delle Tenebre;Tornadus ex;108/108
Esploratori delle Tenebre;Gardevoir ex;109/108
Esploratori delle Tenebre;Archeops;110/108
Esploratori delle Tenebre;Acchiappa;111/108
Esplosione Plasma;Surskit;1/101
Esplosione Plasma;Masquerain;2/101
Esplosione Plasma;Lileep;3/101
Esplosione Plasma;Cradily;4/101
Esplosione Plasma;Tropius;5/101
Esplosione Plasma;Karrablast;6/101
Esplosione Plasma;Shelmet;7/101
Esplosione Plasma;Accelgor;8/101
Esplosione Plasma;Virizion ex;9/101
Esplosione Plasma;Genesect;10/101
Esplosione Plasma;Genesect ex;11/101
Esplosione Plasma;Larvesta;12/101
Esplosione Plasma;Volcarona;13/101
Esplosione Plasma;Squirtle;14/101
Esplosione Plasma;Wartortle;15/101
Esplosione Plasma;Blastoise;16/101
Esplosione Plasma;Lapras;17/101
Esplosione Plasma;Remoraid;18/101
Esplosione Plasma;Octillery;19/101
Esplosione Plasma;Suicune;20/101
Esplosione Plasma;Snorunt;21/101
Esplosione Plasma;Glalie;22/101
Esplosione Plasma;Froslass;23/101
Esplosione Plasma;Relicanth;24/101
Esplosione Plasma;Snover;25/101
Esplosione Plasma;Abomasnow;26/101
Esplosione Plasma;Tirtouga;27/101
Esplosione Plasma;Carracosta;28/101
Esplosione Plasma;Ducklett;29/101
Esplosione Plasma;Kyurem;30/101
Esplosione Plasma;Tynamo;31/101
Esplosione Plasma;Eelektrik;32/101
Esplosione Plasma;Eelektross;33/101
Esplosione Plasma;Drifloon;34/101
Esplosione Plasma;Drifblim;35/101
Esplosione Plasma;Uxie;36/101
Esplosione Plasma;Mesprit;37/101
Esplosione Plasma;Azelf;38/101
Esplosione Plasma;Munna;39/101
Esplosione Plasma;Musharna;40/101
Esplosione Plasma;Sigilyph;41/101
Esplosione Plasma;Solosis;42/101
Esplosione Plasma;Duosion;43/101
Esplosione Plasma;Reuniclus;44/101
Esplosione Plasma;Golett;45/101
Esplosione Plasma;Golurk;46/101
Esplosione Plasma;Machop;47/101
Esplosione Plasma;Machoke;48/101
Esplosione Plasma;Machamp;49/101
Esplosione Plasma;Machamp;50/101
Esplosione Plasma;Throh;51/101
Esplosione Plasma;Sawk;52/101
Esplosione Plasma;Archen;53/101
Esplosione Plasma;Archeops;54/101
Esplosione Plasma;Houndour;55/101
Esplosione Plasma;Houndoom;56/101
Esplosione Plasma;Aron;57/101
Esplosione Plasma;Lairon;58/101
Esplosione Plasma;Aggron;59/101
Esplosione Plasma;Jirachi ex;60/101
Esplosione Plasma;Escavalier;61/101
Esplosione Plasma;Bagon;62/101
Esplosione Plasma;Shelgon;63/101
Esplosione Plasma;Salamence;64/101
Esplosione Plasma;Dialga ex;65/101
Esplosione Plasma;Palkia ex;66/101
Esplosione Plasma;Axew;67/101
Esplosione Plasma;Fraxure;68/101
Esplosione Plasma;Haxorus;69/101
Esplosione Plasma;Druddigon;70/101
Esplosione Plasma;Kangaskhan;71/101
Esplosione Plasma;Porygon;72/101
Esplosione Plasma;Porygon2;73/101
Esplosione Plasma;Porygon;74/101
Esplosione Plasma;Teddiursa;75/101
Esplosione Plasma;Ursaring;76/101
Esplosione Plasma;Chatot;77/101
Esplosione Plasma;Catlina;78/101
Esplosione Plasma;Fossiltappo;79/101
Esplosione Plasma;Recupero di Energia;80/101
Esplosione Plasma;Iris;81/101
Esplosione Plasma;Fossilpiuma;82/101
Esplosione Plasma;Acchiappa;83/101
Esplosione Plasma;Prof.ssa Aralia;84/101
Esplosione Plasma;Caramella Rara;85/101
Esplosione Plasma;Invertitore;86/101
Esplosione Plasma;Radifossile Lileep;87/101
Esplosione Plasma;Braccialargento;88/101
Esplosione Plasma;Specchiargento;89/101
Esplosione Plasma;Ultra Ball;90/101
Esplosione Plasma;Energia Plasma;91/101
Esplosione Plasma;Carica G;92/101
Esplosione Plasma;Mirino G;93/101
Esplosione Plasma;Master Ball;94/101
Esplosione Plasma;Mega Recupero;95/101
Esplosione Plasma;Virizion ex;96/101
Esplosione Plasma;Genesect ex;97/101
Esplosione Plasma;Jirachi ex;98/101
Esplosione Plasma;Dialga ex;99/101
Esplosione Plasma;Palkia ex;100/101
Esplosione Plasma;Iris;101/101
Esplosione Plasma;Exeggcute;102/101
Esplosione Plasma;Virizion;103/101
Esplosione Plasma;Dusknoir;104/101
Esplosione Plasma;Caramella Rara;105/101
Evoluzioni;Venusaur ex;1/108
Evoluzioni;Mvenusaur ex;2/108
Evoluzioni;Caterpie;3/108
Evoluzioni;Metapod;4/108
Evoluzioni;Weedle;5/108
Evoluzioni;Kakuna;6/108
Evoluzioni;Beedrill;7/108
Evoluzioni;Tangela;8/108
Evoluzioni;Charmander;9/108
Evoluzioni;Charmeleon;10/108
Evoluzioni;Charizard;11/108
Evoluzioni;Charizard'ex;12/108
Evoluzioni;MCharizard ex;13/108
Evoluzioni;Vulpix;14/108
Evoluzioni;Ninetales;15/108
Evoluzioni;Ninetales turbo;16/108
Evoluzioni;Growlithe;17/108
Evoluzioni;Arcanine;18/108
Evoluzioni;Ponyta;19/108
Evoluzioni;Magmar;20/108
Evoluzioni;Blastoise ex;21/108
Evoluzioni;Mblastoise ex;22/108
Evoluzioni;Poliwag;23/108
Evoluzioni;Poliwhirl;24/108
Evoluzioni;Poliwrath;25/108
Evoluzioni;Slowbro ex;26/108
Evoluzioni;MSlowbro ex;27/108
Evoluzioni;Seel;28/108
Evoluzioni;Dewgong;29/108
Evoluzioni;Staryu;30/108
Evoluzioni;Starmie;31/108
Evoluzioni;Starmie turbo;32/108
Evoluzioni;Magikarp;33/108
Evoluzioni;Gyarados;34/108
Evoluzioni;Pikachu;35/108
Evoluzioni;Raichu;36/108
Evoluzioni;Magnemite;37/108
Evoluzioni;Magneton;38/108
Evoluzioni;Voltorb;39/108
Evoluzioni;Electrode;40/108
Evoluzioni;Electabuzz;41/108
Evoluzioni;Zapdos;42/108
Evoluzioni;Nidoran?;43/108
Evoluzioni;Nidorino;44/108
Evoluzioni;Nidoking;45/108
Evoluzioni;Nidoking turbo;46/108
Evoluzioni;Gastly;47/108
Evoluzioni;Haunter;48/108
Evoluzioni;Drowzee;49/108
Evoluzioni;Koffing;50/108
Evoluzioni;Mewtwo;51/108
Evoluzioni;Mewtwo ex;52/108
Evoluzioni;Mew;53/108
Evoluzioni;Sandshrew;54/108
Evoluzioni;Diglett;55/108
Evoluzioni;Dugtrio;56/108
Evoluzioni;Machop;57/108
Evoluzioni;Machoke;58/108
Evoluzioni;Machamp;59/108
Evoluzioni;Machamp turbo;60/108
Evoluzioni;Onix;61/108
Evoluzioni;Hitmonchan;62/108
Evoluzioni;Clefairy;63/108
Evoluzioni;Pidgeot ex;64/108
Evoluzioni;MPidgeot ex;65/108
Evoluzioni;Rattata;66/108
Evoluzioni;Raticate;67/108
Evoluzioni;Farfetch'd;68/108
Evoluzioni;Doduo;69/108
Evoluzioni;Chansey;70/108
Evoluzioni;Porygon;71/108
Evoluzioni;Dragonite ex;72/108
Evoluzioni;Legame Mentale con Blastoise;73/108
Evoluzioni;Tenacia di Brock;74/108
Evoluzioni;Legame Mentale con Charizard;75/108
Evoluzioni;Getto di Involuzione;76/108
Evoluzioni;Recupero di Energia;77/108
Evoluzioni;Cura Totale;78/108
Evoluzioni;Manutenzione;79/108
Evoluzioni;Determinazione di Misty;80/108
Evoluzioni;Legame Mentale con Pidgeot;81/108
Evoluzioni;Pok dex;82/108
Evoluzioni;Pozione;83/108
Evoluzioni;Consiglio del Professor Oak;84/108
Evoluzioni;Revitalizzante;85/108
Evoluzioni;Legame Mentale con Slowbro;86/108
Evoluzioni;Superpozione;87/108
Evoluzioni;Scambio;88/108
Evoluzioni;Legame Mentale con Venusaur;89/108
Evoluzioni;Energia Incolore doppia;90/108
Evoluzioni;Energia base;91/108
Evoluzioni;Energia base;92/108
Evoluzioni;Energia base;93/108
Evoluzioni;Energia base;94/108
Evoluzioni;Energia base;95/108
Evoluzioni;Energia base;96/108
Evoluzioni;Energia base;97/108
Evoluzioni;Energia base;98/108
Evoluzioni;Energia base;99/108
Evoluzioni;MVenusaur ex;100/108
Evoluzioni;MCharizard ex;101/108
Evoluzioni;Mblastoise ex;102/108
Evoluzioni;Mewtwo ex;103/108
Evoluzioni;Pidgeot ex;104/108
Evoluzioni;MPidgeot ex;105/108
Evoluzioni;Dragonite ex;106/108
Evoluzioni;Tenacia di Brock;107/108
Evoluzioni;Determinazione di Misty;108/108
Evoluzioni;Exeggutor;109/108
Evoluzioni;Pikachu Volo;110/108
Evoluzioni;Pikachu Surf;111/108
Evoluzioni;Doduo di Imakuni?;112/108
Evoluzioni;Arriva il Team Rocket!;113/108
Evoluzioni Eteree;Pinsir;1/203
Evoluzioni Eteree;Hoppip;2/203
Evoluzioni Eteree;Skiploom;3/203
Evoluzioni Eteree;Jumpluff;4/203
Evoluzioni Eteree;Seedot;5/203
Evoluzioni Eteree;Tropius;6/203
Evoluzioni Eteree;Leafeon;7/203
Evoluzioni Eteree;Leafeon;8/203
Evoluzioni Eteree;Petilil;9/203
Evoluzioni Eteree;Lilligant;10/203
Evoluzioni Eteree;Dwebble;11/203
Evoluzioni Eteree;Crustle;12/203
Evoluzioni Eteree;Trevenant;13/203
Evoluzioni Eteree;Trevenant;14/203
Evoluzioni Eteree;Gossifleur;15/203
Evoluzioni Eteree;Eldegoss;16/203
Evoluzioni Eteree;Applin;17/203
Evoluzioni Eteree;Flareon;18/203
Evoluzioni Eteree;Entei;19/203
Evoluzioni Eteree;Victini;20/203
Evoluzioni Eteree;Volcarona;21/203
Evoluzioni Eteree;Litleo;22/203
Evoluzioni Eteree;Pyroar;23/203
Evoluzioni Eteree;Psyduck;24/203
Evoluzioni Eteree;Golduck;25/203
Evoluzioni Eteree;Tentacool;26/203
Evoluzioni Eteree;Tentacruel;27/203
Evoluzioni Eteree;Gyarados;28/203
Evoluzioni Eteree;Gyarados;29/203
Evoluzioni Eteree;Vaporeon;30/203
Evoluzioni Eteree;Suicune;31/203
Evoluzioni Eteree;Lotad;32/203
Evoluzioni Eteree;Lombre;33/203
Evoluzioni Eteree;Ludicolo;34/203
Evoluzioni Eteree;Carvanha;35/203
Evoluzioni Eteree;Sharpedo;36/203
Evoluzioni Eteree;Feebas;37/203
Evoluzioni Eteree;Milotic;38/203
Evoluzioni Eteree;Luvdisc;39/203
Evoluzioni Eteree;Glaceon;40/203
Evoluzioni Eteree;Glaceon;41/203
Evoluzioni Eteree;Tympole;42/203
Evoluzioni Eteree;Cryogonal;43/203
Evoluzioni Eteree;Bergmite;44/203
Evoluzioni Eteree;Avalugg;45/203
Evoluzioni Eteree;Wishiwashi;46/203
Evoluzioni Eteree;Eiscue;47/203
Evoluzioni Eteree;Arctovish;48/203
Evoluzioni Eteree;Pikachu;49/203
Evoluzioni Eteree;Raichu;50/203
Evoluzioni Eteree;Jolteon;51/203
Evoluzioni Eteree;Chinchou;52/203
Evoluzioni Eteree;Lanturn;53/203
Evoluzioni Eteree;Mareep;54/203
Evoluzioni Eteree;Flaaffy;55/203
Evoluzioni Eteree;Ampharos;56/203
Evoluzioni Eteree;Emolga;57/203
Evoluzioni Eteree;Dracozolt;58/203
Evoluzioni Eteree;Dracozolt;59/203
Evoluzioni Eteree;Regieleki;60/203
Evoluzioni Eteree;Drowzee;61/203
Evoluzioni Eteree;Hypno;62/203
Evoluzioni Eteree;Articuno di Galar;63/203
Evoluzioni Eteree;Espeon;64/203
Evoluzioni Eteree;Espeon;65/203
Evoluzioni Eteree;Wobbuffet;66/203
Evoluzioni Eteree;Sableye;67/203
Evoluzioni Eteree;Woobat;68/203
Evoluzioni Eteree;Swoobat;69/203
Evoluzioni Eteree;Golurk;70/203
Evoluzioni Eteree;Flab b;71/203
Evoluzioni Eteree;Floette;72/203
Evoluzioni Eteree;Florges;73/203
Evoluzioni Eteree;Sylveon;74/203
Evoluzioni Eteree;Sylveon;75/203
Evoluzioni Eteree;Pumpkaboo;76/203
Evoluzioni Eteree;Gourgeist;77/203
Evoluzioni Eteree;Cutiefly;78/203
Evoluzioni Eteree;Ribombee;79/203
Evoluzioni Eteree;Marshadow;80/203
Evoluzioni Eteree;Hitmonchan;81/203
Evoluzioni Eteree;Zapdos di Galar;82/203
Evoluzioni Eteree;Medicham;83/203
Evoluzioni Eteree;Hippopotas;84/203
Evoluzioni Eteree;Hippowdon;85/203
Evoluzioni Eteree;Roggenrola;86/203
Evoluzioni Eteree;Boldore;87/203
Evoluzioni Eteree;Gigalith;88/203
Evoluzioni Eteree;Palpitoad;89/203
Evoluzioni Eteree;Seismitoad;90/203
Evoluzioni Eteree;Lycanroc;91/203
Evoluzioni Eteree;Lycanroc;92/203
Evoluzioni Eteree;Moltres di Galar;93/203
Evoluzioni Eteree;Umbreon;94/203
Evoluzioni Eteree;Umbreon;95/203
Evoluzioni Eteree;Nuzleaf;96/203
Evoluzioni Eteree;Shiftry;97/203
Evoluzioni Eteree;Scraggy;98/203
Evoluzioni Eteree;Scrafty;99/203
Evoluzioni Eteree;Garbodor;100/203
Evoluzioni Eteree;Garbodor;101/203
Evoluzioni Eteree;Zorua;102/203
Evoluzioni Eteree;Zoroark;103/203
Evoluzioni Eteree;Nickit;104/203
Evoluzioni Eteree;Thievul;105/203
Evoluzioni Eteree;Altaria;106/203
Evoluzioni Eteree;Bagon;107/203
Evoluzioni Eteree;Shelgon;108/203
Evoluzioni Eteree;Salamence;109/203
Evoluzioni Eteree;Rayquaza;110/203
Evoluzioni Eteree;Rayquaza;111/203
Evoluzioni Eteree;Dialga;112/203
Evoluzioni Eteree;Deino;113/203
Evoluzioni Eteree;Zweilous;114/203
Evoluzioni Eteree;Hydreigon;115/203
Evoluzioni Eteree;Kyurem;116/203
Evoluzioni Eteree;Noivern;117/203
Evoluzioni Eteree;Zygarde;118/203
Evoluzioni Eteree;Drampa;119/203
Evoluzioni Eteree;Flapple;120/203
Evoluzioni Eteree;Appletun;121/203
Evoluzioni Eteree;Duraludon;122/203
Evoluzioni Eteree;Duraludon;123/203
Evoluzioni Eteree;Regidrago;124/203
Evoluzioni Eteree;Eevee;125/203
Evoluzioni Eteree;Teddiursa;126/203
Evoluzioni Eteree;Ursaring;127/203
Evoluzioni Eteree;Smeargle;128/203
Evoluzioni Eteree;Slakoth;129/203
Evoluzioni Eteree;Vigoroth;130/203
Evoluzioni Eteree;Slaking;131/203
Evoluzioni Eteree;Swablu;132/203
Evoluzioni Eteree;Lillipup;133/203
Evoluzioni Eteree;Herdier;134/203
Evoluzioni Eteree;Stoutland;135/203
Evoluzioni Eteree;Rufflet;136/203
Evoluzioni Eteree;Braviary;137/203
Evoluzioni Eteree;Fletchling;138/203
Evoluzioni Eteree;Fletchinder;139/203
Evoluzioni Eteree;Talonflame;140/203
Evoluzioni Eteree;Profumina;141/203
Evoluzioni Eteree;Frullato Energizzante;142/203
Evoluzioni Eteree;Copiona;143/203
Evoluzioni Eteree;Caverna dei Cristalli;144/203
Evoluzioni Eteree;Guanti da Scavo;145/203
Evoluzioni Eteree;Dream Ball;146/203
Evoluzioni Eteree;Medaglia degli Elementi;147/203
Evoluzioni Eteree;Difesa Integrale;148/203
Evoluzioni Eteree;Milo;149/203
Evoluzioni Eteree;Ghiacciolo della Fortuna;150/203
Evoluzioni Eteree;Medaglia Luna e Sole;151/203
Evoluzioni Eteree;Laburno;152/203
Evoluzioni Eteree;Rotolo del Drago Volante Colpo Rapido;153/203
Evoluzioni Eteree;Trolley di Salvataggio;154/203
Evoluzioni Eteree;Medaglia Fiocco;155/203
Evoluzioni Eteree;Guanti di Gomma;156/203
Evoluzioni Eteree;Galleria Commerciale;157/203
Evoluzioni Eteree;Rotolo del Drago Dentuto Colpo Singolo;158/203
Evoluzioni Eteree;Medaglia Nevefoglia;159/203
Evoluzioni Eteree;Maschera degli Spiriti;160/203
Evoluzioni Eteree;Montagne Tempestose;161/203
Evoluzioni Eteree;Bicchieri di Scambio;162/203
Evoluzioni Eteree;Acchiappa;163/203
Evoluzioni Eteree;Grinta di Lyris;164/203
Evoluzioni Eteree;Energia Tesoro;165/203
Evoluzioni Eteree;Leafeon;166/203
Evoluzioni Eteree;Leafeon;167/203
Evoluzioni Eteree;Trevenant;168/203
Evoluzioni Eteree;Flareon;169/203
Evoluzioni Eteree;Volcarona;170/203
Evoluzioni Eteree;Gyarados;171/203
Evoluzioni Eteree;Vaporeon;172/203
Evoluzioni Eteree;Suicune;173/203
Evoluzioni Eteree;Glaceon;174/203
Evoluzioni Eteree;Glaceon;175/203
Evoluzioni Eteree;Arctovish;176/203
Evoluzioni Eteree;Jolteon;177/203
Evoluzioni Eteree;Dracozolt;178/203
Evoluzioni Eteree;Espeon;179/203
Evoluzioni Eteree;Espeon;180/203
Evoluzioni Eteree;Golurk;181/203
Evoluzioni Eteree;Golurk;182/203
Evoluzioni Eteree;Sylveon;183/203
Evoluzioni Eteree;Sylveon;184/203
Evoluzioni Eteree;Medicham;185/203
Evoluzioni Eteree;Medicham;186/203
Evoluzioni Eteree;Lycanroc;187/203
Evoluzioni Eteree;Umbreon;188/203
Evoluzioni Eteree;Umbreon;189/203
Evoluzioni Eteree;Garbodor;190/203
Evoluzioni Eteree;Dragonite;191/203
Evoluzioni Eteree;Dragonite;192/203
Evoluzioni Eteree;Rayquaza;193/203
Evoluzioni Eteree;Rayquaza;194/203
Evoluzioni Eteree;Noivern;195/203
Evoluzioni Eteree;Noivern;196/203
Evoluzioni Eteree;Duraludon;197/203
Evoluzioni Eteree;Duraludon;198/203
Evoluzioni Eteree;Profumina;199/203
Evoluzioni Eteree;Copiona;200/203
Evoluzioni Eteree;Milo;201/203
Evoluzioni Eteree;Laburno;202/203
Evoluzioni Eteree;Grinta di Lyris;203/203
Evoluzioni Eteree;Leafeon;204/203
Evoluzioni Eteree;Leafeon;205/203
Evoluzioni Eteree;Trevenant;206/203
Evoluzioni Eteree;Gyarados;207/203
Evoluzioni Eteree;Glaceon;208/203
Evoluzioni Eteree;Glaceon;209/203
Evoluzioni Eteree;Dracozolt;210/203
Evoluzioni Eteree;Sylveon;211/203
Evoluzioni Eteree;Sylveon;212/203
Evoluzioni Eteree;Lycanroc;213/203
Evoluzioni Eteree;Umbreon;214/203
Evoluzioni Eteree;Umbreon;215/203
Evoluzioni Eteree;Garbodor;216/203
Evoluzioni Eteree;Rayquaza;217/203
Evoluzioni Eteree;Rayquaza;218/203
Evoluzioni Eteree;Duraludon;219/203
Evoluzioni Eteree;Duraludon;220/203
Evoluzioni Eteree;Profumina;221/203
Evoluzioni Eteree;Copiona;222/203
Evoluzioni Eteree;Milo;223/203
Evoluzioni Eteree;Laburno;224/203
Evoluzioni Eteree;Grinta di Lyris;225/203
Evoluzioni Eteree;Froslass;226/203
Evoluzioni Eteree;Inteleon;227/203
Evoluzioni Eteree;Cresselia;228/203
Evoluzioni Eteree;Frullato Energizzante;229/203
Evoluzioni Eteree;Caverna dei Cristalli;230/203
Evoluzioni Eteree;Difesa Integrale;231/203
Evoluzioni Eteree;Montagne Tempestose;232/203
Evoluzioni Eteree;Acchiappa;233/203
Evoluzioni Eteree;Stadio di Turffield;234/203
Evoluzioni Eteree;Energia Lampo;235/203
Evoluzioni Eteree;Energia Oscurit;236/203
Evoluzioni Eteree;Energia Metallo;237/203
Evoluzioni Prismatiche;Exeggcute;1/131
Evoluzioni Prismatiche;Exeggutor;2/131
Evoluzioni Prismatiche;Pinsir;3/131
Evoluzioni Prismatiche;Budew;4/131
Evoluzioni Prismatiche;Leafeon;5/131
Evoluzioni Prismatiche;Leafeon;6/131
Evoluzioni Prismatiche;Cottonee;7/131
Evoluzioni Prismatiche;Whimsicott;8/131
Evoluzioni Prismatiche;Applin;9/131
Evoluzioni Prismatiche;Dipplin;10/131
Evoluzioni Prismatiche;Hydrapple;11/131
Evoluzioni Prismatiche;Ogerpon Maschera Turchese;12/131
Evoluzioni Prismatiche;Flareon;13/131
Evoluzioni Prismatiche;Flareon;14/131
Evoluzioni Prismatiche;Litleo;15/131
Evoluzioni Prismatiche;Pyroar;16/131
Evoluzioni Prismatiche;Ogerpon Maschera Focolare;17/131
Evoluzioni Prismatiche;Slowpoke;18/131
Evoluzioni Prismatiche;Slowking;19/131
Evoluzioni Prismatiche;Goldeen;20/131
Evoluzioni Prismatiche;Seaking;21/131
Evoluzioni Prismatiche;Vaporeon;22/131
Evoluzioni Prismatiche;Vaporeon;23/131
Evoluzioni Prismatiche;Suicune;24/131
Evoluzioni Prismatiche;Glaceon;25/131
Evoluzioni Prismatiche;Glaceon;26/131
Evoluzioni Prismatiche;Ogerpon Maschera Pozzo;27/131
Evoluzioni Prismatiche;Pikachu;28/131
Evoluzioni Prismatiche;Jolteon;29/131
Evoluzioni Prismatiche;Jolteon;30/131
Evoluzioni Prismatiche;Manoferrea;31/131
Evoluzioni Prismatiche;Spineferree;32/131
Evoluzioni Prismatiche;Espeon;33/131
Evoluzioni Prismatiche;Espeon;34/131
Evoluzioni Prismatiche;Duskull;35/131
Evoluzioni Prismatiche;Dusclops;36/131
Evoluzioni Prismatiche;Dusknoir;37/131
Evoluzioni Prismatiche;Spritzee;38/131
Evoluzioni Prismatiche;Aromatisse;39/131
Evoluzioni Prismatiche;Sylveon;40/131
Evoluzioni Prismatiche;Sylveon;41/131
Evoluzioni Prismatiche;Codaurlante;42/131
Evoluzioni Prismatiche;Crinealato;43/131
Evoluzioni Prismatiche;Munkidori;44/131
Evoluzioni Prismatiche;Fezandipiti;45/131
Evoluzioni Prismatiche;Massoferreo;46/131
Evoluzioni Prismatiche;Larvitar;47/131
Evoluzioni Prismatiche;Pupitar;48/131
Evoluzioni Prismatiche;Groudon;49/131
Evoluzioni Prismatiche;Riolu;50/131
Evoluzioni Prismatiche;Lucario;51/131
Evoluzioni Prismatiche;Hippopotas;52/131
Evoluzioni Prismatiche;Hippowdon;53/131
Evoluzioni Prismatiche;Ursaluna Luna Cremisi;54/131
Evoluzioni Prismatiche;Grandizanne;55/131
Evoluzioni Prismatiche;Peldisabbia;56/131
Evoluzioni Prismatiche;Okidogi;57/131
Evoluzioni Prismatiche;Ogerpon Maschera Fondamenta;58/131
Evoluzioni Prismatiche;Umbreon;59/131
Evoluzioni Prismatiche;Umbreon;60/131
Evoluzioni Prismatiche;Sneasel;61/131
Evoluzioni Prismatiche;Houndour;62/131
Evoluzioni Prismatiche;Houndoom;63/131
Evoluzioni Prismatiche;Tyranitar;64/131
Evoluzioni Prismatiche;Lunaruggente;65/131
Evoluzioni Prismatiche;Bronzor;66/131
Evoluzioni Prismatiche;Bronzong;67/131
Evoluzioni Prismatiche;Heatran;68/131
Evoluzioni Prismatiche;Duraludon;69/131
Evoluzioni Prismatiche;Archaludon;70/131
Evoluzioni Prismatiche;Dreepy;71/131
Evoluzioni Prismatiche;Drakloak;72/131
Evoluzioni Prismatiche;Dragapult;73/131
Evoluzioni Prismatiche;Eevee;74/131
Evoluzioni Prismatiche;Eevee;75/131
Evoluzioni Prismatiche;Snorlax;76/131
Evoluzioni Prismatiche;Hoothoot;77/131
Evoluzioni Prismatiche;Noctowl;78/131
Evoluzioni Prismatiche;Dunsparce;79/131
Evoluzioni Prismatiche;Dudunsparce;80/131
Evoluzioni Prismatiche;Miltank;81/131
Evoluzioni Prismatiche;Lugia;82/131
Evoluzioni Prismatiche;Buneary;83/131
Evoluzioni Prismatiche;Lopunny;84/131
Evoluzioni Prismatiche;Rotom Vortice;85/131
Evoluzioni Prismatiche;Regigigas;86/131
Evoluzioni Prismatiche;Shaymin;87/131
Evoluzioni Prismatiche;Furfrou;88/131
Evoluzioni Prismatiche;Hawlucha;89/131
Evoluzioni Prismatiche;Noibat;90/131
Evoluzioni Prismatiche;Noivern;91/131
Evoluzioni Prismatiche;Terapagos;92/131
Evoluzioni Prismatiche;Erin;93/131
Evoluzioni Prismatiche;Grande Abisso Zero;94/131
Evoluzioni Prismatiche;Mochi Soggiogante;95/131
Evoluzioni Prismatiche;Allenamento di Cinturanera;96/131
Evoluzioni Prismatiche;Allenamento di Cinturanera;97/131
Evoluzioni Prismatiche;Allenamento di Cinturanera;98/131
Evoluzioni Prismatiche;Allenamento di Cinturanera;99/131
Evoluzioni Prismatiche;Rea;100/131
Evoluzioni Prismatiche;Poffin del Cuore;101/131
Evoluzioni Prismatiche;Set Pigliamosche;102/131
Evoluzioni Prismatiche;Rubra;103/131
Evoluzioni Prismatiche;Decrittazione Esperta;104/131
Evoluzioni Prismatiche;Piros;105/131
Evoluzioni Prismatiche;Anfora Terrestre;106/131
Evoluzioni Prismatiche;Guida dell'Esploratore;107/131
Evoluzioni Prismatiche;Area della Festa;108/131
Evoluzioni Prismatiche;Amici a Paldea;109/131
Evoluzioni Prismatiche;Tromba di Vetro;110/131
Evoluzioni Prismatiche;Baccahaban;111/131
Evoluzioni Prismatiche;Arte Segreta di Nina;112/131
Evoluzioni Prismatiche;Riben;113/131
Evoluzioni Prismatiche;Rupi;114/131
Evoluzioni Prismatiche;Competenza di Ubaldo;115/131
Evoluzioni Prismatiche;Canna da pesca max;116/131
Evoluzioni Prismatiche;Maxicintura;117/131
Evoluzioni Prismatiche;Maschera dell'Orco;118/131
Evoluzioni Prismatiche;Acchiappa;119/131
Evoluzioni Prismatiche;Vitalit della Professoressa Olim;120/131
Evoluzioni Prismatiche;Scenario del Professor Turum;121/131
Evoluzioni Prismatiche;Ricerca Accademica (Professor Oak);122/131
Evoluzioni Prismatiche;Ricerca Accademica (Professor Elm);123/131
Evoluzioni Prismatiche;Ricerca Accademica (Professor Rowan);124/131
Evoluzioni Prismatiche;Ricerca Accademica (Professor Platan);125/131
Evoluzioni Prismatiche;Skateboard di Salvataggio;126/131
Evoluzioni Prismatiche;Bastone Rotoselfie;127/131
Evoluzioni Prismatiche;Mega Recupero;128/131
Evoluzioni Prismatiche;Cristallo Scintillante;129/131
Evoluzioni Prismatiche;Tecnoradar;130/131
Evoluzioni Prismatiche;Rilevatore di Tesori;131/131
Evoluzioni Prismatiche;Erin;132/131
Evoluzioni Prismatiche;Henzo;133/131
Evoluzioni Prismatiche;Henzo;134/131
Evoluzioni Prismatiche;Brassius;135/131
Evoluzioni Prismatiche;Nespera;136/131
Evoluzioni Prismatiche;Amici a Paldea;137/131
Evoluzioni Prismatiche;Romelio;138/131
Evoluzioni Prismatiche;Competenza di Ubaldo;139/131
Evoluzioni Prismatiche;Pruna;140/131
Evoluzioni Prismatiche;Ortiz;141/131
Evoluzioni Prismatiche;Morasia;142/131
Evoluzioni Prismatiche;Thyma;143/131
Evoluzioni Prismatiche;Leafeon;144/131
Evoluzioni Prismatiche;Ogerpon Maschera Turchese;145/131
Evoluzioni Prismatiche;Flareon;146/131
Evoluzioni Prismatiche;Ceruledge;147/131
Evoluzioni Prismatiche;Ogerpon Maschera Focolare;148/131
Evoluzioni Prismatiche;Vaporeon;149/131
Evoluzioni Prismatiche;Glaceon;150/131
Evoluzioni Prismatiche;Palafin;151/131
Evoluzioni Prismatiche;Ogerpon Maschera Pozzo;152/131
Evoluzioni Prismatiche;Jolteon;153/131
Evoluzioni Prismatiche;Manoferrea;154/131
Evoluzioni Prismatiche;Espeon;155/131
Evoluzioni Prismatiche;Sylveon;156/131
Evoluzioni Prismatiche;Eroeferreo;157/131
Evoluzioni Prismatiche;Capoferreo;158/131
Evoluzioni Prismatiche;Peldisabbia;159/131
Evoluzioni Prismatiche;Ogerpon Maschera Fondamenta;160/131
Evoluzioni Prismatiche;Umbreon;161/131
Evoluzioni Prismatiche;Lunaruggente;162/131
Evoluzioni Prismatiche;Pecharunt;163/131
Evoluzioni Prismatiche;Gholdengo;164/131
Evoluzioni Prismatiche;Dragapult;165/131
Evoluzioni Prismatiche;Furiatonante;166/131
Evoluzioni Prismatiche;Eevee;167/131
Evoluzioni Prismatiche;Ursaluna Luna Cremisi;168/131
Evoluzioni Prismatiche;Terapagos;169/131
Evoluzioni Prismatiche;Erin;170/131
Evoluzioni Prismatiche;Piros;171/131
Evoluzioni Prismatiche;Aris;172/131
Evoluzioni Prismatiche;Arte Segreta di Nina;173/131
Evoluzioni Prismatiche;Riben;174/131
Evoluzioni Prismatiche;Rupi;175/131
Evoluzioni Prismatiche;Fogliaferrea;176/131
Evoluzioni Prismatiche;Ogerpon Maschera Turchese;177/131
Evoluzioni Prismatiche;Acquecrespe;178/131
Evoluzioni Prismatiche;Pikachu;179/131
Evoluzioni Prismatiche;Terapagos;180/131
Evoluzioni a Paldea;Hoppip;1/193
Evoluzioni a Paldea;Skiploom;2/193
Evoluzioni a Paldea;Jumpluff;3/193
Evoluzioni a Paldea;Pineco;4/193
Evoluzioni a Paldea;Forretress ex;5/193
Evoluzioni a Paldea;Heracross;6/193
Evoluzioni a Paldea;Tropius;7/193
Evoluzioni a Paldea;Combee;8/193
Evoluzioni a Paldea;Vespiquen;9/193
Evoluzioni a Paldea;Snover;10/193
Evoluzioni a Paldea;Abomasnow;11/193
Evoluzioni a Paldea;Sprigatito;12/193
Evoluzioni a Paldea;Sprigatito;13/193
Evoluzioni a Paldea;Floragato;14/193
Evoluzioni a Paldea;Meowscarada ex;15/193
Evoluzioni a Paldea;Tarountula;16/193
Evoluzioni a Paldea;Tarountula;17/193
Evoluzioni a Paldea;Spidops;18/193
Evoluzioni a Paldea;Nymble;19/193
Evoluzioni a Paldea;Nymble;20/193
Evoluzioni a Paldea;Lokix;21/193
Evoluzioni a Paldea;Bramblin;22/193
Evoluzioni a Paldea;Bramblin;23/193
Evoluzioni a Paldea;Brambleghast;24/193
Evoluzioni a Paldea;Rellor;25/193
Evoluzioni a Paldea;Rellor;26/193
Evoluzioni a Paldea;Wo;27/193
Evoluzioni a Paldea;Paldean Tauros;28/193
Evoluzioni a Paldea;Fletchinder;29/193
Evoluzioni a Paldea;Talonflame;30/193
Evoluzioni a Paldea;Litleo;31/193
Evoluzioni a Paldea;Pyroar;32/193
Evoluzioni a Paldea;Oricorio;33/193
Evoluzioni a Paldea;Fuecoco;34/193
Evoluzioni a Paldea;Fuecoco;35/193
Evoluzioni a Paldea;Crocalor;36/193
Evoluzioni a Paldea;Skeledirge ex;37/193
Evoluzioni a Paldea;Charcadet;38/193
Evoluzioni a Paldea;Charcadet;39/193
Evoluzioni a Paldea;Chi;40/193
Evoluzioni a Paldea;Paldean Tauros;41/193
Evoluzioni a Paldea;Magikarp;42/193
Evoluzioni a Paldea;Gyarados;43/193
Evoluzioni a Paldea;Marill;44/193
Evoluzioni a Paldea;Azumarill;45/193
Evoluzioni a Paldea;Delibird;46/193
Evoluzioni a Paldea;Luvdisc;47/193
Evoluzioni a Paldea;Eiscue;48/193
Evoluzioni a Paldea;Quaxly;49/193
Evoluzioni a Paldea;Quaxly;50/193
Evoluzioni a Paldea;Quaxwell;51/193
Evoluzioni a Paldea;Quaquaval ex;52/193
Evoluzioni a Paldea;Cetoddle;53/193
Evoluzioni a Paldea;Cetoddle;54/193
Evoluzioni a Paldea;Cetitan;55/193
Evoluzioni a Paldea;Veluza;56/193
Evoluzioni a Paldea;Frigibax;57/193
Evoluzioni a Paldea;Frigibax;58/193
Evoluzioni a Paldea;Arctibax;59/193
Evoluzioni a Paldea;Baxcalibur;60/193
Evoluzioni a Paldea;Chien;61/193
Evoluzioni a Paldea;Pikachu;62/193
Evoluzioni a Paldea;Pikachu ex;63/193
Evoluzioni a Paldea;Raichu;64/193
Evoluzioni a Paldea;Magnemite;65/193
Evoluzioni a Paldea;Voltorb;66/193
Evoluzioni a Paldea;Electrode;67/193
Evoluzioni a Paldea;Shinx;68/193
Evoluzioni a Paldea;Shinx;69/193
Evoluzioni a Paldea;Luxio;70/193
Evoluzioni a Paldea;Luxray;71/193
Evoluzioni a Paldea;Pincurchin;72/193
Evoluzioni a Paldea;Pincurchin;73/193
Evoluzioni a Paldea;Pawmi;74/193
Evoluzioni a Paldea;Pawmo;75/193
Evoluzioni a Paldea;Pawmot;76/193
Evoluzioni a Paldea;Tadbulb;77/193
Evoluzioni a Paldea;Tadbulb;78/193
Evoluzioni a Paldea;Bellibolt ex;79/193
Evoluzioni a Paldea;Wattrel;80/193
Evoluzioni a Paldea;Wattrel;81/193
Evoluzioni a Paldea;Kilowattrel;82/193
Evoluzioni a Paldea;Jigglypuff;83/193
Evoluzioni a Paldea;Wigglytuff;84/193
Evoluzioni a Paldea;Slowpoke;85/193
Evoluzioni a Paldea;Slowking ex;86/193
Evoluzioni a Paldea;Misdreavus;87/193
Evoluzioni a Paldea;Mismagius;88/193
Evoluzioni a Paldea;Spiritomb;89/193
Evoluzioni a Paldea;Gothita;90/193
Evoluzioni a Paldea;Gothorita;91/193
Evoluzioni a Paldea;Gothitelle;92/193
Evoluzioni a Paldea;Dedenne ex;93/193
Evoluzioni a Paldea;Oranguru;94/193
Evoluzioni a Paldea;Sandygast;95/193
Evoluzioni a Paldea;Palossand;96/193
Evoluzioni a Paldea;Mimikyu;97/193
Evoluzioni a Paldea;Ceruledge;98/193
Evoluzioni a Paldea;Rabsca;99/193
Evoluzioni a Paldea;Tinkatink;100/193
Evoluzioni a Paldea;Tinkatink;101/193
Evoluzioni a Paldea;Tinkatink;102/193
Evoluzioni a Paldea;Tinkatuff;103/193
Evoluzioni a Paldea;Tinkatuff;104/193
Evoluzioni a Paldea;Tinkaton;105/193
Evoluzioni a Paldea;Mankey;106/193
Evoluzioni a Paldea;Primeape;107/193
Evoluzioni a Paldea;Paldean Tauros;108/193
Evoluzioni a Paldea;Sudowoodo;109/193
Evoluzioni a Paldea;Larvitar;110/193
Evoluzioni a Paldea;Pupitar;111/193
Evoluzioni a Paldea;Makuhita;112/193
Evoluzioni a Paldea;Hariyama;113/193
Evoluzioni a Paldea;Croagunk;114/193
Evoluzioni a Paldea;Toxicroak;115/193
Evoluzioni a Paldea;Rockruff;116/193
Evoluzioni a Paldea;Lycanroc ex;117/193
Evoluzioni a Paldea;Passimian;118/193
Evoluzioni a Paldea;Falinks;119/193
Evoluzioni a Paldea;Nacli;120/193
Evoluzioni a Paldea;Nacli;121/193
Evoluzioni a Paldea;Naclstack;122/193
Evoluzioni a Paldea;Garganacl;123/193
Evoluzioni a Paldea;Glimmet;124/193
Evoluzioni a Paldea;Glimmet;125/193
Evoluzioni a Paldea;Glimmora;126/193
Evoluzioni a Paldea;Ting;127/193
Evoluzioni a Paldea;Wooper di Paldea;128/193
Evoluzioni a Paldea;Wooper di Paldea;129/193
Evoluzioni a Paldea;Clodsire di Paldea;130/193
Evoluzioni a Paldea;Murkrow;131/193
Evoluzioni a Paldea;Honchkrow;132/193
Evoluzioni a Paldea;Sneasel;133/193
Evoluzioni a Paldea;Weavile;134/193
Evoluzioni a Paldea;Tyranitar;135/193
Evoluzioni a Paldea;Sableye;136/193
Evoluzioni a Paldea;Seviper;137/193
Evoluzioni a Paldea;Deino;138/193
Evoluzioni a Paldea;Zweilous;139/193
Evoluzioni a Paldea;Hydreigon;140/193
Evoluzioni a Paldea;Maschiff;141/193
Evoluzioni a Paldea;Maschiff;142/193
Evoluzioni a Paldea;Mabosstiff;143/193
Evoluzioni a Paldea;Shroodle;144/193
Evoluzioni a Paldea;Shroodle;145/193
Evoluzioni a Paldea;Grafaiai;146/193
Evoluzioni a Paldea;Bombirdier;147/193
Evoluzioni a Paldea;Corviknight;148/193
Evoluzioni a Paldea;Cufant;149/193
Evoluzioni a Paldea;Copperajah ex;150/193
Evoluzioni a Paldea;Orthworm;151/193
Evoluzioni a Paldea;Noibat;152/193
Evoluzioni a Paldea;Noivern ex;153/193
Evoluzioni a Paldea;Girafarig;154/193
Evoluzioni a Paldea;Farigiraf;155/193
Evoluzioni a Paldea;Dunsparce;156/193
Evoluzioni a Paldea;Dudunsparce;157/193
Evoluzioni a Paldea;Wingull;158/193
Evoluzioni a Paldea;Pelipper;159/193
Evoluzioni a Paldea;Slakoth;160/193
Evoluzioni a Paldea;Vigoroth;161/193
Evoluzioni a Paldea;Slaking;162/193
Evoluzioni a Paldea;Fletchling;163/193
Evoluzioni a Paldea;Rookidee;164/193
Evoluzioni a Paldea;Corvisquire;165/193
Evoluzioni a Paldea;Tandemaus;166/193
Evoluzioni a Paldea;Tandemaus;167/193
Evoluzioni a Paldea;Maushold;168/193
Evoluzioni a Paldea;Squawkabilly ex;169/193
Evoluzioni a Paldea;Flamigo;170/193
Evoluzioni a Paldea;Los Tazones;171/193
Evoluzioni a Paldea;rdini del Capo (Ghecis);172/193
Evoluzioni a Paldea;Amuleto del Coraggio;173/193
Evoluzioni a Paldea;Monte Nevoso della Disgrazie;174/193
Evoluzioni a Paldea;Landa della Disgrazia;175/193
Evoluzioni a Paldea;Cinturascelta;176/193
Evoluzioni a Paldea;Clavel;177/193
Evoluzioni a Paldea;Drone da Consegna;178/193
Evoluzioni a Paldea;Dendra;179/193
Evoluzioni a Paldea;Valerio;180/193
Evoluzioni a Paldea;Latte di Lotta;181/193
Evoluzioni a Paldea;Romelio;182/193
Evoluzioni a Paldea;Mega Ball;183/193
Evoluzioni a Paldea;Grusha;184/193
Evoluzioni a Paldea;Kissara;185/193
Evoluzioni a Paldea;Sala Attrezzi;186/193
Evoluzioni a Paldea;Guaro;187/193
Evoluzioni a Paldea;Canna da pesca suoer;188/193
Evoluzioni a Paldea;Recupero di Energia Plus;189/193
Evoluzioni a Paldea;Energia Jet;190/193
Evoluzioni a Paldea;Energia Luminosa;191/193
Evoluzioni a Paldea;Energia Inversione;192/193
Evoluzioni a Paldea;Energia Terapeutica;193/193
Evoluzioni a Paldea;Heracross;194/193
Evoluzioni a Paldea;Tropius;195/193
Evoluzioni a Paldea;Sprigatito;196/193
Evoluzioni a Paldea;Floragato;197/193
Evoluzioni a Paldea;Bramblin;198/193
Evoluzioni a Paldea;Fletchinder;199/193
Evoluzioni a Paldea;Pyroar;200/193
Evoluzioni a Paldea;Fuecoco;201/193
Evoluzioni a Paldea;Crocalor;202/193
Evoluzioni a Paldea;Magikarp;203/193
Evoluzioni a Paldea;Marill;204/193
Evoluzioni a Paldea;Eiscue;205/193
Evoluzioni a Paldea;Quaxly;206/193
Evoluzioni a Paldea;Quaxwell;207/193
Evoluzioni a Paldea;Frigibax;208/193
Evoluzioni a Paldea;Arctibax;209/193
Evoluzioni a Paldea;Baxcalibur;210/193
Evoluzioni a Paldea;Raichu;211/193
Evoluzioni a Paldea;Mismagius;212/193
Evoluzioni a Paldea;Gothorita;213/193
Evoluzioni a Paldea;Sandygast;214/193
Evoluzioni a Paldea;Rabsca;215/193
Evoluzioni a Paldea;Tinkatink;216/193
Evoluzioni a Paldea;Tinkatuff;217/193
Evoluzioni a Paldea;Paldean Tauros;218/193
Evoluzioni a Paldea;Sudowoodo;219/193
Evoluzioni a Paldea;Nacli;220/193
Evoluzioni a Paldea;Paldean Wooper;221/193
Evoluzioni a Paldea;Tyranitar;222/193
Evoluzioni a Paldea;Grafaiai;223/193
Evoluzioni a Paldea;Orthworm;224/193
Evoluzioni a Paldea;Rookidee;225/193
Evoluzioni a Paldea;Maushold;226/193
Evoluzioni a Paldea;Flamigo;227/193
Evoluzioni a Paldea;Farigiraf;228/193
Evoluzioni a Paldea;Dudunsparce;229/193
Evoluzioni a Paldea;Forretress ex;230/193
Evoluzioni a Paldea;Meowscarada ex;231/193
Evoluzioni a Paldea;Wo;232/193
Evoluzioni a Paldea;Skeledirge ex;233/193
Evoluzioni a Paldea;Chi;234/193
Evoluzioni a Paldea;Quaquaval ex;235/193
Evoluzioni a Paldea;Chien;236/193
Evoluzioni a Paldea;Bellibolt ex;237/193
Evoluzioni a Paldea;Slowking ex;238/193
Evoluzioni a Paldea;Dedenne ex;239/193
Evoluzioni a Paldea;Tinkaton;240/193
Evoluzioni a Paldea;Lycanroc;241/193
Evoluzioni a Paldea;Annihilape;242/193
Evoluzioni a Paldea;Ting;243/193
Evoluzioni a Paldea;Clodsire di Paldea;244/193
Evoluzioni a Paldea;Copperajah;245/193
Evoluzioni a Paldea;Noivern;246/193
Evoluzioni a Paldea;Squawkabilly;247/193
Evoluzioni a Paldea;Ordini del Capo (Ghecis);248/193
Evoluzioni a Paldea;Clavel;249/193
Evoluzioni a Paldea;Dendra;250/193
Evoluzioni a Paldea;Valerio;251/193
Evoluzioni a Paldea;Romelio;252/193
Evoluzioni a Paldea;Grusha;253/193
Evoluzioni a Paldea;Kissara;254/193
Evoluzioni a Paldea;Guaro;255/193
Evoluzioni a Paldea;Meowscarada;256/193
Evoluzioni a Paldea;Wo;257/193
Evoluzioni a Paldea;Skeledirge;258/193
Evoluzioni a Paldea;Chi;259/193
Evoluzioni a Paldea;Quaquaval;260/193
Evoluzioni a Paldea;Chien;261/193
Evoluzioni a Paldea;Tinkaton;262/193
Evoluzioni a Paldea;Ting;263/193
Evoluzioni a Paldea;Squawkabilly;264/193
Evoluzioni a Paldea;Ordini del Capo (Ghecis);265/193
Evoluzioni a Paldea;Dendra;266/193
Evoluzioni a Paldea;Romelio;267/193
Evoluzioni a Paldea;Grusha;268/193
Evoluzioni a Paldea;Kissara;269/193
Evoluzioni a Paldea;Guaro;270/193
Evoluzioni a Paldea;Meowscarada;271/193
Evoluzioni a Paldea;Skeledirge;272/193
Evoluzioni a Paldea;Quaquaval;273/193
Evoluzioni a Paldea;Chien;274/193
Evoluzioni a Paldea;Ting;275/193
Evoluzioni a Paldea;Canna da pesca super;276/193
Evoluzioni a Paldea;Recupero di Energia Plus;277/193
Evoluzioni a Paldea;Energia base;278/193
Evoluzioni a Paldea;Energia base;279/193
Expedition Set Base;Alakazam;1/165
Expedition Set Base;Ampharos;2/165
Expedition Set Base;Arbok;3/165
Expedition Set Base;Blastoise;4/165
Expedition Set Base;Butterfree;5/165
Expedition Set Base;Charizard;6/165
Expedition Set Base;Clefable;7/165
Expedition Set Base;Cloyster;8/165
Expedition Set Base;Dragonite;9/165
Expedition Set Base;Dugtrio;10/165
Expedition Set Base;Fearow;11/165
Expedition Set Base;Feraligatr;12/165
Expedition Set Base;Gengar;13/165
Expedition Set Base;Golem;14/165
Expedition Set Base;Kingler;15/165
Expedition Set Base;Machamp;16/165
Expedition Set Base;Magby;17/165
Expedition Set Base;Meganium;18/165
Expedition Set Base;Mew;19/165
Expedition Set Base;Mewtwo;20/165
Expedition Set Base;Ninetales;21/165
Expedition Set Base;Pichu;22/165
Expedition Set Base;Pidgeot;23/165
Expedition Set Base;Poliwrath;24/165
Expedition Set Base;Raichu;25/165
Expedition Set Base;Rapidash;26/165
Expedition Set Base;Skarmory;27/165
Expedition Set Base;Typhlosion;28/165
Expedition Set Base;Tyranitar;29/165
Expedition Set Base;Venusaur;30/165
Expedition Set Base;Vileplume;31/165
Expedition Set Base;Weezing;32/165
Expedition Set Base;Alakazam;33/165
Expedition Set Base;Ampharos;34/165
Expedition Set Base;Arbok;35/165
Expedition Set Base;Blastoise;36/165
Expedition Set Base;Blastoise;37/165
Expedition Set Base;Butterfree;38/165
Expedition Set Base;Charizard;39/165
Expedition Set Base;Charizard;40/165
Expedition Set Base;Clefable;41/165
Expedition Set Base;Cloyster;42/165
Expedition Set Base;Dragonite;43/165
Expedition Set Base;Dugtrio;44/165
Expedition Set Base;Fearow;45/165
Expedition Set Base;Feraligatr;46/165
Expedition Set Base;Feraligatr;47/165
Expedition Set Base;Gengar;48/165
Expedition Set Base;Golem;49/165
Expedition Set Base;Kingler;50/165
Expedition Set Base;Machamp;51/165
Expedition Set Base;Magby;52/165
Expedition Set Base;Meganium;53/165
Expedition Set Base;Meganium;54/165
Expedition Set Base;Mew;55/165
Expedition Set Base;Mewtwo;56/165
Expedition Set Base;Ninetales;57/165
Expedition Set Base;Pichu;58/165
Expedition Set Base;Pidgeot;59/165
Expedition Set Base;Poliwrath;60/165
Expedition Set Base;Raichu;61/165
Expedition Set Base;Rapidash;62/165
Expedition Set Base;Skarmory;63/165
Expedition Set Base;Typhlosion;64/165
Expedition Set Base;Typhlosion;65/165
Expedition Set Base;Tyranitar;66/165
Expedition Set Base;Venusaur;67/165
Expedition Set Base;Venusaur;68/165
Expedition Set Base;Vileplume;69/165
Expedition Set Base;Weezing;70/165
Expedition Set Base;Bayleef;71/165
Expedition Set Base;Chansey;72/165
Expedition Set Base;Charmeleon;73/165
Expedition Set Base;Croconaw;74/165
Expedition Set Base;Dragonair;75/165
Expedition Set Base;Electabuzz;76/165
Expedition Set Base;Flaaffy;77/165
Expedition Set Base;Gloom;78/165
Expedition Set Base;Graveler;79/165
Expedition Set Base;Haunter;80/165
Expedition Set Base;Hitmonlee;81/165
Expedition Set Base;Ivysaur;82/165
Expedition Set Base;Jynx;83/165
Expedition Set Base;Kadabra;84/165
Expedition Set Base;Machoke;85/165
Expedition Set Base;Magmar;86/165
Expedition Set Base;Metapod;87/165
Expedition Set Base;Pidgeotto;88/165
Expedition Set Base;Poliwhirl;89/165
Expedition Set Base;Pupitar;90/165
Expedition Set Base;Quilava;91/165
Expedition Set Base;Wartortle;92/165
Expedition Set Base;Abra;93/165
Expedition Set Base;Bulbasaur;94/165
Expedition Set Base;Bulbasaur;95/165
Expedition Set Base;Caterpie;96/165
Expedition Set Base;Charmander;97/165
Expedition Set Base;Charmander;98/165
Expedition Set Base;Chikorita;99/165
Expedition Set Base;Chikorita;100/165
Expedition Set Base;Clefairy;101/165
Expedition Set Base;Corsola;102/165
Expedition Set Base;Cubone;103/165
Expedition Set Base;Cyndaquil;104/165
Expedition Set Base;Cyndaquil;105/165
Expedition Set Base;Diglett;106/165
Expedition Set Base;Dratini;107/165
Expedition Set Base;Ekans;108/165
Expedition Set Base;Gastly;109/165
Expedition Set Base;Geodude;110/165
Expedition Set Base;Goldeen;111/165
Expedition Set Base;Hoppip;112/165
Expedition Set Base;Houndour;113/165
Expedition Set Base;Koffing;114/165
Expedition Set Base;Krabby;115/165
Expedition Set Base;Larvitar;116/165
Expedition Set Base;Machop;117/165
Expedition Set Base;Magikarp;118/165
Expedition Set Base;Mareep;119/165
Expedition Set Base;Marill;120/165
Expedition Set Base;Meowth;121/165
Expedition Set Base;Oddish;122/165
Expedition Set Base;Pidgey;123/165
Expedition Set Base;Pikachu;124/165
Expedition Set Base;Poliwag;125/165
Expedition Set Base;Ponyta;126/165
Expedition Set Base;Qwilfish;127/165
Expedition Set Base;Rattata;128/165
Expedition Set Base;Shellder;129/165
Expedition Set Base;Spearow;130/165
Expedition Set Base;Squirtle;131/165
Expedition Set Base;Squirtle;132/165
Expedition Set Base;Tauros;133/165
Expedition Set Base;Totodile;134/165
Expedition Set Base;Totodile;135/165
Expedition Set Base;Vulpix;136/165
Expedition Set Base;Sostegno di Bill;137/165
Expedition Set Base;Copiona;138/165
Expedition Set Base;Palla Doppia;139/165
Expedition Set Base;Distruzione di Energia 2;140/165
Expedition Set Base;Ripristina Energia;141/165
Expedition Set Base;L'incitamento di Lory;142/165
Expedition Set Base;Master Ball;143/165
Expedition Set Base;Macchinario Multi;144/165
Expedition Set Base;Pok mon Infermiera;145/165
Expedition Set Base;Contropiede Pok mon;146/165
Expedition Set Base;Carica Energetica;147/165
Expedition Set Base;Metodo d'addestramento del Professor Elm;148/165
Expedition Set Base;La ricerca del Professor Oak;149/165
Expedition Set Base;Frammento della Forza;150/165
Expedition Set Base;Super Recupero;151/165
Expedition Set Base;Punto di Curvatura;152/165
Expedition Set Base;Ricerca di Energia;153/165
Expedition Set Base;Recupero Totale;154/165
Expedition Set Base;Latte Mumu;155/165
Expedition Set Base;Pozione Magica;156/165
Expedition Set Base;Scambio;157/165
Expedition Set Base;Energia Oscurit;158/165
Expedition Set Base;Energia Metallo;159/165
Expedition Set Base;Energia Combattimento;160/165
Expedition Set Base;Energia Fuoco;161/165
Expedition Set Base;Energia Erba;162/165
Expedition Set Base;Energia Lampo;163/165
Expedition Set Base;Energia Psiche;164/165
Expedition Set Base;Energia Acqua;165/165
Fiamme Oscure;Butterfree V;1/189
Fiamme Oscure;Butterfree VMAX;2/189
Fiamme Oscure;Paras;3/189
Fiamme Oscure;Parasect;4/189
Fiamme Oscure;Carnivine;5/189
Fiamme Oscure;Pansage;6/189
Fiamme Oscure;Simisage;7/189
Fiamme Oscure;Karrablast;8/189
Fiamme Oscure;Shelmet;9/189
Fiamme Oscure;Accelgor;10/189
Fiamme Oscure;Rowlet;11/189
Fiamme Oscure;Dartrix;12/189
Fiamme Oscure;Decidueye;13/189
Fiamme Oscure;Bounsweet;14/189
Fiamme Oscure;Steenee;15/189
Fiamme Oscure;Tsareena;16/189
Fiamme Oscure;Wimpod;17/189
Fiamme Oscure;Golisopod;18/189
Fiamme Oscure;Charizard;19/189
Fiamme Oscure;Charizard;20/189
Fiamme Oscure;Houndoom;21/189
Fiamme Oscure;Torchic;22/189
Fiamme Oscure;Combusken;23/189
Fiamme Oscure;Blaziken;24/189
Fiamme Oscure;Heatran;25/189
Fiamme Oscure;Pansear;26/189
Fiamme Oscure;Simisear;27/189
Fiamme Oscure;Darmanitan di Galar;28/189
Fiamme Oscure;Larvesta;29/189
Fiamme Oscure;Volcarona;30/189
Fiamme Oscure;Fletchinder;31/189
Fiamme Oscure;Talonflame;32/189
Fiamme Oscure;Centiskorch;33/189
Fiamme Oscure;Centiskorch;34/189
Fiamme Oscure;Mr. Mime di Galar;35/189
Fiamme Oscure;Mr. Rime di Galar;36/189
Fiamme Oscure;Suicune;37/189
Fiamme Oscure;Feebas;38/189
Fiamme Oscure;Milotic;39/189
Fiamme Oscure;Relicanth;40/189
Fiamme Oscure;Panpour;41/189
Fiamme Oscure;Simipour;42/189
Fiamme Oscure;Darumaka di Galar;43/189
Fiamme Oscure;Darmanitan di Galar;44/189
Fiamme Oscure;Vanillite;45/189
Fiamme Oscure;Vanillish;46/189
Fiamme Oscure;Vanilluxe;47/189
Fiamme Oscure;Cubchoo;48/189
Fiamme Oscure;Beartic;49/189
Fiamme Oscure;Wishiwashi;50/189
Fiamme Oscure;Mareanie;51/189
Fiamme Oscure;Toxapex;52/189
Fiamme Oscure;Dracovish;53/189
Fiamme Oscure;Arctovish;54/189
Fiamme Oscure;Mareep;55/189
Fiamme Oscure;Flaaffy;56/189
Fiamme Oscure;Ampharos;57/189
Fiamme Oscure;Electrike;58/189
Fiamme Oscure;Manectric;59/189
Fiamme Oscure;Vikavolt;60/189
Fiamme Oscure;Tapu Koko;61/189
Fiamme Oscure;Toxel;62/189
Fiamme Oscure;Toxtricity;63/189
Fiamme Oscure;Pincurchin;64/189
Fiamme Oscure;Dracozolt;65/189
Fiamme Oscure;Arctozolt;66/189
Fiamme Oscure;Jigglypuff;67/189
Fiamme Oscure;Wigglytuff;68/189
Fiamme Oscure;Mew;69/189
Fiamme Oscure;Snubbull;70/189
Fiamme Oscure;Granbull;71/189
Fiamme Oscure;Lunatone;72/189
Fiamme Oscure;Gothita;73/189
Fiamme Oscure;Gothorita;74/189
Fiamme Oscure;Gothitelle;75/189
Fiamme Oscure;Golett;76/189
Fiamme Oscure;Golurk;77/189
Fiamme Oscure;Dedenne;78/189
Fiamme Oscure;Morelull;79/189
Fiamme Oscure;Shiinotic;80/189
Fiamme Oscure;Mimikyu;81/189
Fiamme Oscure;Sinistea;82/189
Fiamme Oscure;Polteageist;83/189
Fiamme Oscure;Diglett;84/189
Fiamme Oscure;Dugtrio;85/189
Fiamme Oscure;Larvitar;86/189
Fiamme Oscure;Pupitar;87/189
Fiamme Oscure;Tyranitar;88/189
Fiamme Oscure;Trapinch;89/189
Fiamme Oscure;Vibrava;90/189
Fiamme Oscure;Flygon;91/189
Fiamme Oscure;Solrock;92/189
Fiamme Oscure;Hippopotas;93/189
Fiamme Oscure;Hippowdon;94/189
Fiamme Oscure;Rhyperior;95/189
Fiamme Oscure;Diggersby;96/189
Fiamme Oscure;Passimian;97/189
Fiamme Oscure;Sirfetch'd di Galar;98/189
Fiamme Oscure;Slowbro di Galar;99/189
Fiamme Oscure;Grimer;100/189
Fiamme Oscure;Muk;101/189
Fiamme Oscure;Spinarak;102/189
Fiamme Oscure;Ariados;103/189
Fiamme Oscure;Crobat;104/189
Fiamme Oscure;Darkrai;105/189
Fiamme Oscure;Purrloin;106/189
Fiamme Oscure;Liepard;107/189
Fiamme Oscure;Deino;108/189
Fiamme Oscure;Zweilous;109/189
Fiamme Oscure;Hydreigon;110/189
Fiamme Oscure;Hoopa;111/189
Fiamme Oscure;Nickit;112/189
Fiamme Oscure;Thievul;113/189
Fiamme Oscure;Grimmsnarl;114/189
Fiamme Oscure;Grimmsnarl;115/189
Fiamme Oscure;Eternatus;116/189
Fiamme Oscure;Eternatus;117/189
Fiamme Oscure;Scizor;118/189
Fiamme Oscure;Scizor;119/189
Fiamme Oscure;Skarmory;120/189
Fiamme Oscure;Aron;121/189
Fiamme Oscure;Lairon;122/189
Fiamme Oscure;Aggron;123/189
Fiamme Oscure;Escavalier;124/189
Fiamme Oscure;Klink;125/189
Fiamme Oscure;Klang;126/189
Fiamme Oscure;Klinklang;127/189
Fiamme Oscure;Stunfisk di Galar;128/189
Fiamme Oscure;Meltan;129/189
Fiamme Oscure;Melmetal;130/189
Fiamme Oscure;Cufant;131/189
Fiamme Oscure;Copperajah;132/189
Fiamme Oscure;Kangaskhan;133/189
Fiamme Oscure;Tauros;134/189
Fiamme Oscure;Sentret;135/189
Fiamme Oscure;Furret;136/189
Fiamme Oscure;Dunsparce;137/189
Fiamme Oscure;Teddiursa;138/189
Fiamme Oscure;Ursaring;139/189
Fiamme Oscure;Lugia;140/189
Fiamme Oscure;Skitty;141/189
Fiamme Oscure;Delcatty;142/189
Fiamme Oscure;Salamence;143/189
Fiamme Oscure;Salamence;144/189
Fiamme Oscure;Starly;145/189
Fiamme Oscure;Staravia;146/189
Fiamme Oscure;Staraptor;147/189
Fiamme Oscure;Ducklett;148/189
Fiamme Oscure;Swanna;149/189
Fiamme Oscure;Bunnelby;150/189
Fiamme Oscure;Fletchling;151/189
Fiamme Oscure;Skwovet;152/189
Fiamme Oscure;Greedent;153/189
Fiamme Oscure;Rookidee;154/189
Fiamme Oscure;Corvisquire;155/189
Fiamme Oscure;Corviknight;156/189
Fiamme Oscure;Parasole Grande;157/189
Fiamme Oscure;Fumogeno;158/189
Fiamme Oscure;Avicoltore;159/189
Fiamme Oscure;Mantello della Tenacia;160/189
Fiamme Oscure;Campanella Familiare;161/189
Fiamme Oscure;Bosco Brillabirinto;162/189
Fiamme Oscure;Kabu;163/189
Fiamme Oscure;Vecchio PC;164/189
Fiamme Oscure;Ginepro;165/189
Fiamme Oscure;Premura dell'Allevapok mon;166/189
Fiamme Oscure;Fossile Raro;167/189
Fiamme Oscure;Rose;168/189
Fiamme Oscure;Rose Tower;169/189
Fiamme Oscure;Spikeville;170/189
Fiamme Oscure;Guantoni Debolezza;171/189
Fiamme Oscure;Distintivo Turbo;172/189
Fiamme Oscure;Trombetta Yell;173/189
Fiamme Oscure;Energia Calore;174/189
Fiamme Oscure;Energia Nascosta;175/189
Fiamme Oscure;Energia Potente;176/189
Fiamme Oscure;Butterfree;177/189
Fiamme Oscure;Houndoom;178/189
Fiamme Oscure;Centiskorch;179/189
Fiamme Oscure;Vikavolt;180/189
Fiamme Oscure;Rhyperior;181/189
Fiamme Oscure;Crobat;182/189
Fiamme Oscure;Scizor;183/189
Fiamme Oscure;Stunfisk di Galar;184/189
Fiamme Oscure;Salamence;185/189
Fiamme Oscure;Kabu;186/189
Fiamme Oscure;Ginepro;187/189
Fiamme Oscure;Premura dell'Allevapok mon;188/189
Fiamme Oscure;Rose;189/189
Fiamme Oscure;Butterfree;190/189
Fiamme Oscure;Centiskorch;191/189
Fiamme Oscure;Eternatus;192/189
Fiamme Oscure;Scizor;193/189
Fiamme Oscure;Salamence;194/189
Fiamme Oscure;Premura dell'Allevapok mon;195/189
Fiamme Oscure;Rose;196/189
Fiamme Oscure;Rillaboom;197/189
Fiamme Oscure;Coalossal;198/189
Fiamme Oscure;Parasole Grande;199/189
Fiamme Oscure;Distintivo Turbo;200/189
Fiamme Oscure;Energia Cattura;201/189
Fiamme spettrali;Oddish;1/94
Fiamme spettrali;Gloom;2/94
Fiamme spettrali;Vileplume;3/94
Fiamme spettrali;Mega Heracross;4/94
Fiamme spettrali;Lotad;5/94
Fiamme spettrali;Lombre;6/94
Fiamme spettrali;Ludicolo;7/94
Fiamme spettrali;Genesect;8/94
Fiamme spettrali;Nymble;9/94
Fiamme spettrali;Lokix;10/94
Fiamme spettrali;Charmander;11/94
Fiamme spettrali;Charmeleon;12/94
Fiamme spettrali;Mega Charizard X;13/94
Fiamme spettrali;Moltres;14/94
Fiamme spettrali;Darumaka;15/94
Fiamme spettrali;Darmanitan;16/94
Fiamme spettrali;Reshiram;17/94
Fiamme spettrali;Oricorio;18/94
Fiamme spettrali;Charcadet;19/94
Fiamme spettrali;Ceruledge;20/94
Fiamme spettrali;Seel;21/94
Fiamme spettrali;Dewgong;22/94
Fiamme spettrali;Swinub;23/94
Fiamme spettrali;Piloswine;24/94
Fiamme spettrali;Mamoswine;25/94
Fiamme spettrali;Suicune;26/94
Fiamme spettrali;Piplup;27/94
Fiamme spettrali;Prinplup;28/94
Fiamme spettrali;Rotom;29/94
Fiamme spettrali;Yamper;30/94
Fiamme spettrali;Boltund;31/94
Fiamme spettrali;Pawmi;32/94
Fiamme spettrali;Pawmo;33/94
Fiamme spettrali;Pawmot;34/94
Fiamme spettrali;Misdreavus;35/94
Fiamme spettrali;Mismagius;36/94
Fiamme spettrali;Snubbull;37/94
Fiamme spettrali;Granbull;38/94
Fiamme spettrali;Cresselia;39/94
Fiamme spettrali;Meloetta;40/94
Fiamme spettrali;Mega Diancie;41/94
Fiamme spettrali;Mimikyu;42/94
Fiamme spettrali;Milcery;43/94
Fiamme spettrali;Alcremie;44/94
Fiamme spettrali;Zacian;45/94
Fiamme spettrali;Bramblin;46/94
Fiamme spettrali;Brambleghast;47/94
Fiamme spettrali;Tauros di Paldea;48/94
Fiamme spettrali;Gligar;49/94
Fiamme spettrali;Gliscor;50/94
Fiamme spettrali;Trapinch;51/94
Fiamme spettrali;Vibrava;52/94
Fiamme spettrali;Flygon;53/94
Fiamme spettrali;Gastly;54/94
Fiamme spettrali;Haunter;55/94
Fiamme spettrali;Mega Gengar;56/94
Fiamme spettrali;Murkrow;57/94
Fiamme spettrali;Honchkrow;58/94
Fiamme spettrali;Sableye;59/94
Fiamme spettrali;Carvanha;60/94
Fiamme spettrali;Mega Sharpedo;61/94
Fiamme spettrali;Seviper;62/94
Fiamme spettrali;Absol;63/94
Fiamme spettrali;Sandile;64/94
Fiamme spettrali;Krokorok;65/94
Fiamme spettrali;Krookodile;66/94
Fiamme spettrali;Toxel;67/94
Fiamme spettrali;Toxtricity;68/94
Fiamme spettrali;Eternatus;69/94
Fiamme spettrali;Empoleon;70/94
Fiamme spettrali;Bronzor;71/94
Fiamme spettrali;Bronzong;72/94
Fiamme spettrali;Togedemaru;73/94
Fiamme spettrali;Duraludon;74/94
Fiamme spettrali;Archaludon;75/94
Fiamme spettrali;Jigglypuff;76/94
Fiamme spettrali;Wigglytuff;77/94
Fiamme spettrali;Aipom;78/94
Fiamme spettrali;Ambipom;79/94
Fiamme spettrali;Smeargle;80/94
Fiamme spettrali;Zigzagoon;81/94
Fiamme spettrali;Linoone;82/94
Fiamme spettrali;Buneary;83/94
Fiamme spettrali;Mega Lopunny;84/94
Fiamme spettrali;Gabbia di Lotta;85/94
Fiamme spettrali;Fiamma Ossidrica;86/94
Fiamme spettrali;Lucinda;87/94
Fiamme spettrali;Valle Disorientante;88/94
Fiamme spettrali;Mangiafuoco;89/94
Fiamme spettrali;Mossa di Mirton;90/94
Fiamme spettrali;Gelato Gigante;91/94
Fiamme spettrali;Elmo Punk;92/94
Fiamme spettrali;Amuleto Magico;93/94
Fiamme spettrali;Distintivo Meraviglioso;94/94
Fiamme spettrali;Ludicolo;95/94
Fiamme spettrali;Nymble;96/94
Fiamme spettrali;Dewgong;97/94
Fiamme spettrali;Piplup;98/94
Fiamme spettrali;Yamper;99/94
Fiamme spettrali;Zacian;100/94
Fiamme spettrali;Flygon;101/94
Fiamme spettrali;Wooper di Paldea;102/94
Fiamme spettrali;Toxtricity;103/94
Fiamme spettrali;Togedemaru;104/94
Fiamme spettrali;Wigglytuff;105/94
Fiamme spettrali;Meowth;106/94
Fiamme spettrali;Ambipom;107/94
Fiamme spettrali;Mega Heracross;108/94
Fiamme spettrali;Mega Charizard X;109/94
Fiamme spettrali;Oricorio;110/94
Fiamme spettrali;Rotom;111/94
Fiamme spettrali;Mismagius;112/94
Fiamme spettrali;Mega Sharpedo;113/94
Fiamme spettrali;Empoleon;114/94
Fiamme spettrali;Mega Lopunny;115/94
Fiamme spettrali;Gabbia di Lotta;116/94
Fiamme spettrali;Fiamma Ossidrica;117/94
Fiamme spettrali;Lucinda;118/94
Fiamme spettrali;Mangiafuoco;119/94
Fiamme spettrali;Mossa di Mirton;120/94
Fiamme spettrali;Elmo Punk;121/94
Fiamme spettrali;Amuleto Magico;122/94
Fiamme spettrali;Scambio;123/94
Fiamme spettrali;Energia Deflagrazione;124/94
Fiamme spettrali;Mega Charizard X;125/94
Fiamme spettrali;Rotom;126/94
Fiamme spettrali;Mega Sharpedo;127/94
Fiamme spettrali;Mega Lopunny;128/94
Fiamme spettrali;Lucinda;129/94
Fiamme spettrali;Mega Charizard X;130/94
Forze Scatenate;Jirachi;1/95
Forze Scatenate;Magmortar;2/95
Forze Scatenate;Manaphy;3/95
Forze Scatenate;Metagross;4/95
Forze Scatenate;Mismagius;5/95
Forze Scatenate;Octillery;6/95
Forze Scatenate;Politoed;7/95
Forze Scatenate;Shaymin;8/95
Forze Scatenate;Sudowoodo;9/95
Forze Scatenate;Torterra;10/95
Forze Scatenate;Xatu;11/95
Forze Scatenate;Beedrill;12/95
Forze Scatenate;Blastoise;13/95
Forze Scatenate;Crobat;14/95
Forze Scatenate;Fearow;15/95
Forze Scatenate;Floatzel;16/95
Forze Scatenate;Kingdra;17/95
Forze Scatenate;Lanturn;18/95
Forze Scatenate;Lucario;19/95
Forze Scatenate;Ninetales;20/95
Forze Scatenate;Poliwrath;21/95
Forze Scatenate;Primeape;22/95
Forze Scatenate;Roserade;23/95
Forze Scatenate;Steelix;24/95
Forze Scatenate;Torkoal;25/95
Forze Scatenate;Tyranitar;26/95
Forze Scatenate;Ursaring;27/95
Forze Scatenate;Cherrim;28/95
Forze Scatenate;Dunsparce;29/95
Forze Scatenate;Golbat;30/95
Forze Scatenate;Grotle;31/95
Forze Scatenate;Kakuna;32/95
Forze Scatenate;Metang;33/95
Forze Scatenate;Minun;34/95
Forze Scatenate;Numel;35/95
Forze Scatenate;Plusle;36/95
Forze Scatenate;Poliwhirl;37/95
Forze Scatenate;Pupitar;38/95
Forze Scatenate;Pupitar;39/95
Forze Scatenate;Seadra;40/95
Forze Scatenate;Tauros;41/95
Forze Scatenate;Wartortle;42/95
Forze Scatenate;Aipom;43/95
Forze Scatenate;Beldum;44/95
Forze Scatenate;Buizel;45/95
Forze Scatenate;Carnivine;46/95
Forze Scatenate;Cherubi;47/95
Forze Scatenate;Chinchou;48/95
Forze Scatenate;Horsea;49/95
Forze Scatenate;Larvitar;50/95
Forze Scatenate;Larvitar;51/95
Forze Scatenate;Magmar;52/95
Forze Scatenate;Mankey;53/95
Forze Scatenate;Misdreavus;54/95
Forze Scatenate;Natu;55/95
Forze Scatenate;Onix;56/95
Forze Scatenate;Onix;57/95
Forze Scatenate;Poliwag;58/95
Forze Scatenate;Remoraid;59/95
Forze Scatenate;Riolu;60/95
Forze Scatenate;Roselia;61/95
Forze Scatenate;Spearow;62/95
Forze Scatenate;Squirtle;63/95
Forze Scatenate;Stantler;64/95
Forze Scatenate;Teddiursa;65/95
Forze Scatenate;Tropius;66/95
Forze Scatenate;Turtwig;67/95
Forze Scatenate;Vulpix;68/95
Forze Scatenate;Weedle;69/95
Forze Scatenate;Zubat;70/95
Forze Scatenate;Incoraggiamento della Cheerleader;71/95
Forze Scatenate;Palla Doppia;72/95
Forze Scatenate;Schiamazzo di Emcee;73/95
Forze Scatenate;Ritorno di Energia;74/95
Forze Scatenate;Regolazioni dell'Ingegnere;75/95
Forze Scatenate;Amo Buono;76/95
Forze Scatenate;Domande dell'Intervistatrice;77/95
Forze Scatenate;Arbitro;78/95
Forze Scatenate;Erba Vita;79/95
Forze Scatenate;PlusPotenza;80/95
Forze Scatenate;Circolatore di Pok mon;81/95
Forze Scatenate;Caramella Rara;82/95
Forze Scatenate;Super Recupero;83/95
Forze Scatenate;Crobat;84/95
Forze Scatenate;Kingdra;85/95
Forze Scatenate;Lanturn;86/95
Forze Scatenate;Steelix;87/95
Forze Scatenate;Tyranitar;88/95
Forze Scatenate;Ursaring;89/95
Forze Scatenate;Entei & Raikou;90/95
Forze Scatenate;Entei & Raikou;91/95
Forze Scatenate;Raikou & Suicune;92/95
Forze Scatenate;Raikou & Suicune;93/95
Forze Scatenate;Suicune & Entei;94/95
Forze Scatenate;Suicune & Entei;95/95
Forze Spettrali;Venonat;1/119
Forze Spettrali;Venomoth;2/119
Forze Spettrali;Yanma;3/119
Forze Spettrali;Yanmega;4/119
Forze Spettrali;Sewaddle;5/119
Forze Spettrali;Swadloon;6/119
Forze Spettrali;Leavanny;7/119
Forze Spettrali;Karrablast;8/119
Forze Spettrali;Fletchinder;9/119
Forze Spettrali;Talonflame;10/119
Forze Spettrali;Litleo;11/119
Forze Spettrali;Pyroar;12/119
Forze Spettrali;Krabby;13/119
Forze Spettrali;Kingler;14/119
Forze Spettrali;Totodile;15/119
Forze Spettrali;Croconaw;16/119
Forze Spettrali;Feraligatr;17/119
Forze Spettrali;Finneon;18/119
Forze Spettrali;Lumineon;19/119
Forze Spettrali;Frillish;20/119
Forze Spettrali;Jellicent;21/119
Forze Spettrali;Alomomola;22/119
Forze Spettrali;Manectric ex;23/119
Forze Spettrali;MManectric ex;24/119
Forze Spettrali;Pachirisu;25/119
Forze Spettrali;Joltik;26/119
Forze Spettrali;Galvantula;27/119
Forze Spettrali;Helioptile;28/119
Forze Spettrali;Helioptile;29/119
Forze Spettrali;Heliolisk;30/119
Forze Spettrali;Zubat;31/119
Forze Spettrali;Golbat;32/119
Forze Spettrali;Crobat;33/119
Forze Spettrali;Gengar ex;34/119
Forze Spettrali;MGengar ex;35/119
Forze Spettrali;Wobbuffet;36/119
Forze Spettrali;Gulpin;37/119
Forze Spettrali;Swalot;38/119
Forze Spettrali;Munna;39/119
Forze Spettrali;Musharna;40/119
Forze Spettrali;Litwick;41/119
Forze Spettrali;Lampent;42/119
Forze Spettrali;Chandelure;43/119
Forze Spettrali;Pumpkaboo;44/119
Forze Spettrali;Gourgeist;45/119
Forze Spettrali;Gligar;46/119
Forze Spettrali;Gliscor;47/119
Forze Spettrali;Roggenrola;48/119
Forze Spettrali;Boldore;49/119
Forze Spettrali;Gigalith;50/119
Forze Spettrali;Murkrow;51/119
Forze Spettrali;Honchkrow;52/119
Forze Spettrali;Poochyena;53/119
Forze Spettrali;Mightyena;54/119
Forze Spettrali;Spiritomb;55/119
Forze Spettrali;Purrloin;56/119
Forze Spettrali;Liepard;57/119
Forze Spettrali;Malamar ex;58/119
Forze Spettrali;Skarmory;59/119
Forze Spettrali;Bronzor;60/119
Forze Spettrali;Bronzong;61/119
Forze Spettrali;Dialga ex;62/119
Forze Spettrali;Heatran;63/119
Forze Spettrali;Escavalier;64/119
Forze Spettrali;Aegislash;65/119
Forze Spettrali;Klefki;66/119
Forze Spettrali;Florges;67/119
Forze Spettrali;Swirlix;68/119
Forze Spettrali;Slurpuff;69/119
Forze Spettrali;Dedenne;70/119
Forze Spettrali;Diancie;71/119
Forze Spettrali;Deino;72/119
Forze Spettrali;Zweilous;73/119
Forze Spettrali;Hydreigon;74/119
Forze Spettrali;Goomy;75/119
Forze Spettrali;Sliggoo;76/119
Forze Spettrali;Goodra;77/119
Forze Spettrali;Spearow;78/119
Forze Spettrali;Fearow;79/119
Forze Spettrali;Chansey;80/119
Forze Spettrali;Blissey;81/119
Forze Spettrali;Girafarig;82/119
Forze Spettrali;Whismur;83/119
Forze Spettrali;Loudred;84/119
Forze Spettrali;Exploud;85/119
Forze Spettrali;Regigigas;86/119
Forze Spettrali;Bunnelby;87/119
Forze Spettrali;Diggersby;88/119
Forze Spettrali;Fletchling;89/119
Forze Spettrali;Furfrou;90/119
Forze Spettrali;AZ;91/119
Forze Spettrali;Compressore Lotta;92/119
Forze Spettrali;Valle Dimensionale;93/119
Forze Spettrali;Supermartello;94/119
Forze Spettrali;Legame Mentale con Gengar;95/119
Forze Spettrali;Mirino Manuale;96/119
Forze Spettrali;Casco Sonoro;97/119
Forze Spettrali;Rete Disturbo;98/119
Forze Spettrali;Asso di Elisio;99/119
Forze Spettrali;Legame Mentale con Manectric;100/119
Forze Spettrali;Professor Platan;101/119
Forze Spettrali;Sostituto Robot;102/119
Forze Spettrali;Pattini;103/119
Forze Spettrali;Shana;104/119
Forze Spettrali;Rifugio Acciaio;105/119
Forze Spettrali;Fischio Mirato;106/119
Forze Spettrali;Tierno;107/119
Forze Spettrali;Moneta Truccata;108/119
Forze Spettrali;Cercasfide;109/119
Forze Spettrali;Xante;110/119
Forze Spettrali;Energia Incolore Doppia;111/119
Forze Spettrali;Energia Mistero;112/119
Forze Spettrali;Manectric ex;113/119
Forze Spettrali;Gengar ex;114/119
Forze Spettrali;Malamar ex;115/119
Forze Spettrali;Florges ex;116/119
Forze Spettrali;AZ;117/119
Forze Spettrali;Asso di Elisio;118/119
Forze Spettrali;Xante;119/119
Forze Spettrali;MManectric ex;120/119
Forze Spettrali;MGengar ex;121/119
Forze Spettrali;Dialga;122/119
Fossil;Aerodactyl;1/62
Fossil;Articuno;2/62
Fossil;Ditto;3/62
Fossil;Dragonite;4/62
Fossil;Gengar;5/62
Fossil;Haunter;6/62
Fossil;Hitmonlee;7/62
Fossil;Hypno;8/62
Fossil;Kabutops;9/62
Fossil;Lapras;10/62
Fossil;Magneton;11/62
Fossil;Moltres;12/62
Fossil;Muk;13/62
Fossil;Raichu;14/62
Fossil;Zapdos;15/62
Fossil;Aerodactyl;16/62
Fossil;Articuno;17/62
Fossil;Ditto;18/62
Fossil;Dragonite;19/62
Fossil;Gengar;20/62
Fossil;Haunter;21/62
Fossil;Hitmonlee;22/62
Fossil;Hypno;23/62
Fossil;Kabutops;24/62
Fossil;Lapras;25/62
Fossil;Magneton;26/62
Fossil;Moltres;27/62
Fossil;Muk;28/62
Fossil;Raichu;29/62
Fossil;Zapdos;30/62
Fossil;Arbok;31/62
Fossil;Cloyster;32/62
Fossil;Gastly;33/62
Fossil;Golbat;34/62
Fossil;Golduck;35/62
Fossil;Golem;36/62
Fossil;Graveler;37/62
Fossil;Kingler;38/62
Fossil;Magmar;39/62
Fossil;Omastar;40/62
Fossil;Sandslash;41/62
Fossil;Seadra;42/62
Fossil;Slowbro;43/62
Fossil;Tentacruel;44/62
Fossil;Weezing;45/62
Fossil;Ekans;46/62
Fossil;Geodude;47/62
Fossil;Grimer;48/62
Fossil;Horsea;49/62
Fossil;Kabuto;50/62
Fossil;Krabby;51/62
Fossil;Omanyte;52/62
Fossil;Psyduck;53/62
Fossil;Shellder;54/62
Fossil;Slowpoke;55/62
Fossil;Tentacool;56/62
Fossil;Zubat;57/62
Fossil;Mr. Fuji;58/62
Fossil;Ricerca di Energia;59/62
Fossil;Gioco d'Azzardo;60/62
Fossil;Riciclo;61/62
Fossil;Fossile Misterioso;62/62
Fragore Ribelle;Caterpie;1/192
Fragore Ribelle;Metapod;2/192
Fragore Ribelle;Butterfree;3/192
Fragore Ribelle;Scyther;4/192
Fragore Ribelle;Shuckle;5/192
Fragore Ribelle;Heracross;6/192
Fragore Ribelle;Lotad;7/192
Fragore Ribelle;Lombre;8/192
Fragore Ribelle;Ludicolo;9/192
Fragore Ribelle;Surskit;10/192
Fragore Ribelle;Masquerain;11/192
Fragore Ribelle;Snover;12/192
Fragore Ribelle;Abomasnow;13/192
Fragore Ribelle;Phantump;14/192
Fragore Ribelle;Trevenant;15/192
Fragore Ribelle;Grubbin;16/192
Fragore Ribelle;Rillaboom;17/192
Fragore Ribelle;Rillaboom;18/192
Fragore Ribelle;Eldegoss;19/192
Fragore Ribelle;Applin;20/192
Fragore Ribelle;Applin;21/192
Fragore Ribelle;Flapple;22/192
Fragore Ribelle;Appletun;23/192
Fragore Ribelle;Vulpix;24/192
Fragore Ribelle;Ninetales;25/192
Fragore Ribelle;Ninetales;26/192
Fragore Ribelle;Growlithe;27/192
Fragore Ribelle;Arcanine;28/192
Fragore Ribelle;Magmar;29/192
Fragore Ribelle;Magmortar;30/192
Fragore Ribelle;Litwick;31/192
Fragore Ribelle;Lampent;32/192
Fragore Ribelle;Chandelure;33/192
Fragore Ribelle;Heatmor;34/192
Fragore Ribelle;Cinderace;35/192
Fragore Ribelle;Cinderace;36/192
Fragore Ribelle;Mr. Mime di Galar;37/192
Fragore Ribelle;Mr. Rime di Galar;38/192
Fragore Ribelle;Magikarp;39/192
Fragore Ribelle;Gyarados;40/192
Fragore Ribelle;Wingull;41/192
Fragore Ribelle;Pelipper;42/192
Fragore Ribelle;Milotic;43/192
Fragore Ribelle;Tympole;44/192
Fragore Ribelle;Palpitoad;45/192
Fragore Ribelle;Seismitoad;46/192
Fragore Ribelle;Darumaka di Galar;47/192
Fragore Ribelle;Darmanitan di Galar;48/192
Fragore Ribelle;Inteleon;49/192
Fragore Ribelle;Inteleon;50/192
Fragore Ribelle;Cramorant;51/192
Fragore Ribelle;Arrokuda;52/192
Fragore Ribelle;Barraskewda;53/192
Fragore Ribelle;Eiscue;54/192
Fragore Ribelle;Eiscue;55/192
Fragore Ribelle;Voltorb;56/192
Fragore Ribelle;Electrode;57/192
Fragore Ribelle;Electabuzz;58/192
Fragore Ribelle;Electivire;59/192
Fragore Ribelle;Shinx;60/192
Fragore Ribelle;Luxio;61/192
Fragore Ribelle;Luxray;62/192
Fragore Ribelle;Helioptile;63/192
Fragore Ribelle;Heliolisk;64/192
Fragore Ribelle;Charjabug;65/192
Fragore Ribelle;Vikavolt;66/192
Fragore Ribelle;Boltund;67/192
Fragore Ribelle;Toxel;68/192
Fragore Ribelle;Toxtricity;69/192
Fragore Ribelle;Toxtricity;70/192
Fragore Ribelle;Toxtricity;71/192
Fragore Ribelle;Pincurchin;72/192
Fragore Ribelle;Morpeko;73/192
Fragore Ribelle;Clefairy;74/192
Fragore Ribelle;Clefable;75/192
Fragore Ribelle;Natu;76/192
Fragore Ribelle;Xatu;77/192
Fragore Ribelle;Corsola di Galar;78/192
Fragore Ribelle;Cursola di Galar;79/192
Fragore Ribelle;Sigilyph;80/192
Fragore Ribelle;Sandygast;81/192
Fragore Ribelle;Palossand;82/192
Fragore Ribelle;Hatenna;83/192
Fragore Ribelle;Hattrem;84/192
Fragore Ribelle;Hatterene;85/192
Fragore Ribelle;Milcery;86/192
Fragore Ribelle;Alcremie;87/192
Fragore Ribelle;Indeedee;88/192
Fragore Ribelle;Dreepy;89/192
Fragore Ribelle;Drakloak;90/192
Fragore Ribelle;Dragapult;91/192
Fragore Ribelle;Dragapult;92/192
Fragore Ribelle;Dragapult;93/192
Fragore Ribelle;Farfetch'd di Galar;94/192
Fragore Ribelle;Sirfetch'd di Galar;95/192
Fragore Ribelle;Nosepass;96/192
Fragore Ribelle;Meditite;97/192
Fragore Ribelle;Medicham;98/192
Fragore Ribelle;Barboach;99/192
Fragore Ribelle;Whiscash;100/192
Fragore Ribelle;Yamask di Galar;101/192
Fragore Ribelle;Runerigus di Galar;102/192
Fragore Ribelle;Binacle;103/192
Fragore Ribelle;Barbaracle;104/192
Fragore Ribelle;Rolycoly;105/192
Fragore Ribelle;Carkol;106/192
Fragore Ribelle;Coalossal;107/192
Fragore Ribelle;Sandaconda;108/192
Fragore Ribelle;Falinks;109/192
Fragore Ribelle;Falinks;110/192
Fragore Ribelle;Stonjourner;111/192
Fragore Ribelle;Koffing;112/192
Fragore Ribelle;Weezing di Galar;113/192
Fragore Ribelle;Stunky;114/192
Fragore Ribelle;Skuntank;115/192
Fragore Ribelle;Spiritomb;116/192
Fragore Ribelle;Trubbish;117/192
Fragore Ribelle;Garbodor;118/192
Fragore Ribelle;Vullaby;119/192
Fragore Ribelle;Mandibuzz;120/192
Fragore Ribelle;Malamar;121/192
Fragore Ribelle;Malamar;122/192
Fragore Ribelle;Impidimp;123/192
Fragore Ribelle;Morgrem;124/192
Fragore Ribelle;Grimmsnarl;125/192
Fragore Ribelle;Meowth di Galar;126/192
Fragore Ribelle;Perrserker di Galar;127/192
Fragore Ribelle;Scizor;128/192
Fragore Ribelle;Bronzor;129/192
Fragore Ribelle;Bronzong;130/192
Fragore Ribelle;Probopass;131/192
Fragore Ribelle;Durant;132/192
Fragore Ribelle;Honedge;133/192
Fragore Ribelle;Doublade;134/192
Fragore Ribelle;Aegislash;135/192
Fragore Ribelle;Copperajah;136/192
Fragore Ribelle;Copperajah;137/192
Fragore Ribelle;Duraludon;138/192
Fragore Ribelle;Zacian;139/192
Fragore Ribelle;Zamazenta;140/192
Fragore Ribelle;Snorlax;141/192
Fragore Ribelle;Chatot;142/192
Fragore Ribelle;Pidove;143/192
Fragore Ribelle;Tranquill;144/192
Fragore Ribelle;Unfezant;145/192
Fragore Ribelle;Bunnelby;146/192
Fragore Ribelle;Diggersby;147/192
Fragore Ribelle;Hawlucha;148/192
Fragore Ribelle;Stufful;149/192
Fragore Ribelle;Bewear;150/192
Fragore Ribelle;Skwovet;151/192
Fragore Ribelle;Greedent;152/192
Fragore Ribelle;Dubwool;153/192
Fragore Ribelle;Ordini del Capo [Giovanni];154/192
Fragore Ribelle;Bandana Ardente;155/192
Fragore Ribelle;Secchio Capiente;156/192
Fragore Ribelle;Paletta Maledetta;157/192
Fragore Ribelle;Cicerone;158/192
Fragore Ribelle;Cura Totale;159/192
Fragore Ribelle;Miniera di Galar;160/192
Fragore Ribelle;Yarrow;161/192
Fragore Ribelle;Pepita;162/192
Fragore Ribelle;Olive;163/192
Fragore Ribelle;Pok Ball;164/192
Fragore Ribelle;Retino di Recupero;165/192
Fragore Ribelle;Anemone;166/192
Fragore Ribelle;Sonia;167/192
Fragore Ribelle;Scartaoggetti;168/192
Fragore Ribelle;Cortile di Allenamento;169/192
Fragore Ribelle;Stadio di Turffield;170/192
Fragore Ribelle;Energia Cattura;171/192
Fragore Ribelle;Energia Orrore;172/192
Fragore Ribelle;Energia Velocit;173/192
Fragore Ribelle;Energia Duplice;174/192
Fragore Ribelle;Rillaboom;175/192
Fragore Ribelle;Eldegoss;176/192
Fragore Ribelle;Ninetales;177/192
Fragore Ribelle;Cinderace;178/192
Fragore Ribelle;Milotic;179/192
Fragore Ribelle;Inteleon;180/192
Fragore Ribelle;Boltund;181/192
Fragore Ribelle;Toxtricity;182/192
Fragore Ribelle;Dragapult;183/192
Fragore Ribelle;Sandaconda;184/192
Fragore Ribelle;Falinks;185/192
Fragore Ribelle;Malamar;186/192
Fragore Ribelle;Copperajah;187/192
Fragore Ribelle;Dubwool;188/192
Fragore Ribelle;Ordini del Capo [Giovanni];189/192
Fragore Ribelle;Yarrow;190/192
Fragore Ribelle;Olive;191/192
Fragore Ribelle;Sonia;192/192
Fragore Ribelle;Rillaboom;193/192
Fragore Ribelle;Cinderace;194/192
Fragore Ribelle;Inteleon;195/192
Fragore Ribelle;Toxtricity;196/192
Fragore Ribelle;Dragapult;197/192
Fragore Ribelle;Malamar;198/192
Fragore Ribelle;Copperajah;199/192
Fragore Ribelle;Ordini del Capo [Giovanni];200/192
Fragore Ribelle;Yarrow;201/192
Fragore Ribelle;Olive;202/192
Fragore Ribelle;Sonia;203/192
Fragore Ribelle;Frosmoth;204/192
Fragore Ribelle;Perrserker di Galar;205/192
Fragore Ribelle;Amuleto Grande;206/192
Fragore Ribelle;Retino di Recupero;207/192
Fragore Ribelle;Scartaoggetti;208/192
Fragore Ribelle;Energia Duplice;209/192
Fronte di Tempesta;Dusknoir;1/100
Fronte di Tempesta;Empoleon;2/100
Fronte di Tempesta;Infernape;3/100
Fronte di Tempesta;Lumineon;4/100
Fronte di Tempesta;Magnezone;5/100
Fronte di Tempesta;Magnezone;6/100
Fronte di Tempesta;Mismagius;7/100
Fronte di Tempesta;Raichu;8/100
Fronte di Tempesta;Regigigas;9/100
Fronte di Tempesta;Sceptile;10/100
Fronte di Tempesta;Torterra;11/100
Fronte di Tempesta;Abomasnow;12/100
Fronte di Tempesta;Bronzong;13/100
Fronte di Tempesta;Cherrim;14/100
Fronte di Tempesta;Drapion;15/100
Fronte di Tempesta;Drifblim;16/100
Fronte di Tempesta;Dusknoir;17/100
Fronte di Tempesta;Gengar;18/100
Fronte di Tempesta;Gyarados;19/100
Fronte di Tempesta;Machamp;20/100
Fronte di Tempesta;Mamoswine;21/100
Fronte di Tempesta;Rapidash;22/100
Fronte di Tempesta;Roserade;23/100
Fronte di Tempesta;Salamence;24/100
Fronte di Tempesta;Scizor;25/100
Fronte di Tempesta;Skuntank;26/100
Fronte di Tempesta;Staraptor;27/100
Fronte di Tempesta;Steelix;28/100
Fronte di Tempesta;Tangrowth;29/100
Fronte di Tempesta;Tyranitar;30/100
Fronte di Tempesta;Vespiquen;31/100
Fronte di Tempesta;Bibarel;32/100
Fronte di Tempesta;Budew;33/100
Fronte di Tempesta;Dusclops;34/100
Fronte di Tempesta;Dusclops;35/100
Fronte di Tempesta;Electrode;36/100
Fronte di Tempesta;Electrode;37/100
Fronte di Tempesta;Farfetch'd;38/100
Fronte di Tempesta;Grovyle;39/100
Fronte di Tempesta;Haunter;40/100
Fronte di Tempesta;Machoke;41/100
Fronte di Tempesta;Magneton;42/100
Fronte di Tempesta;Magneton;43/100
Fronte di Tempesta;Miltank;44/100
Fronte di Tempesta;Pichu;45/100
Fronte di Tempesta;Piloswine;46/100
Fronte di Tempesta;Pupitar;47/100
Fronte di Tempesta;Sableye;48/100
Fronte di Tempesta;Scyther;49/100
Fronte di Tempesta;Shelgon;50/100
Fronte di Tempesta;Skarmory;51/100
Fronte di Tempesta;Staravia;52/100
Fronte di Tempesta;Bagon;53/100
Fronte di Tempesta;Bidoof;54/100
Fronte di Tempesta;Bronzor;55/100
Fronte di Tempesta;Cherubi;56/100
Fronte di Tempesta;Combee;57/100
Fronte di Tempesta;Drifloon;58/100
Fronte di Tempesta;Duskull;59/100
Fronte di Tempesta;Duskull;60/100
Fronte di Tempesta;Finneon;61/100
Fronte di Tempesta;Gastly;62/100
Fronte di Tempesta;Larvitar;63/100
Fronte di Tempesta;Machop;64/100
Fronte di Tempesta;Magikarp;65/100
Fronte di Tempesta;Magnemite;66/100
Fronte di Tempesta;Magnemite;67/100
Fronte di Tempesta;Misdreavus;68/100
Fronte di Tempesta;Onix;69/100
Fronte di Tempesta;Pikachu;70/100
Fronte di Tempesta;Ponyta;71/100
Fronte di Tempesta;Roselia;72/100
Fronte di Tempesta;Skorupi;73/100
Fronte di Tempesta;Snover;74/100
Fronte di Tempesta;Starly;75/100
Fronte di Tempesta;Stunky;76/100
Fronte di Tempesta;Swinub;77/100
Fronte di Tempesta;Tangela;78/100
Fronte di Tempesta;Treecko;79/100
Fronte di Tempesta;Voltorb;80/100
Fronte di Tempesta;Voltorb;81/100
Fronte di Tempesta;Cava Conduttrice;82/100
Fronte di Tempesta;Legame Energetico;83/100
Fronte di Tempesta;Scambio di Energia;84/100
Fronte di Tempesta;Mega Ball;85/100
Fronte di Tempesta;Chic Ball;86/100
Fronte di Tempesta;Richiesta di Risetta;87/100
Fronte di Tempesta;Pok Colpo +;88/100
Fronte di Tempesta;Pok Pesca +;89/100
Fronte di Tempesta;Pok Cura +;90/100
Fronte di Tempesta;Premier Ball;91/100
Fronte di Tempesta;Pozione Magica;92/100
Fronte di Tempesta;Scambio;93/100
Fronte di Tempesta;Energia Ciclonica;94/100
Fronte di Tempesta;Energia Curvatura;95/100
Fronte di Tempesta;Dusknoir LIV.X;96/100
Fronte di Tempesta;Heatran LIV.X;97/100
Fronte di Tempesta;Machamp LIV.X;98/100
Fronte di Tempesta;Raichu LIV.X;99/100
Fronte di Tempesta;Regigigas LIV.X;100/100
Fronte di Tempesta;Charmander;101/100
Fronte di Tempesta;Charmeleon;102/100
Fronte di Tempesta;Charizard;103/100
Fuoco Bianco;Sewaddle;1/86
Fuoco Bianco;Swadloon;2/86
Fuoco Bianco;Leavanny;3/86
Fuoco Bianco;Cottonee;4/86
Fuoco Bianco;Whimsicott EX;5/86
Fuoco Bianco;Deerling;6/86
Fuoco Bianco;Sawsbuck;7/86
Fuoco Bianco;Shelmet;8/86
Fuoco Bianco;Accelgor;9/86
Fuoco Bianco;Virizion;10/86
Fuoco Bianco;Tepig;11/86
Fuoco Bianco;Pignite;12/86
Fuoco Bianco;Emboar;13/86
Fuoco Bianco;Pansear;14/86
Fuoco Bianco;Simisear;15/86
Fuoco Bianco;Litwick;16/86
Fuoco Bianco;Lampent;17/86
Fuoco Bianco;Chandelure;18/86
Fuoco Bianco;Heatmor;19/86
Fuoco Bianco;Reshiram EX;20/86
Fuoco Bianco;Oshawott;21/86
Fuoco Bianco;Dewott;22/86
Fuoco Bianco;Samurott;23/86
Fuoco Bianco;Basculin;24/86
Fuoco Bianco;Ducklett;25/86
Fuoco Bianco;Swanna;26/86
Fuoco Bianco;Vanillite;27/86
Fuoco Bianco;Vanillish;28/86
Fuoco Bianco;Vanilluxe;29/86
Fuoco Bianco;Keldeo EX;30/86
Fuoco Bianco;Blitzle;31/86
Fuoco Bianco;Zebstrika;32/86
Fuoco Bianco;Joltik;33/86
Fuoco Bianco;Galvantula;34/86
Fuoco Bianco;Stunfisk;35/86
Fuoco Bianco;Woobat;36/86
Fuoco Bianco;Swoobat;37/86
Fuoco Bianco;Sigilyph;38/86
Fuoco Bianco;Yamask;39/86
Fuoco Bianco;Cofagrigus;40/86
Fuoco Bianco;Gothita;41/86
Fuoco Bianco;Gothorita;42/86
Fuoco Bianco;Gothitelle;43/86
Fuoco Bianco;Frillish;44/86
Fuoco Bianco;Jellicent EX;45/86
Fuoco Bianco;Roggenrola;46/86
Fuoco Bianco;Boldore;47/86
Fuoco Bianco;Gigalith;48/86
Fuoco Bianco;Sawk;49/86
Fuoco Bianco;Archen;50/86
Fuoco Bianco;Archeops;51/86
Fuoco Bianco;Mienfoo;52/86
Fuoco Bianco;Mienshao;53/86
Fuoco Bianco;Terrakion;54/86
Fuoco Bianco;Purrloin;55/86
Fuoco Bianco;Liepard;56/86
Fuoco Bianco;Scraggy;57/86
Fuoco Bianco;Scrafty;58/86
Fuoco Bianco;Trubbish;59/86
Fuoco Bianco;Garbodor;60/86
Fuoco Bianco;Zorua;61/86
Fuoco Bianco;Zoroark;62/86
Fuoco Bianco;Vullaby;63/86
Fuoco Bianco;Mandibuzz;64/86
Fuoco Bianco;Deino;65/86
Fuoco Bianco;Zweilous;66/86
Fuoco Bianco;Hydreigon EX;67/86
Fuoco Bianco;Ferroseed;68/86
Fuoco Bianco;Ferrothorn;69/86
Fuoco Bianco;Durant;70/86
Fuoco Bianco;Druddigon;71/86
Fuoco Bianco;Patrat;72/86
Fuoco Bianco;Watchog;73/86
Fuoco Bianco;Lillipup;74/86
Fuoco Bianco;Herdier;75/86
Fuoco Bianco;Stoutland;76/86
Fuoco Bianco;Bouffalant EX;77/86
Fuoco Bianco;Tornadus;78/86
Fuoco Bianco;Vecchio Fossilpiuma;79/86
Fuoco Bianco;Braccialcoraggio;80/86
Fuoco Bianco;Komor;81/86
Fuoco Bianco;Recupero di Energia;82/86
Fuoco Bianco;Buffone;83/86
Fuoco Bianco;Anita;84/86
Fuoco Bianco;Scartaoggetti;85/86
Fuoco Bianco;Energia Deflagrazione;86/86
Fuoco Bianco;Sewaddle;87/86
Fuoco Bianco;Swadloon;88/86
Fuoco Bianco;Leavanny;89/86
Fuoco Bianco;Cottonee;90/86
Fuoco Bianco;Deerling;91/86
Fuoco Bianco;Sawsbuck;92/86
Fuoco Bianco;Shelmet;93/86
Fuoco Bianco;Accelgor;94/86
Fuoco Bianco;Virizion;95/86
Fuoco Bianco;Tepig;96/86
Fuoco Bianco;Pignite;97/86
Fuoco Bianco;Emboar;98/86
Fuoco Bianco;Pansear;99/86
Fuoco Bianco;Simisear;100/86
Fuoco Bianco;Litwick;101/086
Fuoco Bianco;Lampent;102/086
Fuoco Bianco;Chandelure;103/086
Fuoco Bianco;Heatmor;104/086
Fuoco Bianco;Oshawott;105/086
Fuoco Bianco;Dewott;106/086
Fuoco Bianco;Samurott;107/086
Fuoco Bianco;Basculin;108/086
Fuoco Bianco;Ducklett;109/086
Fuoco Bianco;Swanna;110/086
Fuoco Bianco;Vanillite;111/086
Fuoco Bianco;Vanillish;112/086
Fuoco Bianco;Vanilluxe;113/086
Fuoco Bianco;Blitzle;114/086
Fuoco Bianco;Zebstrika;115/086
Fuoco Bianco;Joltik;116/086
Fuoco Bianco;Galvantula;117/086
Fuoco Bianco;Stunfisk;118/086
Fuoco Bianco;Woobat;119/086
Fuoco Bianco;Swoobat;120/086
Fuoco Bianco;Sigilyph;121/086
Fuoco Bianco;Yamask;122/086
Fuoco Bianco;Cofagrigus;123/086
Fuoco Bianco;Gothita;124/086
Fuoco Bianco;Gothorita;125/086
Fuoco Bianco;Frillish;126/086
Fuoco Bianco;Roggenrola;127/086
Fuoco Bianco;Boldore;128/086
Fuoco Bianco;Gigalith;129/086
Fuoco Bianco;Sawk;130/086
Fuoco Bianco;Archen;131/086
Fuoco Bianco;Archeops;132/086
Fuoco Bianco;Mienfoo;133/086
Fuoco Bianco;Mienshao;134/086
Fuoco Bianco;Terrakion;135/086
Fuoco Bianco;Purrloin;136/086
Fuoco Bianco;Liepard;137/086
Fuoco Bianco;Scraggy;138/086
Fuoco Bianco;Scrafty;139/086
Fuoco Bianco;Trubbish;140/086
Fuoco Bianco;Garbodor;141/086
Fuoco Bianco;Zorua;142/086
Fuoco Bianco;Zoroark;143/086
Fuoco Bianco;Vullaby;144/086
Fuoco Bianco;Mandibuzz;145/086
Fuoco Bianco;Deino;146/086
Fuoco Bianco;Zweilous;147/086
Fuoco Bianco;Ferroseed;148/086
Fuoco Bianco;Ferrothorn;149/086
Fuoco Bianco;Durant;150/086
Fuoco Bianco;Druddigon;151/086
Fuoco Bianco;Patrat;152/086
Fuoco Bianco;Watchog;153/086
Fuoco Bianco;Lillipup;154/086
Fuoco Bianco;Herdier;155/086
Fuoco Bianco;Stoutland;156/086
Fuoco Bianco;Whimsicott EX;157/086
Fuoco Bianco;Reshiram EX;158/086
Fuoco Bianco;Keldeo EX;159/086
Fuoco Bianco;Jellicent EX;160/086
Fuoco Bianco;Hydreigon EX;161/086
Fuoco Bianco;Bouffalant EX;162/086
Fuoco Bianco;Buffone;163/086
Fuoco Bianco;Anita;164/086
Fuoco Bianco;Whimsicott EX;165/086
Fuoco Bianco;Reshiram EX;166/086
Fuoco Bianco;Keldeo EX;167/086
Fuoco Bianco;Jellicent EX;168/086
Fuoco Bianco;Hydreigon EX;169/086
Fuoco Bianco;Bouffalant EX;170/086
Fuoco Bianco;Anita;171/086
Fuoco Bianco;Victini;172/086
Fuoco Bianco;Reshiram EX;173/086
Fuoco Infernale;Caterpie;1/106
Fuoco Infernale;Metapod;2/106
Fuoco Infernale;Butterfree;3/106
Fuoco Infernale;Pineco;4/106
Fuoco Infernale;Seedot;5/106
Fuoco Infernale;Nuzleaf;6/106
Fuoco Infernale;Shiftry;7/106
Fuoco Infernale;Roselia;8/106
Fuoco Infernale;Roserade;9/106
Fuoco Infernale;Maractus;10/106
Fuoco Infernale;Charizard ex;11/106
Fuoco Infernale;Charizard ex;12/106
Fuoco Infernale;M Charizard ex;13/106
Fuoco Infernale;Ponyta;14/106
Fuoco Infernale;Rapidash;15/106
Fuoco Infernale;Torkoal;16/106
Fuoco Infernale;Fletchinder;17/106
Fuoco Infernale;Litleo;18/106
Fuoco Infernale;Litleo;19/106
Fuoco Infernale;Pyroar;20/106
Fuoco Infernale;Qwilfish;21/106
Fuoco Infernale;Feebas;22/106
Fuoco Infernale;Milotic;23/106
Fuoco Infernale;Spheal;24/106
Fuoco Infernale;Sealeo;25/106
Fuoco Infernale;Walrein;26/106
Fuoco Infernale;Luvdisc;27/106
Fuoco Infernale;Buizel;28/106
Fuoco Infernale;Floatzel;29/106
Fuoco Infernale;Bergmite;30/106
Fuoco Infernale;Avalugg;31/106
Fuoco Infernale;Shinx;32/106
Fuoco Infernale;Luxio;33/106
Fuoco Infernale;Luxray;34/106
Fuoco Infernale;Magnezone ex;35/106
Fuoco Infernale;Helioptile;36/106
Fuoco Infernale;Heliolisk;37/106
Fuoco Infernale;Duskull;38/106
Fuoco Infernale;Dusclops;39/106
Fuoco Infernale;Dusknoir;40/106
Fuoco Infernale;Toxicroak ex;41/106
Fuoco Infernale;Espurr;42/106
Fuoco Infernale;Meowstic;43/106
Fuoco Infernale;Skrelp;44/106
Fuoco Infernale;Geodude;45/106
Fuoco Infernale;Graveler;46/106
Fuoco Infernale;Golem;47/106
Fuoco Infernale;Binacle;48/106
Fuoco Infernale;Barbaracle;49/106
Fuoco Infernale;Sneasel;50/106
Fuoco Infernale;Sneasel;51/106
Fuoco Infernale;Weavile;52/106
Fuoco Infernale;Stunky;53/106
Fuoco Infernale;Stunky;54/106
Fuoco Infernale;Skuntank;55/106
Fuoco Infernale;Sandile;56/106
Fuoco Infernale;Krokorok;57/106
Fuoco Infernale;Scraggy;58/106
Fuoco Infernale;Scrafty;59/106
Fuoco Infernale;Forretress;60/106
Fuoco Infernale;Durant;61/106
Fuoco Infernale;Flab b;62/106
Fuoco Infernale;Flab b;63/106
Fuoco Infernale;Floette;64/106
Fuoco Infernale;Floette;65/106
Fuoco Infernale;Florges;66/106
Fuoco Infernale;Spritzee;67/106
Fuoco Infernale;Carbink;68/106
Fuoco Infernale;M Charizard ex;69/106
Fuoco Infernale;Druddigon;70/106
Fuoco Infernale;Dragalge;71/106
Fuoco Infernale;Goomy;72/106
Fuoco Infernale;Sliggoo;73/106
Fuoco Infernale;Goodra;74/106
Fuoco Infernale;Pidgey;75/106
Fuoco Infernale;Pidgeotto;76/106
Fuoco Infernale;Pidgeot;77/106
Fuoco Infernale;Kangaskhan ex;78/106
Fuoco Infernale;M Kangaskhan ex;79/106
Fuoco Infernale;Snorlax;80/106
Fuoco Infernale;Sentret;81/106
Fuoco Infernale;Furret;82/106
Fuoco Infernale;Miltank;83/106
Fuoco Infernale;Buneary;84/106
Fuoco Infernale;Lopunny;85/106
Fuoco Infernale;Fletchling;86/106
Fuoco Infernale;Furfrou;87/106
Fuoco Infernale;Fabbro;88/106
Fuoco Infernale;Torciardente;89/106
Fuoco Infernale;Elisio;90/106
Fuoco Infernale;Tempesta Magnetica;91/106
Fuoco Infernale;Blocco Amici;92/106
Fuoco Infernale;Addetta del Centro Pok mon;93/106
Fuoco Infernale;Pok mon Fan Club;94/106
Fuoco Infernale;Cubo Protettivo;95/106
Fuoco Infernale;Ceneremagica;96/106
Fuoco Infernale;Megafono Assordante;97/106
Fuoco Infernale;Paletta Dispettosa;98/106
Fuoco Infernale;Ultra Ball;99/106
Fuoco Infernale;Charizard ex;100/106
Fuoco Infernale;Magnezone ex;101/106
Fuoco Infernale;Toxicroak ex;102/106
Fuoco Infernale;Kangaskhan ex;103/106
Fuoco Infernale;Elisio;104/106
Fuoco Infernale;Addetta del Centro Pok mon;105/106
Fuoco Infernale;Pok mon Fan Club;106/106
Fuoco Infernale;M Charizard ex;107/106
Fuoco Infernale;M Charizard ex;108/106
Fuoco Infernale;M Kangaskhan ex;109/106
Furie Volanti;Exeggcute;1/108
Furie Volanti;Exeggutor;2/108
Furie Volanti;Wurmple;3/108
Furie Volanti;Silcoon;4/108
Furie Volanti;Beautifly;5/108
Furie Volanti;Cascoon;6/108
Furie Volanti;Dustox;7/108
Furie Volanti;Dustox;8/108
Furie Volanti;Nincada;9/108
Furie Volanti;Ninjask;10/108
Furie Volanti;Shedinja;11/108
Furie Volanti;Tropius;12/108
Furie Volanti;Victini;13/108
Furie Volanti;Fletchinder;14/108
Furie Volanti;Talonflame;15/108
Furie Volanti;Articuno;16/108
Furie Volanti;Articuno;17/108
Furie Volanti;Wingull;18/108
Furie Volanti;Pelipper;19/108
Furie Volanti;Pikachu;20/108
Furie Volanti;Voltorb;21/108
Furie Volanti;Electrode;22/108
Furie Volanti;Zapdos;23/108
Furie Volanti;Electrike;24/108
Furie Volanti;Manectric;25/108
Furie Volanti;Thundurus ex;26/108
Furie Volanti;Natu;27/108
Furie Volanti;Natu;28/108
Furie Volanti;Xatu;29/108
Furie Volanti;Shuppet;30/108
Furie Volanti;Banette;31/108
Furie Volanti;Banette;32/108
Furie Volanti;Deoxys;33/108
Furie Volanti;Gallade ex;34/108
Furie Volanti;MGallade ex;35/108
Furie Volanti;Gligar;36/108
Furie Volanti;Gliscor;37/108
Furie Volanti;Binacle;38/108
Furie Volanti;Hawlucha;39/108
Furie Volanti;Absol;40/108
Furie Volanti;Inkay;41/108
Furie Volanti;Jirachi;42/108
Furie Volanti;Togepi;43/108
Furie Volanti;Togetic;44/108
Furie Volanti;Togekiss;45/108
Furie Volanti;Togekiss;46/108
Furie Volanti;Carbink;47/108
Furie Volanti;Klefki;48/108
Furie Volanti;Dratini;49/108
Furie Volanti;Dragonair;50/108
Furie Volanti;Dragonite;51/108
Furie Volanti;Dragonite;52/108
Furie Volanti;Altaria;53/108
Furie Volanti;Bagon;54/108
Furie Volanti;Bagon;55/108
Furie Volanti;Shelgon;56/108
Furie Volanti;Salamence;57/108
Furie Volanti;Latios ex;58/108
Furie Volanti;MLatios ex;59/108
Furie Volanti;Rayquaza ex;60/108
Furie Volanti;MRayquaza ex;61/108
Furie Volanti;Hydreigon ex;62/108
Furie Volanti;Reshiram;63/108
Furie Volanti;Zekrom;64/108
Furie Volanti;Spearow;65/108
Furie Volanti;Fearow;66/108
Furie Volanti;Meowth;67/108
Furie Volanti;Dunsparce;68/108
Furie Volanti;Skarmory;69/108
Furie Volanti;Taillow;70/108
Furie Volanti;Swellow;71/108
Furie Volanti;Swellow;72/108
Furie Volanti;Swablu;73/108
Furie Volanti;Altaria;74/108
Furie Volanti;Rayquaza ex;75/108
Furie Volanti;MRayquaza ex;76/108
Furie Volanti;Shaymin ex;77/108
Furie Volanti;Pidove;78/108
Furie Volanti;Tranquill;79/108
Furie Volanti;Unfezant;80/108
Furie Volanti;Unfezant;81/108
Furie Volanti;Fletchling;82/108
Furie Volanti;Legame Mentale con Gallade;83/108
Furie Volanti;Sciarpa Curativa;84/108
Furie Volanti;Legame Mentale con Latios;85/108
Furie Volanti;Mega Turbo;86/108
Furie Volanti;Legame Mentale con Rayquaza;87/108
Furie Volanti;Revitalizzante;88/108
Furie Volanti;Campo Aereo;89/108
Furie Volanti;Rocco;90/108
Furie Volanti;Scambio;91/108
Furie Volanti;Posta Allenatori;92/108
Furie Volanti;Ultra Ball;93/108
Furie Volanti;Lino;94/108
Furie Volanti;Grandelente;95/108
Furie Volanti;Alice;96/108
Furie Volanti;Energia Drago doppia;97/108
Furie Volanti;Thundurus ex;98/108
Furie Volanti;Gallade ex;99/108
Furie Volanti;MGallade ex;100/108
Furie Volanti;Latios ex;101/108
Furie Volanti;MLatios ex;102/108
Furie Volanti;Hydreigon ex;103/108
Furie Volanti;Rayquaza ex;104/108
Furie Volanti;MRayquaza ex;105/108
Furie Volanti;Shaymin ex;106/108
Furie Volanti;Lino;107/108
Furie Volanti;Alice;108/108
Furie Volanti;Scambio di Energia;109/108
Furie Volanti;Cercasfide;110/108
Gioco di Squadra;Celebi e Venusaur gx;1/181
Gioco di Squadra;Weedle;2/181
Gioco di Squadra;Weedle;3/181
Gioco di Squadra;Kakuna;4/181
Gioco di Squadra;Beedrill;5/181
Gioco di Squadra;Paras;6/181
Gioco di Squadra;Parasect;7/181
Gioco di Squadra;Exeggcute;8/181
Gioco di Squadra;Pinsir;9/181
Gioco di Squadra;Shaymin;10/181
Gioco di Squadra;Charmander;11/181
Gioco di Squadra;Charmander;12/181
Gioco di Squadra;Charmeleon;13/181
Gioco di Squadra;Charizard;14/181
Gioco di Squadra;Vulpix;15/181
Gioco di Squadra;Ninetales;16/181
Gioco di Squadra;Ponyta;17/181
Gioco di Squadra;Rapidash;18/181
Gioco di Squadra;Moltres;19/181
Gioco di Squadra;Litten;20/181
Gioco di Squadra;Torracat;21/181
Gioco di Squadra;Squirtle;22/181
Gioco di Squadra;Squirtle;23/181
Gioco di Squadra;Wartortle;24/181
Gioco di Squadra;Blastoise;25/181
Gioco di Squadra;Psyduck;26/181
Gioco di Squadra;Golduck;27/181
Gioco di Squadra;Staryu;28/181
Gioco di Squadra;Magikarp;29/181
Gioco di Squadra;Gyarados;30/181
Gioco di Squadra;Lapras;31/181
Gioco di Squadra;Articuno;32/181
Gioco di Squadra;Pikachu e Zekrom gx;33/181
Gioco di Squadra;Geodude di Alola;34/181
Gioco di Squadra;Geodude di Alola;35/181
Gioco di Squadra;Graveler di Alola;36/181
Gioco di Squadra;Golem di Alola;37/181
Gioco di Squadra;Voltorb;38/181
Gioco di Squadra;Electrode;39/181
Gioco di Squadra;Zapdos;40/181
Gioco di Squadra;Mareep;41/181
Gioco di Squadra;Flaaffy;42/181
Gioco di Squadra;Ampharos gx;43/181
Gioco di Squadra;Blitzle;44/181
Gioco di Squadra;Zebstrika;45/181
Gioco di Squadra;Emolga;46/181
Gioco di Squadra;Joltik;47/181
Gioco di Squadra;Galvantula;48/181
Gioco di Squadra;Helioptile;49/181
Gioco di Squadra;Heliolisk;50/181
Gioco di Squadra;Tapu Koko;51/181
Gioco di Squadra;Zeraora;52/181
Gioco di Squadra;Gengar e Mimikyu;53/181
Gioco di Squadra;Nidoran?;54/181
Gioco di Squadra;Nidorina;55/181
Gioco di Squadra;Nidoqueen;56/181
Gioco di Squadra;Nidoran?;57/181
Gioco di Squadra;Nidorino;58/181
Gioco di Squadra;Nidoking;59/181
Gioco di Squadra;Tentacool;60/181
Gioco di Squadra;Tentacruel;61/181
Gioco di Squadra;Grimer;62/181
Gioco di Squadra;Muk;63/181
Gioco di Squadra;Marowak di Alola;64/181
Gioco di Squadra;Starmie;65/181
Gioco di Squadra;Mr. Mime;66/181
Gioco di Squadra;Mr. Mime gx;67/181
Gioco di Squadra;Jynx;68/181
Gioco di Squadra;Cosmog;69/181
Gioco di Squadra;Cosmoem;70/181
Gioco di Squadra;Mankey;71/181
Gioco di Squadra;Primeape;72/181
Gioco di Squadra;Hitmonlee;73/181
Gioco di Squadra;Hitmonchan;74/181
Gioco di Squadra;Omanyte;75/181
Gioco di Squadra;Omastar;76/181
Gioco di Squadra;Kabuto;77/181
Gioco di Squadra;Kabutops;78/181
Gioco di Squadra;Larvitar;79/181
Gioco di Squadra;Pupitar;80/181
Gioco di Squadra;Pancham;81/181
Gioco di Squadra;Lycanroc gx;82/181
Gioco di Squadra;Grimer di Alola;83/181
Gioco di Squadra;Muk di Alola;84/181
Gioco di Squadra;Tyranitar;85/181
Gioco di Squadra;Poochyena;86/181
Gioco di Squadra;Mightyena;87/181
Gioco di Squadra;Absol;88/181
Gioco di Squadra;Spiritomb;89/181
Gioco di Squadra;Zorua;90/181
Gioco di Squadra;Zoroark;91/181
Gioco di Squadra;Vullaby;92/181
Gioco di Squadra;Mandibuzz;93/181
Gioco di Squadra;Pangoro;94/181
Gioco di Squadra;Yveltal;95/181
Gioco di Squadra;Hoopa gx;96/181
Gioco di Squadra;Incineroar gx;97/181
Gioco di Squadra;Skarmory;98/181
Gioco di Squadra;Jirachi;99/181
Gioco di Squadra;Bronzor;100/181
Gioco di Squadra;Bronzong;101/181
Gioco di Squadra;Ferroseed;102/181
Gioco di Squadra;Ferrothorn;103/181
Gioco di Squadra;Pawniard;104/181
Gioco di Squadra;Bisharp;105/181
Gioco di Squadra;Cobalion gx;106/181
Gioco di Squadra;Honedge;107/181
Gioco di Squadra;Doublade;108/181
Gioco di Squadra;Aegislash;109/181
Gioco di Squadra;Klefki;110/181
Gioco di Squadra;Ninetales di Alola;111/181
Gioco di Squadra;Mimikyu;112/181
Gioco di Squadra;Latias e Latios gx;113/181
Gioco di Squadra;Exeggutor di Alola;114/181
Gioco di Squadra;Exeggutor di Alola;115/181
Gioco di Squadra;Dratini;116/181
Gioco di Squadra;Dratini;117/181
Gioco di Squadra;Dragonair;118/181
Gioco di Squadra;Dragonite;119/181
Gioco di Squadra;Eevee e Snorlax gx;120/181
Gioco di Squadra;Pidgey;121/181
Gioco di Squadra;Pidgey;122/181
Gioco di Squadra;Pidgeotto;123/181
Gioco di Squadra;Pidgeot;124/181
Gioco di Squadra;Meowth;125/181
Gioco di Squadra;Persian;126/181
Gioco di Squadra;Farfetch'd;127/181
Gioco di Squadra;Kangaskhan;128/181
Gioco di Squadra;Tauros;129/181
Gioco di Squadra;Aerodactyl;130/181
Gioco di Squadra;Lugia;131/181
Gioco di Squadra;Zangoose;132/181
Gioco di Squadra;Analisi di Bill;133/181
Gioco di Squadra;Mercato Nero;134/181
Gioco di Squadra;Tenacia di Brock;135/181
Gioco di Squadra;Imbottitura;136/181
Gioco di Squadra;Meridia;137/181
Gioco di Squadra;Trivella Insidiosa;138/181
Gioco di Squadra;Caricatore Elettrico;139/181
Gioco di Squadra;Ospitalit di Erika;140/181
Gioco di Squadra;Vespera;141/181
Gioco di Squadra;Amuleto Folletto UC;142/181
Gioco di Squadra;ROM Erba;143/181
Gioco di Squadra;Andy e Torn;144/181
Gioco di Squadra;Jasmine;145/181
Gioco di Squadra;Fischietto dell'Arbitro;146/181
Gioco di Squadra;Lavandonia;147/181
Gioco di Squadra;Occhialini Metallici;148/181
Gioco di Squadra;Aurora;149/181
Gioco di Squadra;Augusto;150/181
Gioco di Squadra;Notturna;151/181
Gioco di Squadra;Comunicazione Pok mon;152/181
Gioco di Squadra;Ricevuta di Ritorno;153/181
Gioco di Squadra;Suggerimento di Sabrina;154/181
Gioco di Squadra;Fossile Sconosciuto;155/181
Gioco di Squadra;Bosco Smeraldo;156/181
Gioco di Squadra;ROM Acqua;157/181
Gioco di Squadra;Labirinto Meraviglioso;158/181
Gioco di Squadra;Celebi e Venusaur gx;159/181
Gioco di Squadra;Magikarp e Wailord'gx;160/181
Gioco di Squadra;Magikarp e Wailord'gx;161/181
Gioco di Squadra;Pikachu e Zekrom gx;162/181
Gioco di Squadra;Ampharos gx;163/181
Gioco di Squadra;Gengar e Mimikyu gx;164/181
Gioco di Squadra;Gengar e Mimikyu gx;165/181
Gioco di Squadra;Hoopa gx;166/181
Gioco di Squadra;Incineroar gx;167/181
Gioco di Squadra;Cobalion gx;168/181
Gioco di Squadra;Latias e Latios gx;169/181
Gioco di Squadra;Latias e Latios gx;170/181
Gioco di Squadra;Eevee e Snorlax gx;171/181
Gioco di Squadra;Tenacia di Brock;172/181
Gioco di Squadra;Meridia;173/181
Gioco di Squadra;Ospitalit di Erika;174/181
Gioco di Squadra;Vespera;175/181
Gioco di Squadra;Andy e Torn;176/181
Gioco di Squadra;Jasmine;177/181
Gioco di Squadra;Aurora;178/181
Gioco di Squadra;Augusto;179/181
Gioco di Squadra;Notturna;180/181
Gioco di Squadra;Suggerimento di Sabrina;181/181
Gioco di Squadra;Celebi e Venusaur gx;182/181
Gioco di Squadra;Magikarp e Wailord'gx;183/181
Gioco di Squadra;Pikachu e Zekrom gx;184/181
Gioco di Squadra;Ampharos gx;185/181
Gioco di Squadra;Gengar e Mimikyu gx;186/181
Gioco di Squadra;Hoopa gx;187/181
Gioco di Squadra;Incineroar gx;188/181
Gioco di Squadra;Cobalion gx;189/181
Gioco di Squadra;Latias e Latios gx;190/181
Gioco di Squadra;Eevee e Snorlax gx;191/181
Gioco di Squadra;Trivella Insidiosa;192/181
Gioco di Squadra;Caricatore Elettrico;193/181
Gioco di Squadra;Fischietto dell'Arbitro;194/181
Gioco di Squadra;Occhialini Metallici;195/181
Gioco di Squadra;Comunicazione Pok mon;196/181
Glaciazione Plasma;Weedle;1/116
Glaciazione Plasma;Kakuna;2/116
Glaciazione Plasma;Beedrill;3/116
Glaciazione Plasma;Exeggcute;4/116
Glaciazione Plasma;Exeggutor;5/116
Glaciazione Plasma;Treecko;6/116
Glaciazione Plasma;Grovyle;7/116
Glaciazione Plasma;Sceptile;8/116
Glaciazione Plasma;Cacnea;9/116
Glaciazione Plasma;Cacturne;10/116
Glaciazione Plasma;Leafeon;11/116
Glaciazione Plasma;Flareon;12/116
Glaciazione Plasma;Heatran ex;13/116
Glaciazione Plasma;Litwick;14/116
Glaciazione Plasma;Lampent;15/116
Glaciazione Plasma;Chandelure;16/116
Glaciazione Plasma;Reshiram;17/116
Glaciazione Plasma;Horsea;18/116
Glaciazione Plasma;Seadra;19/116
Glaciazione Plasma;Vaporeon;20/116
Glaciazione Plasma;Wooper;21/116
Glaciazione Plasma;Quagsire;22/116
Glaciazione Plasma;Glaceon;23/116
Glaciazione Plasma;Tympole;24/116
Glaciazione Plasma;Palpitoad;25/116
Glaciazione Plasma;Seismitoad;26/116
Glaciazione Plasma;Vanillite;27/116
Glaciazione Plasma;Vanillish;28/116
Glaciazione Plasma;Vanilluxe;29/116
Glaciazione Plasma;Cryogonal;30/116
Glaciazione Plasma;Kyurem;31/116
Glaciazione Plasma;Voltorb;32/116
Glaciazione Plasma;Electrode;33/116
Glaciazione Plasma;Jolteon;34/116
Glaciazione Plasma;Chinchou;35/116
Glaciazione Plasma;Lanturn;36/116
Glaciazione Plasma;Pachirisu;37/116
Glaciazione Plasma;Thundurus ex;38/116
Glaciazione Plasma;Zekrom;39/116
Glaciazione Plasma;Nidoran?;40/116
Glaciazione Plasma;Nidorina;41/116
Glaciazione Plasma;Nidoqueen;42/116
Glaciazione Plasma;Nidoran?;43/116
Glaciazione Plasma;Nidorino;44/116
Glaciazione Plasma;Grimer;45/116
Glaciazione Plasma;Muk;46/116
Glaciazione Plasma;Mr. Mime;47/116
Glaciazione Plasma;Espeon;48/116
Glaciazione Plasma;Sableye;49/116
Glaciazione Plasma;Beldum;50/116
Glaciazione Plasma;Metang;51/116
Glaciazione Plasma;Metagross;52/116
Glaciazione Plasma;Deoxys ex;53/116
Glaciazione Plasma;Yamask;54/116
Glaciazione Plasma;Yamask;55/116
Glaciazione Plasma;Cofagrigus;56/116
Glaciazione Plasma;Cofagrigus;57/116
Glaciazione Plasma;Nidoking;58/116
Glaciazione Plasma;Mankey;59/116
Glaciazione Plasma;Primeape;60/116
Glaciazione Plasma;Onix;61/116
Glaciazione Plasma;Makuhita;62/116
Glaciazione Plasma;Hariyama;63/116
Glaciazione Plasma;Umbreon;64/116
Glaciazione Plasma;Sneasel;65/116
Glaciazione Plasma;Weavile;66/116
Glaciazione Plasma;Absol;67/116
Glaciazione Plasma;Sandile;68/116
Glaciazione Plasma;Krokorok;69/116
Glaciazione Plasma;Krookodile;70/116
Glaciazione Plasma;Pawniard;71/116
Glaciazione Plasma;Pawniard;72/116
Glaciazione Plasma;Bisharp;73/116
Glaciazione Plasma;Bisharp;74/116
Glaciazione Plasma;Deino;75/116
Glaciazione Plasma;Deino;76/116
Glaciazione Plasma;Zweilous;77/116
Glaciazione Plasma;Hydreigon;78/116
Glaciazione Plasma;Steelix;79/116
Glaciazione Plasma;Mawile;80/116
Glaciazione Plasma;Dratini;81/116
Glaciazione Plasma;Dragonair;82/116
Glaciazione Plasma;Dragonite;83/116
Glaciazione Plasma;Kingdra;84/116
Glaciazione Plasma;Latias ex;85/116
Glaciazione Plasma;Latios ex;86/116
Glaciazione Plasma;Rattata;87/116
Glaciazione Plasma;Raticate;88/116
Glaciazione Plasma;Eevee;89/116
Glaciazione Plasma;Eevee;90/116
Glaciazione Plasma;Hoothoot;91/116
Glaciazione Plasma;Noctowl;92/116
Glaciazione Plasma;Miltank;93/116
Glaciazione Plasma;Kecleon;94/116
Glaciazione Plasma;Starly;95/116
Glaciazione Plasma;Staravia;96/116
Glaciazione Plasma;Staraptor;97/116
Glaciazione Plasma;Tornadus ex;98/116
Glaciazione Plasma;Pietralieve;99/116
Glaciazione Plasma;Citt Congelata;100/116
Glaciazione Plasma;Ghecis;101/116
Glaciazione Plasma;Trio Oscuro;102/116
Glaciazione Plasma;Recupero di Energia Plus;103/116
Glaciazione Plasma;Medaglia del Team Plasma;104/116
Glaciazione Plasma;Team Plasma Ball;105/116
Glaciazione Plasma;Energia Plasma;106/116
Glaciazione Plasma;Rugiada della Vita;107/116
Glaciazione Plasma;Rocciodifesa;108/116
Glaciazione Plasma;Heatran ex;109/116
Glaciazione Plasma;Thundurus ex;110/116
Glaciazione Plasma;Deoxys ex;111/116
Glaciazione Plasma;Latias ex;112/116
Glaciazione Plasma;Latios ex;113/116
Glaciazione Plasma;Tornadus ex;114/116
Glaciazione Plasma;Ghecis;115/116
Glaciazione Plasma;Prof.ssa Aralia;116/116
Glaciazione Plasma;Empoleon;117/116
Glaciazione Plasma;Sigilyph;118/116
Glaciazione Plasma;Garbodor;119/116
Glaciazione Plasma;Garchomp;120/116
Glaciazione Plasma;Pozione Max;121/116
Glaciazione Plasma;Ultra Ball;122/116
Guardiani Nascenti;Bellsprout;1/145
Guardiani Nascenti;Weepinbell;2/145
Guardiani Nascenti;Victreebel;3/145
Guardiani Nascenti;Petilil;4/145
Guardiani Nascenti;Lilligant;5/145
Guardiani Nascenti;Phantump;6/145
Guardiani Nascenti;Trevenant;7/145
Guardiani Nascenti;Wimpod;8/145
Guardiani Nascenti;Golisopod;9/145
Guardiani Nascenti;Victini;10/145
Guardiani Nascenti;Litwick;11/145
Guardiani Nascenti;Lampent;12/145
Guardiani Nascenti;Chandelure;13/145
Guardiani Nascenti;Oricorio;14/145
Guardiani Nascenti;Salandit;15/145
Guardiani Nascenti;Salazzle;16/145
Guardiani Nascenti;Turtonator;17/145
Guardiani Nascenti;Turtonator gx;18/145
Guardiani Nascenti;Sandshrew di Alola;19/145
Guardiani Nascenti;Sandslash di Alola;20/145
Guardiani Nascenti;Vulpix di Alola;21/145
Guardiani Nascenti;Ninetales di Alola gx;22/145
Guardiani Nascenti;Tentacool;23/145
Guardiani Nascenti;Tentacruel;24/145
Guardiani Nascenti;Politoed;25/145
Guardiani Nascenti;Delibird;26/145
Guardiani Nascenti;Carvanha;27/145
Guardiani Nascenti;Sharpedo;28/145
Guardiani Nascenti;Wailmer;29/145
Guardiani Nascenti;Wailord;30/145
Guardiani Nascenti;Snorunt;31/145
Guardiani Nascenti;Glalie;32/145
Guardiani Nascenti;Vanillite;33/145
Guardiani Nascenti;Vanillish;34/145
Guardiani Nascenti;Vanilluxe;35/145
Guardiani Nascenti;Alomomola;36/145
Guardiani Nascenti;Wishiwashi;37/145
Guardiani Nascenti;Wishiwashi gx;38/145
Guardiani Nascenti;Mareanie;39/145
Guardiani Nascenti;Geodude di Alola;40/145
Guardiani Nascenti;Graveler di Alola;41/145
Guardiani Nascenti;Golem di Alola;42/145
Guardiani Nascenti;Helioptile;43/145
Guardiani Nascenti;Heliolisk;44/145
Guardiani Nascenti;Vikavolt gx;45/145
Guardiani Nascenti;Oricorio;46/145
Guardiani Nascenti;Tapu Koko gx;47/145
Guardiani Nascenti;Slowpoke;48/145
Guardiani Nascenti;Slowbro;49/145
Guardiani Nascenti;Trubbish;50/145
Guardiani Nascenti;Garbodor;51/145
Guardiani Nascenti;Gothita;52/145
Guardiani Nascenti;Gothorita;53/145
Guardiani Nascenti;Gothitelle;54/145
Guardiani Nascenti;Oricorio;55/145
Guardiani Nascenti;Oricorio;56/145
Guardiani Nascenti;Toxapex gx;57/145
Guardiani Nascenti;Mimikyu;58/145
Guardiani Nascenti;Dhelmise;59/145
Guardiani Nascenti;Tapu Lele gx;60/145
Guardiani Nascenti;Lunala;61/145
Guardiani Nascenti;Machop;62/145
Guardiani Nascenti;Machop;63/145
Guardiani Nascenti;Machoke;64/145
Guardiani Nascenti;Machamp;65/145
Guardiani Nascenti;Sudowoodo;66/145
Guardiani Nascenti;Gligar;67/145
Guardiani Nascenti;Gliscor;68/145
Guardiani Nascenti;Nosepass;69/145
Guardiani Nascenti;Barboach;70/145
Guardiani Nascenti;Whiscash;71/145
Guardiani Nascenti;Pancham;72/145
Guardiani Nascenti;Rockruff;73/145
Guardiani Nascenti;Lycanroc gx;74/145
Guardiani Nascenti;Mudbray;75/145
Guardiani Nascenti;Mudsdale;76/145
Guardiani Nascenti;Minior;77/145
Guardiani Nascenti;Murkrow;78/145
Guardiani Nascenti;Honchkrow;79/145
Guardiani Nascenti;Sableye;80/145
Guardiani Nascenti;Absol;81/145
Guardiani Nascenti;Pangoro;82/145
Guardiani Nascenti;Beldum;83/145
Guardiani Nascenti;Metang;84/145
Guardiani Nascenti;Metagross gx;85/145
Guardiani Nascenti;Probopass;86/145
Guardiani Nascenti;Solgaleo;87/145
Guardiani Nascenti;Clefairy;88/145
Guardiani Nascenti;Clefable;89/145
Guardiani Nascenti;Cottonee;90/145
Guardiani Nascenti;Whimsicott;91/145
Guardiani Nascenti;Sylveon gx;92/145
Guardiani Nascenti;Comfey;93/145
Guardiani Nascenti;Goomy;94/145
Guardiani Nascenti;Sliggoo;95/145
Guardiani Nascenti;Goodra;96/145
Guardiani Nascenti;Drampa;97/145
Guardiani Nascenti;Jangmo;98/145
Guardiani Nascenti;Hakamo;99/145
Guardiani Nascenti;Kommo;100/145
Guardiani Nascenti;Chansey;101/145
Guardiani Nascenti;Blissey;102/145
Guardiani Nascenti;Taillow;103/145
Guardiani Nascenti;Swellow;104/145
Guardiani Nascenti;Castform;105/145
Guardiani Nascenti;Rayquaza;106/145
Guardiani Nascenti;Patrat;107/145
Guardiani Nascenti;Watchog;108/145
Guardiani Nascenti;Fletchling;109/145
Guardiani Nascenti;Fletchinder;110/145
Guardiani Nascenti;Talonflame;111/145
Guardiani Nascenti;Stufful;112/145
Guardiani Nascenti;Bewear;113/145
Guardiani Nascenti;Komala;114/145
Guardiani Nascenti;Drampa GX;115/145
Guardiani Nascenti;Zona protetta dell'ï¿½ther Paradise;116/145
Guardiani Nascenti;Altare Lunare;117/145
Guardiani Nascenti;Altare Solare;118/145
Guardiani Nascenti;Distintivo Acqua;119/145
Guardiani Nascenti;Collina Scrosciante;120/145
Guardiani Nascenti;Bendascelta;121/145
Guardiani Nascenti;Lotteria Energia;122/145
Guardiani Nascenti;Riciclaggio di Energia;123/145
Guardiani Nascenti;Supermartello;124/145
Guardiani Nascenti;Spazzacampo;125/145
Guardiani Nascenti;Hala;126/145
Guardiani Nascenti;Ibis;127/145
Guardiani Nascenti;Pozione Max;128/145
Guardiani Nascenti;Scambio Multiplo;129/145
Guardiani Nascenti;Barella;130/145
Guardiani Nascenti;Turtonator gx;131/145
Guardiani Nascenti;Ninetales di Alola gx;132/145
Guardiani Nascenti;Wishiwashi gx;133/145
Guardiani Nascenti;Vikavolt gx;134/145
Guardiani Nascenti;Tapu Koko gx;135/145
Guardiani Nascenti;Toxapex gx;136/145
Guardiani Nascenti;Tapu Lele gx;137/145
Guardiani Nascenti;Lycanroc gx;138/145
Guardiani Nascenti;Metagross gx;139/145
Guardiani Nascenti;Sylveon gx;140/145
Guardiani Nascenti;Kommo;141/145
Guardiani Nascenti;Drampa GX;142/145
Guardiani Nascenti;Hala;143/145
Guardiani Nascenti;Hau;144/145
Guardiani Nascenti;Ibis;145/145
Guardiani Nascenti;Decidueye gx;146/145
Guardiani Nascenti;Incineroar gx;147/145
Guardiani Nascenti;Turtonator gx;148/145
Guardiani Nascenti;Primarina gx;149/145
Guardiani Nascenti;Ninetales di Alola gx;150/145
Guardiani Nascenti;Wishiwashi gx;151/145
Guardiani Nascenti;Vikavolt gx;152/145
Guardiani Nascenti;Tapu Koko gx;153/145
Guardiani Nascenti;Toxapex gx;154/145
Guardiani Nascenti;Tapu Lele gx;155/145
Guardiani Nascenti;Lycanroc gx;156/145
Guardiani Nascenti;Metagross gx;157/145
Guardiani Nascenti;Sylveon gx;158/145
Guardiani Nascenti;Kommo;159/145
Guardiani Nascenti;Drampa GX;160/145
Guardiani Nascenti;Distintivo Acqua;161/145
Guardiani Nascenti;Supermartello;162/145
Guardiani Nascenti;Spazzacampo;163/145
Guardiani Nascenti;Pozione Max;164/145
Guardiani Nascenti;Caramella Rara;165/145
Guardiani Nascenti;Energia Incolore doppia;166/145
Guardiani Nascenti;Energia Erba;167/145
Guardiani Nascenti;Energia Lampo;168/145
Guardiani Nascenti;Energia Combattimento;169/145
HeartGold & SoulSilver;Arcanine;1/123
HeartGold & SoulSilver;Azumarill;2/123
HeartGold & SoulSilver;Clefable;3/123
HeartGold & SoulSilver;Gyarados;4/123
HeartGold & SoulSilver;Hitmontop;5/123
HeartGold & SoulSilver;Jumpluff;6/123
HeartGold & SoulSilver;Ninetales;7/123
HeartGold & SoulSilver;Noctowl;8/123
HeartGold & SoulSilver;Quagsire;9/123
HeartGold & SoulSilver;Raichu;10/123
HeartGold & SoulSilver;Shuckle;11/123
HeartGold & SoulSilver;Slowking;12/123
HeartGold & SoulSilver;Wobbuffet;13/123
HeartGold & SoulSilver;Ampharos;14/123
HeartGold & SoulSilver;Ariados;15/123
HeartGold & SoulSilver;Butterfree;16/123
HeartGold & SoulSilver;Cleffa;17/123
HeartGold & SoulSilver;Exeggutor;18/123
HeartGold & SoulSilver;Farfetch'd;19/123
HeartGold & SoulSilver;Feraligatr;20/123
HeartGold & SoulSilver;Furret;21/123
HeartGold & SoulSilver;Granbull;22/123
HeartGold & SoulSilver;Hypno;23/123
HeartGold & SoulSilver;Lapras;24/123
HeartGold & SoulSilver;Ledian;25/123
HeartGold & SoulSilver;Meganium;26/123
HeartGold & SoulSilver;Persian;27/123
HeartGold & SoulSilver;Pichu;28/123
HeartGold & SoulSilver;Sandslash;29/123
HeartGold & SoulSilver;Smoochum;30/123
HeartGold & SoulSilver;Sunflora;31/123
HeartGold & SoulSilver;Typhlosion;32/123
HeartGold & SoulSilver;Tyrogue;33/123
HeartGold & SoulSilver;Weezing;34/123
HeartGold & SoulSilver;Bayleef;35/123
HeartGold & SoulSilver;Blissey;36/123
HeartGold & SoulSilver;Corsola;37/123
HeartGold & SoulSilver;Croconaw;38/123
HeartGold & SoulSilver;Delibird;39/123
HeartGold & SoulSilver;Donphan;40/123
HeartGold & SoulSilver;Dunsparce;41/123
HeartGold & SoulSilver;Flaaffy;42/123
HeartGold & SoulSilver;Heracross;43/123
HeartGold & SoulSilver;Igglybuff;44/123
HeartGold & SoulSilver;Mantine;45/123
HeartGold & SoulSilver;Metapod;46/123
HeartGold & SoulSilver;Miltank;47/123
HeartGold & SoulSilver;Parasect;48/123
HeartGold & SoulSilver;Quilava;49/123
HeartGold & SoulSilver;Qwilfish;50/123
HeartGold & SoulSilver;Skiploom;51/123
HeartGold & SoulSilver;Slowbro;52/123
HeartGold & SoulSilver;Starmie;53/123
HeartGold & SoulSilver;Unown;54/123
HeartGold & SoulSilver;Unown;55/123
HeartGold & SoulSilver;Wigglytuff;56/123
HeartGold & SoulSilver;Caterpie;57/123
HeartGold & SoulSilver;Chansey;58/123
HeartGold & SoulSilver;Chikorita;59/123
HeartGold & SoulSilver;Clefairy;60/123
HeartGold & SoulSilver;Cyndaquil;61/123
HeartGold & SoulSilver;Drowzee;62/123
HeartGold & SoulSilver;Exeggcute;63/123
HeartGold & SoulSilver;Girafarig;64/123
HeartGold & SoulSilver;Growlithe;65/123
HeartGold & SoulSilver;Hoothoot;66/123
HeartGold & SoulSilver;Hoppip;67/123
HeartGold & SoulSilver;Jigglypuff;68/123
HeartGold & SoulSilver;Jynx;69/123
HeartGold & SoulSilver;Koffing;70/123
HeartGold & SoulSilver;Ledyba;71/123
HeartGold & SoulSilver;Magikarp;72/123
HeartGold & SoulSilver;Mareep;73/123
HeartGold & SoulSilver;Marill;74/123
HeartGold & SoulSilver;Meowth;75/123
HeartGold & SoulSilver;Paras;76/123
HeartGold & SoulSilver;Phanpy;77/123
HeartGold & SoulSilver;Pikachu;78/123
HeartGold & SoulSilver;Sandshrew;79/123
HeartGold & SoulSilver;Sentret;80/123
HeartGold & SoulSilver;Slowpoke;81/123
HeartGold & SoulSilver;Snubbull;82/123
HeartGold & SoulSilver;Spinarak;83/123
HeartGold & SoulSilver;Staryu;84/123
HeartGold & SoulSilver;Sunkern;85/123
HeartGold & SoulSilver;Totodile;86/123
HeartGold & SoulSilver;Vulpix;87/123
HeartGold & SoulSilver;Wooper;88/123
HeartGold & SoulSilver;Bill;89/123
HeartGold & SoulSilver;Copiona;90/123
HeartGold & SoulSilver;Scambio di Energia;91/123
HeartGold & SoulSilver;Pescatore;92/123
HeartGold & SoulSilver;Recupero Totale;93/123
HeartGold & SoulSilver;Latte Mumu;94/123
HeartGold & SoulSilver;Pok Ball;95/123
HeartGold & SoulSilver;Pok gear 3.0;96/123
HeartGold & SoulSilver;Collezionista di Pok mon;97/123
HeartGold & SoulSilver;Comunicazione Pok mon;98/123
HeartGold & SoulSilver;Contropiede Pok mon;99/123
HeartGold & SoulSilver;Sistema d'Allenamento del Prof. Elm;100/123
HeartGold & SoulSilver;Nuova Teoria del Professor Oak;101/123
HeartGold & SoulSilver;Scambio;102/123
HeartGold & SoulSilver;Energia Incolore Doppia;103/123
HeartGold & SoulSilver;Energia Arcobaleno;104/123
HeartGold & SoulSilver;Ampharos;105/123
HeartGold & SoulSilver;Blissey;106/123
HeartGold & SoulSilver;Donphan;107/123
HeartGold & SoulSilver;Feraligatr;108/123
HeartGold & SoulSilver;Meganium;109/123
HeartGold & SoulSilver;Typhlosion;110/123
HeartGold & SoulSilver;Ho;111/123
HeartGold & SoulSilver;Ho;112/123
HeartGold & SoulSilver;Lugia;113/123
HeartGold & SoulSilver;Lugia;114/123
HeartGold & SoulSilver;Energia Erba;115/123
HeartGold & SoulSilver;Energia Fuoco;116/123
HeartGold & SoulSilver;Energia Acqua;117/123
HeartGold & SoulSilver;Energia Lampo;118/123
HeartGold & SoulSilver;Energia Psiche;119/123
HeartGold & SoulSilver;Energia Combattimento;120/123
HeartGold & SoulSilver;Energia Oscurit;121/123
HeartGold & SoulSilver;Energia Metallo;122/123
HeartGold & SoulSilver;Gyarados;123/123
Il Risveglio dei Miti;Deoxys Forma Normale;1/146
Il Risveglio dei Miti;Dragonite;2/146
Il Risveglio dei Miti;Froslass;3/146
Il Risveglio dei Miti;Giratina;4/146
Il Risveglio dei Miti;Gliscor;5/146
Il Risveglio dei Miti;Heatran;6/146
Il Risveglio dei Miti;Kingdra;7/146
Il Risveglio dei Miti;Luxray;8/146
Il Risveglio dei Miti;Mamoswine;9/146
Il Risveglio dei Miti;Metagross;10/146
Il Risveglio dei Miti;Mewtwo;11/146
Il Risveglio dei Miti;Politoed;12/146
Il Risveglio dei Miti;Probopass;13/146
Il Risveglio dei Miti;Rayquaza;14/146
Il Risveglio dei Miti;Regigigas;15/146
Il Risveglio dei Miti;Spiritomb;16/146
Il Risveglio dei Miti;Yanmega;17/146
Il Risveglio dei Miti;Armaldo;18/146
Il Risveglio dei Miti;Azelf;19/146
Il Risveglio dei Miti;Bellossom;20/146
Il Risveglio dei Miti;Cradily;21/146
Il Risveglio dei Miti;Crawdaunt;22/146
Il Risveglio dei Miti;Delcatty;23/146
Il Risveglio dei Miti;Deoxys Forma Attacco;24/146
Il Risveglio dei Miti;Deoxys Forma Difesa;25/146
Il Risveglio dei Miti;Deoxys Forma Velocit;26/146
Il Risveglio dei Miti;Ditto;27/146
Il Risveglio dei Miti;Forretress;28/146
Il Risveglio dei Miti;Groudon;29/146
Il Risveglio dei Miti;Heatran;30/146
Il Risveglio dei Miti;Jirachi;31/146
Il Risveglio dei Miti;Kyogre;32/146
Il Risveglio dei Miti;Lopunny;33/146
Il Risveglio dei Miti;Mesprit;34/146
Il Risveglio dei Miti;Poliwrath;35/146
Il Risveglio dei Miti;Regice;36/146
Il Risveglio dei Miti;Regigigas;37/146
Il Risveglio dei Miti;Regirock;38/146
Il Risveglio dei Miti;Registeel;39/146
Il Risveglio dei Miti;Shedinja;40/146
Il Risveglio dei Miti;Torkoal;41/146
Il Risveglio dei Miti;Unown !;42/146
Il Risveglio dei Miti;Uxie;43/146
Il Risveglio dei Miti;Victreebel;44/146
Il Risveglio dei Miti;Vileplume;45/146
Il Risveglio dei Miti;Anorith;46/146
Il Risveglio dei Miti;Camerupt;47/146
Il Risveglio dei Miti;Castform;48/146
Il Risveglio dei Miti;Castform Forma Pioggia;49/146
Il Risveglio dei Miti;Castform Forma Neve;50/146
Il Risveglio dei Miti;Castform Forma Sole;51/146
Il Risveglio dei Miti;Dragonair;52/146
Il Risveglio dei Miti;Drifblim;53/146
Il Risveglio dei Miti;Exeggutor;54/146
Il Risveglio dei Miti;Gliscor;55/146
Il Risveglio dei Miti;Grumpig;56/146
Il Risveglio dei Miti;Houndoom;57/146
Il Risveglio dei Miti;Lanturn;58/146
Il Risveglio dei Miti;Lanturn;59/146
Il Risveglio dei Miti;Ledian;60/146
Il Risveglio dei Miti;Lucario;61/146
Il Risveglio dei Miti;Luxio;62/146
Il Risveglio dei Miti;Marowak;63/146
Il Risveglio dei Miti;Metang;64/146
Il Risveglio dei Miti;Metang;65/146
Il Risveglio dei Miti;Mightyena;66/146
Il Risveglio dei Miti;Ninjask;67/146
Il Risveglio dei Miti;Persian;68/146
Il Risveglio dei Miti;Piloswine;69/146
Il Risveglio dei Miti;Seadra;70/146
Il Risveglio dei Miti;Starmie;71/146
Il Risveglio dei Miti;Swalot;72/146
Il Risveglio dei Miti;Swellow;73/146
Il Risveglio dei Miti;Tauros;74/146
Il Risveglio dei Miti;Tentacruel;75/146
Il Risveglio dei Miti;Unown J;76/146
Il Risveglio dei Miti;Unown R;77/146
Il Risveglio dei Miti;Unown U;78/146
Il Risveglio dei Miti;Unown V;79/146
Il Risveglio dei Miti;Unown W;80/146
Il Risveglio dei Miti;Unown Y;81/146
Il Risveglio dei Miti;Unown ?;82/146
Il Risveglio dei Miti;Beldum;83/146
Il Risveglio dei Miti;Beldum;84/146
Il Risveglio dei Miti;Bellsprout;85/146
Il Risveglio dei Miti;Buneary;86/146
Il Risveglio dei Miti;Chinchou;87/146
Il Risveglio dei Miti;Chinchou;88/146
Il Risveglio dei Miti;Corphish;89/146
Il Risveglio dei Miti;Cubone;90/146
Il Risveglio dei Miti;Dratini;91/146
Il Risveglio dei Miti;Drifloon;92/146
Il Risveglio dei Miti;Exeggcute;93/146
Il Risveglio dei Miti;Gligar;94/146
Il Risveglio dei Miti;Gligar;95/146
Il Risveglio dei Miti;Gloom;96/146
Il Risveglio dei Miti;Gloom;97/146
Il Risveglio dei Miti;Gulpin;98/146
Il Risveglio dei Miti;Hitmonchan;99/146
Il Risveglio dei Miti;Hitmonlee;100/146
Il Risveglio dei Miti;Hitmontop;101/146
Il Risveglio dei Miti;Horsea;102/146
Il Risveglio dei Miti;Houndour;103/146
Il Risveglio dei Miti;Ledyba;104/146
Il Risveglio dei Miti;Lileep;105/146
Il Risveglio dei Miti;Meowth;106/146
Il Risveglio dei Miti;Misdreavus;107/146
Il Risveglio dei Miti;Nincada;108/146
Il Risveglio dei Miti;Nosepass;109/146
Il Risveglio dei Miti;Numel;110/146
Il Risveglio dei Miti;Oddish;111/146
Il Risveglio dei Miti;Oddish;112/146
Il Risveglio dei Miti;Pineco;113/146
Il Risveglio dei Miti;Poliwag;114/146
Il Risveglio dei Miti;Poliwhirl;115/146
Il Risveglio dei Miti;Poochyena;116/146
Il Risveglio dei Miti;Riolu;117/146
Il Risveglio dei Miti;Shinx;118/146
Il Risveglio dei Miti;Skitty;119/146
Il Risveglio dei Miti;Sneasel;120/146
Il Risveglio dei Miti;Spoink;121/146
Il Risveglio dei Miti;Staryu;122/146
Il Risveglio dei Miti;Swinub;123/146
Il Risveglio dei Miti;Taillow;124/146
Il Risveglio dei Miti;Tentacool;125/146
Il Risveglio dei Miti;Tyrogue;126/146
Il Risveglio dei Miti;Weepinbell;127/146
Il Risveglio dei Miti;Yanma;128/146
Il Risveglio dei Miti;Bolla Schermo;129/146
Il Risveglio dei Miti;Allenamento di Chicco;130/146
Il Risveglio dei Miti;Sentimento di Camilla;131/146
Il Risveglio dei Miti;Raccolta di Energia;132/146
Il Risveglio dei Miti;Pok Radar;133/146
Il Risveglio dei Miti;Tempio di Nevepoli;134/146
Il Risveglio dei Miti;Monte Ostile;135/146
Il Risveglio dei Miti;Macchinario Tecnico TS;136/146
Il Risveglio dei Miti;Macchinario Tecnico TS;137/146
Il Risveglio dei Miti;Artiglio Fossile;138/146
Il Risveglio dei Miti;Radice Fossile;139/146
Il Risveglio dei Miti;Azelf LIV.X;140/146
Il Risveglio dei Miti;Gliscor LIV.X;141/146
Il Risveglio dei Miti;Magnezone LIV.X;142/146
Il Risveglio dei Miti;Mesprit LIV.X;143/146
Il Risveglio dei Miti;Mewtwo LIV.X;144/146
Il Risveglio dei Miti;Rhyperior LIV.X;145/146
Il Risveglio dei Miti;Uxie LIV.X;146/146
Incontri Leggendari;Blaziken;1/106
Incontri Leggendari;Cresselia;2/106
Incontri Leggendari;Darkrai;3/106
Incontri Leggendari;Darkrai;4/106
Incontri Leggendari;Pachirisu;5/106
Incontri Leggendari;Porygon;6/106
Incontri Leggendari;Rotom;7/106
Incontri Leggendari;Sceptile;8/106
Incontri Leggendari;Swampert;9/106
Incontri Leggendari;Tangrowth;10/106
Incontri Leggendari;Togekiss;11/106
Incontri Leggendari;Altaria;12/106
Incontri Leggendari;Beedrill;13/106
Incontri Leggendari;Butterfree;14/106
Incontri Leggendari;Claydol;15/106
Incontri Leggendari;Dialga;16/106
Incontri Leggendari;Exploud;17/106
Incontri Leggendari;Houndoom;18/106
Incontri Leggendari;Hypno;19/106
Incontri Leggendari;Kingler;20/106
Incontri Leggendari;Lapras;21/106
Incontri Leggendari;Latias;22/106
Incontri Leggendari;Latios;23/106
Incontri Leggendari;Mawile;24/106
Incontri Leggendari;Milotic;25/106
Incontri Leggendari;Palkia;26/106
Incontri Leggendari;Primeape;27/106
Incontri Leggendari;Slowking;28/106
Incontri Leggendari;Unown H;29/106
Incontri Leggendari;Wailord;30/106
Incontri Leggendari;Weezing;31/106
Incontri Leggendari;Wigglytuff;32/106
Incontri Leggendari;Arbok;33/106
Incontri Leggendari;Cacturne;34/106
Incontri Leggendari;Combusken;35/106
Incontri Leggendari;Delibird;36/106
Incontri Leggendari;Floatzel;37/106
Incontri Leggendari;Gorebyss;38/106
Incontri Leggendari;Granbull;39/106
Incontri Leggendari;Grovyle;40/106
Incontri Leggendari;Hariyama;41/106
Incontri Leggendari;Huntail;42/106
Incontri Leggendari;Linoone;43/106
Incontri Leggendari;Loudred;44/106
Incontri Leggendari;Magcargo;45/106
Incontri Leggendari;Marshtomp;46/106
Incontri Leggendari;Metapod;47/106
Incontri Leggendari;Pelipper;48/106
Incontri Leggendari;Porygon2;49/106
Incontri Leggendari;Purugly;50/106
Incontri Leggendari;Relicanth;51/106
Incontri Leggendari;Seviper;52/106
Incontri Leggendari;Skarmory;53/106
Incontri Leggendari;Slowbro;54/106
Incontri Leggendari;Togetic;55/106
Incontri Leggendari;Unown F;56/106
Incontri Leggendari;Unown G;57/106
Incontri Leggendari;Wailmer;58/106
Incontri Leggendari;Zangoose;59/106
Incontri Leggendari;Baltoy;60/106
Incontri Leggendari;Buizel;61/106
Incontri Leggendari;Cacnea;62/106
Incontri Leggendari;Caterpie;63/106
Incontri Leggendari;Clamperl;64/106
Incontri Leggendari;Drowzee;65/106
Incontri Leggendari;Ekans;66/106
Incontri Leggendari;Feebas;67/106
Incontri Leggendari;Glameow;68/106
Incontri Leggendari;Houndour;69/106
Incontri Leggendari;Igglybuff;70/106
Incontri Leggendari;Illumise;71/106
Incontri Leggendari;Jigglypuff;72/106
Incontri Leggendari;Kakuna;73/106
Incontri Leggendari;Koffing;74/106
Incontri Leggendari;Krabby;75/106
Incontri Leggendari;Lunatone;76/106
Incontri Leggendari;Luvdisc;77/106
Incontri Leggendari;Makuhita;78/106
Incontri Leggendari;Mankey;79/106
Incontri Leggendari;Mudkip;80/106
Incontri Leggendari;Porygon;81/106
Incontri Leggendari;Slowpoke;82/106
Incontri Leggendari;Slugma;83/106
Incontri Leggendari;Snubbull;84/106
Incontri Leggendari;Solrock;85/106
Incontri Leggendari;Swablu;86/106
Incontri Leggendari;Tangela;87/106
Incontri Leggendari;Togepi;88/106
Incontri Leggendari;Torchic;89/106
Incontri Leggendari;Treecko;90/106
Incontri Leggendari;Unown L;91/106
Incontri Leggendari;Volbeat;92/106
Incontri Leggendari;Weedle;93/106
Incontri Leggendari;Whismur;94/106
Incontri Leggendari;Wingull;95/106
Incontri Leggendari;Zigzagoon;96/106
Incontri Leggendari;Monetamuleto;97/106
Incontri Leggendari;Estrazione di Felicity;98/106
Incontri Leggendari;Avanzi;99/106
Incontri Leggendari;Stadio della Luce Lunare;100/106
Incontri Leggendari;Premier Ball;101/106
Incontri Leggendari;Caramella Rara;102/106
Incontri Leggendari;Cresselia LIV.X;103/106
Incontri Leggendari;Darkrai LIV.X;104/106
Incontri Leggendari;Dialga LIV.X;105/106
Incontri Leggendari;Palkia LIV.X;106/106
Invasione Scarlatta;Weedle;1/111
Invasione Scarlatta;Kakuna;2/111
Invasione Scarlatta;Beedrill;3/111
Invasione Scarlatta;Exeggcute;4/111
Invasione Scarlatta;Cacnea;5/111
Invasione Scarlatta;Cacturne;6/111
Invasione Scarlatta;Karrablast;7/111
Invasione Scarlatta;Shelmet;8/111
Invasione Scarlatta;Accelgor;9/111
Invasione Scarlatta;Skiddo;10/111
Invasione Scarlatta;Gogoat;11/111
Invasione Scarlatta;Marowak di Alola;12/111
Invasione Scarlatta;Numel;13/111
Invasione Scarlatta;Camerupt;14/111
Invasione Scarlatta;Staryu;15/111
Invasione Scarlatta;Starmie;16/111
Invasione Scarlatta;Magikarp;17/111
Invasione Scarlatta;Gyarados gx;18/111
Invasione Scarlatta;Swinub;19/111
Invasione Scarlatta;Piloswine;20/111
Invasione Scarlatta;Mamoswine;21/111
Invasione Scarlatta;Remoraid;22/111
Invasione Scarlatta;Octillery;23/111
Invasione Scarlatta;Corphish;24/111
Invasione Scarlatta;Crawdaunt;25/111
Invasione Scarlatta;Feebas;26/111
Invasione Scarlatta;Milotic;27/111
Invasione Scarlatta;Regice;28/111
Invasione Scarlatta;Shellos;29/111
Invasione Scarlatta;Pikachu;30/111
Invasione Scarlatta;Raichu di Alola;31/111
Invasione Scarlatta;Geodude di Alola;32/111
Invasione Scarlatta;Graveler di Alola;33/111
Invasione Scarlatta;Golem di Alola gx;34/111
Invasione Scarlatta;Emolga;35/111
Invasione Scarlatta;Gastly;36/111
Invasione Scarlatta;Haunter;37/111
Invasione Scarlatta;Gengar;38/111
Invasione Scarlatta;Misdreavus;39/111
Invasione Scarlatta;Mismagius;40/111
Invasione Scarlatta;Spoink;41/111
Invasione Scarlatta;Grumpig;42/111
Invasione Scarlatta;Chimecho;43/111
Invasione Scarlatta;Pumpkaboo;44/111
Invasione Scarlatta;Gourgeist;45/111
Invasione Scarlatta;Salandit;46/111
Invasione Scarlatta;Salazzle;47/111
Invasione Scarlatta;Oranguru;48/111
Invasione Scarlatta;Nihilego gx;49/111
Invasione Scarlatta;Mankey;50/111
Invasione Scarlatta;Primeape;51/111
Invasione Scarlatta;Cubone;52/111
Invasione Scarlatta;Regirock;53/111
Invasione Scarlatta;Gastrodon;54/111
Invasione Scarlatta;Stufful;55/111
Invasione Scarlatta;Bewear;56/111
Invasione Scarlatta;Buzzwole gx;57/111
Invasione Scarlatta;Houndour;58/111
Invasione Scarlatta;Houndoom;59/111
Invasione Scarlatta;Deino;60/111
Invasione Scarlatta;Zweilous;61/111
Invasione Scarlatta;Hydreigon;62/111
Invasione Scarlatta;Guzzlord'gx;63/111
Invasione Scarlatta;Mawile;64/111
Invasione Scarlatta;Aron;65/111
Invasione Scarlatta;Lairon;66/111
Invasione Scarlatta;Aggron;67/111
Invasione Scarlatta;Registeel;68/111
Invasione Scarlatta;Escavalier;69/111
Invasione Scarlatta;Kartana gx;70/111
Invasione Scarlatta;Jigglypuff;71/111
Invasione Scarlatta;Wigglytuff;72/111
Invasione Scarlatta;Xerneas;73/111
Invasione Scarlatta;Exeggutor di Alola gx;74/111
Invasione Scarlatta;Jangmo;75/111
Invasione Scarlatta;Hakamo;76/111
Invasione Scarlatta;Kommo;77/111
Invasione Scarlatta;Miltank;78/111
Invasione Scarlatta;Swablu;79/111
Invasione Scarlatta;Altaria;80/111
Invasione Scarlatta;Starly;81/111
Invasione Scarlatta;Staravia;82/111
Invasione Scarlatta;Staraptor;83/111
Invasione Scarlatta;Regigigas;84/111
Invasione Scarlatta;Minccino;85/111
Invasione Scarlatta;Cinccino;86/111
Invasione Scarlatta;Bunnelby;87/111
Invasione Scarlatta;Diggersby;88/111
Invasione Scarlatta;Tipo Zero;89/111
Invasione Scarlatta;Silvally gx;90/111
Invasione Scarlatta;Contracchiappa;91/111
Invasione Scarlatta;Marsupio Lesto;92/111
Invasione Scarlatta;Piana Desolata;93/111
Invasione Scarlatta;ROM Lotta;94/111
Invasione Scarlatta;Iridio;95/111
Invasione Scarlatta;Samina;96/111
Invasione Scarlatta;Cartelrosso Spione;97/111
Invasione Scarlatta;ROM Psico;98/111
Invasione Scarlatta;Mare Vacuo;99/111
Invasione Scarlatta;Energia Contrattacco;100/111
Invasione Scarlatta;Gyarados gx;101/111
Invasione Scarlatta;Golem di Alola gx;102/111
Invasione Scarlatta;Nihilego gx;103/111
Invasione Scarlatta;Buzzwole gx;104/111
Invasione Scarlatta;Guzzlord'gx;105/111
Invasione Scarlatta;Kartana gx;106/111
Invasione Scarlatta;Exeggutor di Alola gx;107/111
Invasione Scarlatta;Silvally gx;108/111
Invasione Scarlatta;Iridio;109/111
Invasione Scarlatta;Samina;110/111
Invasione Scarlatta;Alyxia;111/111
Invasione Scarlatta;Gyarados gx;112/111
Invasione Scarlatta;Golem di Alola gx;113/111
Invasione Scarlatta;Nihilego gx;114/111
Invasione Scarlatta;Buzzwole gx;115/111
Invasione Scarlatta;Guzzlord'gx;116/111
Invasione Scarlatta;Kartana gx;117/111
Invasione Scarlatta;Exeggutor di Alola gx;118/111
Invasione Scarlatta;Silvally gx;119/111
Invasione Scarlatta;Contracchiappa;120/111
Invasione Scarlatta;Testimone della Speranza;121/111
Invasione Scarlatta;Energia Contrattacco;122/111
Invasione Scarlatta;Energia Curvatura;123/111
Invasione Scarlatta;Energia Acqua;124/111
JP - Abra;Abra;43/102
JP - Alakazam;Alakazam;49/102
JP - Arcanine;Arcanine;19/102
JP - Beedrill;Beedrill;12/102
JP - Bill;Bill;74/102
JP - Blastoise;Blastoise;32/102
JP - Bulbasaur;Bulbasaur;1/102
JP - Caterpie;Caterpie;2/102
JP - Chansey;Chansey;68/102
JP - Charizard;Charizard;21/102
JP - Charmander;Charmander;14/102
JP - Charmeleon;Charmeleon;17/102
JP - Clefairy;Clefairy;67/102
JP - Clefairy Doll;Clefairy Doll;91/102
JP - Computer Search;Computer Search;90/102
JP - Crimson haze;Tangela;001/066
JP - Crimson haze;Tangrowth;002/066
JP - Crimson haze;Pinsir;003/066
JP - Crimson haze;Spinarak;004/066
JP - Crimson haze;Ariados;005/066
JP - Crimson haze;Leafeon;006/066
JP - Crimson haze;Fogliaferrea;007/066
JP - Crimson haze;Poltchageist;008/066
JP - Crimson haze;Sinistcha;009/066
JP - Crimson haze;Vulpix;010/066
JP - Crimson haze;Ninetales;011/066
JP - Crimson haze;Slugma;012/066
JP - Crimson haze;Magcargo;013/066
JP - Crimson haze;Torkoal;014/066
JP - Crimson haze;Chimchar;015/066
JP - Crimson haze;Monferno;016/066
JP - Crimson haze;Infernape;017/066
JP - Crimson haze;Chi;018/066
JP - Crimson haze;Corphish;019/066
JP - Crimson haze;Crawdaunt;020/066
JP - Crimson haze;Glaceon;021/066
JP - Crimson haze;Phione;022/066
JP - Crimson haze;Froakie;023/066
JP - Crimson haze;Frogadier;024/066
JP - Crimson haze;Cramorant;025/066
JP - Crimson haze;Acquecrespe;026/066
JP - Crimson haze;Zapdos;027/066
JP - Crimson haze;Helioptile;028/066
JP - Crimson haze;Heliolisk;029/066
JP - Crimson haze;Morpeko;030/066
JP - Crimson haze;Tadbulb;031/066
JP - Crimson haze;Bellibolt;032/066
JP - Crimson haze;Spineferree;033/066
JP - Crimson haze;Girafarig;034/066
JP - Crimson haze;Farigiraf;035/066
JP - Crimson haze;Flabébé;036/066
JP - Crimson haze;Floette;037/066
JP - Crimson haze;Florges;038/066
JP - Crimson haze;Enamorus;039/066
JP - Crimson haze;Codaurlante;040/066
JP - Crimson haze;Growlithe di Hisui;041/066
JP - Crimson haze;Arcanine di Hisui;042/066
JP - Crimson haze;Nosepass;043/066
JP - Crimson haze;Probopass;044/066
JP - Crimson haze;Greninja;045/066
JP - Crimson haze;Hawlucha;046/066
JP - Crimson haze;Ting;047/066
JP - Crimson haze;Applin;048/066
JP - Crimson haze;Dipplin;049/066
JP - Crimson haze;Eevee;050/066
JP - Crimson haze;Snorlax;051/066
JP - Crimson haze;Ursaluna Luna Cremisi;052/066
JP - Crimson haze;Timbro Ingiusto;053/066
JP - Crimson haze;Supermartello;054/066
JP - Crimson haze;Iperaroma;055/066
JP - Crimson haze;Scambio;056/066
JP - Crimson haze;Acchiappa;057/066
JP - Crimson haze;Love Ball;058/066
JP - Crimson haze;Tutore di Sopravvivenza;059/066
JP - Crimson haze;Fortunelmo;060/066
JP - Crimson haze;Responsabile;061/066
JP - Crimson haze;Luciano;062/066
JP - Crimson haze;Litha;063/066
JP - Crimson haze;Soccorso di Suiren;064/066
JP - Crimson haze;Circolo Comunale;065/066
JP - Crimson haze;Energia Boomerang;066/066
JP - Crimson haze;Pinsir;067/066
JP - Crimson haze;Poltchageist;068/066
JP - Crimson haze;Torkoal;069/066
JP - Crimson haze;Infernape;070/066
JP - Crimson haze;Phione;071/066
JP - Crimson haze;Cramorant;072/066
JP - Crimson haze;Heliolisk;073/066
JP - Crimson haze;Enamorus;074/066
JP - Crimson haze;Growlithe di Hisui;075/066
JP - Crimson haze;Probopass;076/066
JP - Crimson haze;Applin;077/066
JP - Crimson haze;Eevee;078/066
JP - Crimson haze;Sinistcha;079/066
JP - Crimson haze;Magcargo;080/066
JP - Crimson haze;Spineferree;081/066
JP - Crimson haze;Codaurlante;082/066
JP - Crimson haze;Greninja;083/066
JP - Crimson haze;Ursaluna Luna Cremisi;084/066
JP - Crimson haze;Responsabile;085/066
JP - Crimson haze;Luciano;086/066
JP - Crimson haze;Litha;087/066
JP - Crimson haze;Soccorso di Suiren;088/066
JP - Crimson haze;Sinistcha;089/066
JP - Crimson haze;Greninja;090/066
JP - Crimson haze;Ursaluna Luna Cremisi;091/066
JP - Crimson haze;Litha;092/066
JP - Crimson haze;Soccorso di Suiren;093/066
JP - Crimson haze;Ursaluna Luna Cremisi;094/066
JP - Crimson haze;Skateboard di Salvataggio;095/066
JP - Crimson haze;Energia Luminosa;096/066
JP - Defender;Defender;79/102
JP - Devolution Spray;Devolution Spray;86/102
JP - Dewgong;Dewgong;30/102
JP - Diglett;Diglett;52/102
JP - Doduo;Doduo;61/102
JP - Double Blaze;1/66 Oddish;1/95
JP - Double Blaze;2/66 Oddish;2/95
JP - Double Blaze;3/66 Gloom;3/95
JP - Double Blaze;4/66 Vileplume;4/95
JP - Double Blaze;5/66 Venonat;5/95
JP - Double Blaze;6/66 Venemoth;6/95
JP - Double Blaze;7/66 Charizard & Reshiram GX;7/95
JP - Double Blaze;8/66 Growlithe;8/95
JP - Double Blaze;9/66 Arcanine;9/95
JP - Double Blaze;10/66 Darumaka;10/95
JP - Double Blaze;11/66 Darmanitan;11/95
JP - Double Blaze;12/66 Volcanion;12/95
JP - Double Blaze;13/66 Litten;13/95
JP - Double Blaze;14/66 Litten;14/95
JP - Double Blaze;15/66 Torracat;15/95
JP - Double Blaze;16/66 Incineroar;16/95
JP - Double Blaze;17/66 Salandit;17/95
JP - Double Blaze;18/66 Salazzle;18/95
JP - Double Blaze;19/66 Blacephalon;19/95
JP - Double Blaze;20/66 Poliwag;20/95
JP - Double Blaze;21/66 Poliwag;21/95
JP - Double Blaze;22/66 Poliwhirl;22/95
JP - Double Blaze;23/66 Poliwrath;23/95
JP - Double Blaze;24/66 Seel;24/95
JP - Double Blaze;25/66 Dewgong;25/95
JP - Double Blaze;26/66 Krabby;26/95
JP - Double Blaze;27/66 Kingler;27/95
JP - Double Blaze;28/66 Stunfisk;28/95
JP - Double Blaze;29/66 Muk & Alolan Muk GX;29/95
JP - Double Blaze;30/66 Gastly;30/95
JP - Double Blaze;31/66 Gastly;31/95
JP - Double Blaze;32/66 Haunter;32/95
JP - Double Blaze;33/66 Gengar;33/95
JP - Double Blaze;34/66 Koffing;34/95
JP - Double Blaze;35/66 Weezing;35/95
JP - Double Blaze;36/66 Mewtwo;36/95
JP - Double Blaze;37/66 Mew;37/95
JP - Double Blaze;38/66 Misdreavus;38/95
JP - Double Blaze;39/66 Mismagius;39/95
JP - Double Blaze;40/66 Espurr;40/95
JP - Double Blaze;41/66 Meowstic;41/95
JP - Double Blaze;42/66 Marshadow & Machamp GX;42/95
JP - Double Blaze;43/66 Diglett;43/95
JP - Double Blaze;44/66 Dugtrio;44/95
JP - Double Blaze;45/66 Cubone;45/95
JP - Double Blaze;46/66 Marowak;46/95
JP - Double Blaze;47/66 Rhyhorn;47/95
JP - Double Blaze;48/66 Rhyhorn;48/95
JP - Double Blaze;49/66 Rhydon;49/95
JP - Double Blaze;50/66 Rhyperior;50/95
JP - Double Blaze;51/66 Tyrogue;51/95
JP - Double Blaze;52/66 Landorus;52/95
JP - Double Blaze;53/66 Crabrawler;53/95
JP - Double Blaze;54/66 Crabominable;54/95
JP - Double Blaze;55/66 Murkrow;55/95
JP - Double Blaze;56/66 Honchkrow GX;56/95
JP - Double Blaze;57/66 Spiritomb;57/95
JP - Double Blaze;58/66 Sandile;58/95
JP - Double Blaze;59/66 Sandile;59/95
JP - Double Blaze;60/66 Krokorok;60/95
JP - Double Blaze;61/66 Krookodile;61/95
JP - Double Blaze;62/66 Jigglypuff;62/95
JP - Double Blaze;63/66 Wigglytuff;63/95
JP - Double Blaze;64/66 Cleffa;64/95
JP - Double Blaze;65/66 Cottonee;65/95
JP - Double Blaze;66/66 Whimsicott GX;66/95
JP - Double Blaze;67/66 Meowth;67/95
JP - Double Blaze;68/66 Persian;68/95
JP - Double Blaze;69/66 Persian GX;69/95
JP - Double Blaze;70/66 Doduo;70/95
JP - Double Blaze;71/66 Dodrio;71/95
JP - Double Blaze;72/66 Porygon;72/95
JP - Double Blaze;73/66 Porygon;73/95
JP - Double Blaze;74/66 Porygon2;74/95
JP - Double Blaze;75/66 Porygon;75/95
JP - Double Blaze;76/66 Snorlax;76/95
JP - Double Blaze;77/66 Happiny;77/95
JP - Double Blaze;78/66 Chatot;78/95
JP - Double Blaze;79/66 Escape Rope;79/95
JP - Double Blaze;80/66 Zag Zag Pickel;80/95
JP - Double Blaze;81/66 Ultra Ball;81/95
JP - Double Blaze;82/66 Rare Candy;82/95
JP - Double Blaze;83/66 Fire Crystal;83/95
JP - Double Blaze;84/66 Dusk Stone;84/95
JP - Double Blaze;85/66 Gionvanni’s Exile;85/95
JP - Double Blaze;86/66 Pokémon Fan Club;86/95
JP - Double Blaze;87/66 Welder;87/95
JP - Double Blaze;88/66 Red's Challenge;88/95
JP - Double Blaze;89/66 Fighting Dojo;89/95
JP - Double Blaze;90/66 Dust Island;90/95
JP - Double Blaze;91/66 Triple Boost Energy;91/95
JP - Double Blaze;92/66 Fiery Flint;92/95
JP - Double Blaze;93/66 Rescue Stretcher;93/95
JP - Double Blaze;94/66 Kiawe;94/95
JP - Double Blaze;95/66 Cynthia;95/95
JP - Double Blaze;96/66 Charizard & Reshiram GX;96/95
JP - Double Blaze;97/66 Charizard & Reshiram GX;97/95
JP - Double Blaze;98/66 Muk & Alolan Muk GX;98/95
JP - Double Blaze;99/66 Muk & Alolan Muk GX;99/95
JP - Double Blaze;100/66 Marshadow & Machamp GX;100/95
JP - Double Blaze;101/66 Marshadow & Machamp GX;101/95
JP - Double Blaze;102/66 Honchkrow GX;102/95
JP - Double Blaze;103/66 Whimsicott GX;103/95
JP - Double Blaze;104/66 Persian GX;104/95
JP - Double Blaze;105/66 Giovanni’s Exile;105/95
JP - Double Blaze;106/66 Welder;106/95
JP - Double Blaze;107/66 Red's Challenge;107/95
JP - Double Blaze;108/66 Charizard & Reshiram GX;108/95
JP - Double Blaze;109/66 Muk & Alolan Muk GX;109/95
JP - Double Blaze;110/66 Marshadow & Machamp GX;110/95
JP - Double Blaze;111/66 Honchkrow GX;111/95
JP - Double Blaze;112/66 Whimsicott GX;112/95
JP - Double Blaze;113/66 Persian GX;113/95
JP - Double Blaze;114/66 Fire Crystal;114/95
JP - Double Blaze;115/66 Shrine of Punishment;115/95
JP - Double Blaze;116/66 Triple Boost Energy;116/95
JP - Double Colorless Energy;Double Colorless Energy;96/102
JP - Dragonair;Dragonair;69/102
JP - Dratini;Dratini;65/102
JP - Drowzee;Drowzee;45/102
JP - Dugtrio;Dugtrio;56/102
JP - Electabuzz;Electabuzz;41/102
JP - Electrode;Electrode;40/102
JP - Energy Removal;Energy Removal;70/102
JP - Energy Retrieval;Energy Retrieval;76/102
JP - Farfetch'd;Farfetch'd;63/102
JP - Fighting Energy;Fighting Energy;102/102
JP - Fire Energy;Fire Energy;98/102
JP - Full Heal;Full Heal;80/102
JP - Future Flash;1/66 Surskit;1/66
JP - Future Flash;2/66 Masquerain;2/66
JP - Future Flash;3/66 Blipbug;3/66
JP - Future Flash;4/66 Dottler;4/66
JP - Future Flash;5/66 Orbeetle;5/66
JP - Future Flash;6/66 Toedscool;6/66
JP - Future Flash;7/66 Toedscool;7/66
JP - Future Flash;8/66 Toedscruel;8/66
JP - Future Flash;9/66 Wo;9/66
JP - Future Flash;10/66 Pansear;10/66
JP - Future Flash;11/66 Simisear;11/66
JP - Future Flash;12/66 Iron Moth;12/66
JP - Future Flash;13/66 Feebas;13/66
JP - Future Flash;14/66 Milotic;14/66
JP - Future Flash;15/66 Panpour;15/66
JP - Future Flash;16/66 Simipour;16/66
JP - Future Flash;17/66 Vanillite;17/66
JP - Future Flash;18/66 Vanillish;18/66
JP - Future Flash;19/66 Vanilluxe;19/66
JP - Future Flash;20/66 Iron Bundle;20/66
JP - Future Flash;21/66 Chien;21/66
JP - Future Flash;22/66 Elekid;22/66
JP - Future Flash;23/66 Blitzle;23/66
JP - Future Flash;24/66 Zebstrika;24/66
JP - Future Flash;25/66 Oricorio;25/66
JP - Future Flash;26/66 Toxel;26/66
JP - Future Flash;27/66 Iron Hands ex;27/66
JP - Future Flash;28/66 Chimecho;28/66
JP - Future Flash;29/66 Pumpkaboo;29/66
JP - Future Flash;30/66 Gourgeist;30/66
JP - Future Flash;31/66 Flittle;31/66
JP - Future Flash;32/66 Flittle;32/66
JP - Future Flash;33/66 Espathra;33/66
JP - Future Flash;34/66 Tinkatink;34/66
JP - Future Flash;35/66 Tinkatink;35/66
JP - Future Flash;36/66 Tinkatuff;36/66
JP - Future Flash;37/66 Tinkaton;37/66
JP - Future Flash;38/66 Iron Valiant ex;38/66
JP - Future Flash;39/66 Onix;39/66
JP - Future Flash;40/66 Toxtricity ex;40/66
JP - Future Flash;41/66 Steelix;41/66
JP - Future Flash;42/66 Durant;42/66
JP - Future Flash;43/66 Honedge;43/66
JP - Future Flash;44/66 Doublade;44/66
JP - Future Flash;45/66 Aegislash ex;45/66
JP - Future Flash;46/66 Altaria ex;46/66
JP - Future Flash;47/66 Tatsugiri;47/66
JP - Future Flash;48/66 Porygon;48/66
JP - Future Flash;49/66 Porygon2;49/66
JP - Future Flash;50/66 Porygon;50/66
JP - Future Flash;51/66 Aipom;51/66
JP - Future Flash;52/66 Ambipom;52/66
JP - Future Flash;53/66 Miltank;53/66
JP - Future Flash;54/66 Swablu;54/66
JP - Future Flash;55/66 Tandemaus;55/66
JP - Future Flash;56/66 Tandemaus;56/66
JP - Future Flash;57/66 Maushold ex;57/66
JP - Future Flash;58/66 Iron Jugulis;58/66
JP - Future Flash;59/66 Counter Catcher;59/66
JP - Future Flash;60/66 Techno Radar;60/66
JP - Future Flash;61/66 Cursed Duster;61/66
JP - Future Flash;62/66 Future Booster Energy Capsule;62/66
JP - Future Flash;63/66 Technical Machine: Evolution;63/66
JP - Future Flash;64/66 Roark;64/66
JP - Future Flash;65/66 Professor Turo's Scenario;65/66
JP - Future Flash;66/66 Tulip;66/66
JP - Future Flash;67/66 Dottler;67/66
JP - Future Flash;68/66 Toedscruel;68/66
JP - Future Flash;69/66 Iron Moth;69/66
JP - Future Flash;70/66 Vanillish;70/66
JP - Future Flash;71/66 Iron Bundle;71/66
JP - Future Flash;72/66 Blitzle;72/66
JP - Future Flash;73/66 Espathra;73/66
JP - Future Flash;74/66 Steelix;74/66
JP - Future Flash;75/66 Aipom;75/66
JP - Future Flash;76/66 Swablu;76/66
JP - Future Flash;77/66 Porygon;77/66
JP - Future Flash;78/66 Iron Jugulis;78/66
JP - Future Flash;79/66 Iron Hands ex;79/66
JP - Future Flash;80/66 Iron Valiant ex;80/66
JP - Future Flash;81/66 Toxtricity ex;81/66
JP - Future Flash;82/66 Aegislash ex;82/66
JP - Future Flash;83/66 Altaria ex;83/66
JP - Future Flash;84/66 Maushold ex;84/66
JP - Future Flash;85/66 Roark;85/66
JP - Future Flash;86/66 Professor Turo's Scenario;86/66
JP - Future Flash;87/66 Tulip;87/66
JP - Future Flash;88/66 Iron Hands ex;88/66
JP - Future Flash;89/66 Iron Valiant ex;89/66
JP - Future Flash;90/66 Altaria ex;90/66
JP - Future Flash;91/66 Professor Turo's Scenario;91/66
JP - Future Flash;92/66 Tulip;92/66
JP - Future Flash;93/66 Iron Valiant ex;93/66
JP - Future Flash;94/66 Counter Catcher;94/66
JP - Future Flash;95/66 Basic Metal Energy;95/66
JP - Gastly;Gastly;44/102
JP - Grass Energy;Grass Energy;97/102
JP - Growlithe;Growlithe;18/102
JP - Gust of Wind;Gust of Wind;72/102
JP - Gyarados;Gyarados;34/102
JP - Haunter;Haunter;47/102
JP - Hitmonchan;Hitmonchan;58/102
JP - Impostor Professor Oak;Impostor Professor Oak;89/102
JP - Item Finder;Item Finder;87/102
JP - Ivysaur;Ivysaur;8/102
JP - Jynx;Jynx;48/102
JP - Kadabra;Kadabra;46/102
JP - Kakuna;Kakuna;9/102
JP - Koffing;Koffing;6/102
JP - Lass;Lass;95/102
JP - Lightning Energy;Lightning Energy;100/102
JP - Machamp;Machamp;57/102
JP - Machoke;Machoke;55/102
JP - Machop;Machop;53/102
JP - Magikarp;Magikarp;31/102
JP - Magmar;Magmar;20/102
JP - Magnemite;Magnemite;36/102
JP - Magneton;Magneton;39/102
JP - Maintenance;Maintenance;85/102
JP - Metapod;Metapod;3/102
JP - Mewtwo;Mewtwo;50/102
JP - Nidoking;Nidoking;13/102
JP - Nidoran?;Nidoran?;5/102
JP - Nidorino;Nidorino;10/102
JP - Ninetales;Ninetales;22/102
JP - Onix;Onix;54/102
JP - Pidgeotto;Pidgeotto;66/102
JP - Pidgey;Pidgey;59/102
JP - Pikachu;Pikachu;35/102
JP - PlusPower;PlusPower;81/102
JP - Pok�dex;Pok�dex;82/102
JP - Pok�mon Breeder;Pok�mon Breeder;94/102
JP - Pok�mon Center;Pok�mon Center;83/102
JP - Pok�mon Flute;Pok�mon Flute;84/102
JP - Pok�mon Trader;Pok�mon Trader;93/102
JP - Poliwag;Poliwag;24/102
JP - Poliwhirl;Poliwhirl;28/102
JP - Poliwrath;Poliwrath;33/102
JP - Ponyta;Ponyta;16/102
JP - Porygon;Porygon;64/102
JP - Potion;Potion;71/102
JP - Professor Oak;Professor Oak;77/102
JP - Psychic Energy;Psychic Energy;101/102
JP - Raichu;Raichu;38/102
JP - Raticate;Raticate;62/102
JP - Rattata;Rattata;60/102
JP - Revive;Revive;78/102
JP - Sandshrew;Sandshrew;51/102
JP - Scoop Up;Scoop Up;92/102
JP - Seel;Seel;29/102
JP - Shiny Star;Rowlet;1/190
JP - Shiny Star;Dartrix;2/190
JP - Shiny Star;Decidueye;3/190
JP - Shiny Star;Wimpod;4/190
JP - Shiny Star;Golisopod;5/190
JP - Shiny Star;Grookey;6/190
JP - Shiny Star;Thwackey;7/190
JP - Shiny Star;Rillaboom;8/190
JP - Shiny Star;Rillaboom V;9/190
JP - Shiny Star;Rillaboom VMAX;10/190
JP - Shiny Star;Blipbug;11/190
JP - Shiny Star;Dottler;12/190
JP - Shiny Star;Orbeetle;13/190
JP - Shiny Star;Gossifleur;14/190
JP - Shiny Star;Eldegoss;15/190
JP - Shiny Star;Eldegoss V;16/190
JP - Shiny Star;Applin;17/190
JP - Shiny Star;Flapple;18/190
JP - Shiny Star;Appletun;19/190
JP - Shiny Star;Heatran;20/190
JP - Shiny Star;Reshiram;21/190
JP - Shiny Star;Scorbunny;22/190
JP - Shiny Star;Raboot;23/190
JP - Shiny Star;Cinderace;24/190
JP - Shiny Star;Sizzlipede;25/190
JP - Shiny Star;Centiskorch;26/190
JP - Shiny Star;Centiskorch V;27/190
JP - Shiny Star;Centiskorch VMAX;28/190
JP - Shiny Star;Galarian Mr. Mime;29/190
JP - Shiny Star;Galarian Mr. Rime;30/190
JP - Shiny Star;Lapras V;31/190
JP - Shiny Star;Lapras VMAX;32/190
JP - Shiny Star;Suicune;33/190
JP - Shiny Star;Feebas;34/190
JP - Shiny Star;Milotic;35/190
JP - Shiny Star;Kyogre;36/190
JP - Shiny Star;Galarian Darumaka;37/190
JP - Shiny Star;Galarian Darmanitan;38/190
JP - Shiny Star;Sobble;39/190
JP - Shiny Star;Drizzile;40/190
JP - Shiny Star;Inteleon;41/190
JP - Shiny Star;Chewtle;42/190
JP - Shiny Star;Drednaw;43/190
JP - Shiny Star;Cramorant;44/190
JP - Shiny Star;Arrokuda;45/190
JP - Shiny Star;Barraskewda;46/190
JP - Shiny Star;Snom;47/190
JP - Shiny Star;Frosmoth;48/190
JP - Shiny Star;Eiscue;49/190
JP - Shiny Star;Dracovish;50/190
JP - Shiny Star;Arctovish;51/190
JP - Shiny Star;Rotom;52/190
JP - Shiny Star;Tapu Koko;53/190
JP - Shiny Star;Yamper;54/190
JP - Shiny Star;Boltund;55/190
JP - Shiny Star;Boltund V;56/190
JP - Shiny Star;Toxel;57/190
JP - Shiny Star;Toxtricity;58/190
JP - Shiny Star;Toxtricity V;59/190
JP - Shiny Star;Toxtricity VMAX;60/190
JP - Shiny Star;Pincurchin;61/190
JP - Shiny Star;Morpeko;62/190
JP - Shiny Star;Dracozolt;63/190
JP - Shiny Star;Arctozolt;64/190
JP - Shiny Star;Clefairy;65/190
JP - Shiny Star;Clefable;66/190
JP - Shiny Star;Galarian Ponyta;67/190
JP - Shiny Star;Galarian Rapidash;68/190
JP - Shiny Star;Gastly;69/190
JP - Shiny Star;Haunter;70/190
JP - Shiny Star;Gengar;71/190
JP - Shiny Star;Galarian Corsola;72/190
JP - Shiny Star;Galarian Cursola;73/190
JP - Shiny Star;Sigilyph;74/190
JP - Shiny Star;Dedenne;75/190
JP - Shiny Star;Sinistea;76/190
JP - Shiny Star;Polteageist;77/190
JP - Shiny Star;Hatenna;78/190
JP - Shiny Star;Hattrem;79/190
JP - Shiny Star;Hatterene;80/190
JP - Shiny Star;Milcery;81/190
JP - Shiny Star;Alcremie;82/190
JP - Shiny Star;Indeedee;83/190
JP - Shiny Star;Indeedee V;84/190
JP - Shiny Star;Dreepy;85/190
JP - Shiny Star;Drakloak;86/190
JP - Shiny Star;Dragapult;87/190
JP - Shiny Star;Dragapult V;88/190
JP - Shiny Star;Dragapult VMAX;89/190
JP - Shiny Star;Galarian Farfetch'd;90/190
JP - Shiny Star;Galarian Sirfetch'd;91/190
JP - Shiny Star;Galarian Yamask;92/190
JP - Shiny Star;Galarian Runerigus;93/190
JP - Shiny Star;Rolycoly;94/190
JP - Shiny Star;Carkol;95/190
JP - Shiny Star;Coalossal;96/190
JP - Shiny Star;Silicobra;97/190
JP - Shiny Star;Sandaconda;98/190
JP - Shiny Star;Clobbopus;99/190
JP - Shiny Star;Grapploct;100/190
JP - Shiny Star;Falinks;101/190
JP - Shiny Star;Falinks V;102/190
JP - Shiny Star;Stonjourner;103/190
JP - Shiny Star;Koffing;104/190
JP - Shiny Star;Galarian Weezing;105/190
JP - Shiny Star;Spinarak;106/190
JP - Shiny Star;Ariados;107/190
JP - Shiny Star;Crobat V;108/190
JP - Shiny Star;Crobat VMAX;109/190
JP - Shiny Star;Galarian Zigzagoon;110/190
JP - Shiny Star;Galarian Linoone;111/190
JP - Shiny Star;Galarian Obstagoon;112/190
JP - Shiny Star;Croagunk;113/190
JP - Shiny Star;Toxicroak;114/190
JP - Shiny Star;Trubbish;115/190
JP - Shiny Star;Garbodor;116/190
JP - Shiny Star;Yveltal;117/190
JP - Shiny Star;Hoopa;118/190
JP - Shiny Star;Nickit;119/190
JP - Shiny Star;Thievul;120/190
JP - Shiny Star;Impidimp;121/190
JP - Shiny Star;Morgrem;122/190
JP - Shiny Star;Grimmsnarl;123/190
JP - Shiny Star;Eternatus V;124/190
JP - Shiny Star;Eternatus VMAX;125/190
JP - Shiny Star;Galarian Meowth;126/190
JP - Shiny Star;Galarian Perrserker;127/190
JP - Shiny Star;Galarian Stunfisk;128/190
JP - Shiny Star;Honedge;129/190
JP - Shiny Star;Doublade;130/190
JP - Shiny Star;Aegislash;131/190
JP - Shiny Star;Corviknight;132/190
JP - Shiny Star;Cufant;133/190
JP - Shiny Star;Copperajah;134/190
JP - Shiny Star;Duraludon;135/190
JP - Shiny Star;Zacian;136/190
JP - Shiny Star;Zacian V;137/190
JP - Shiny Star;Zamazenta;138/190
JP - Shiny Star;Zamazenta V;139/190
JP - Shiny Star;Ditto V;140/190
JP - Shiny Star;Ditto VMAX;141/190
JP - Shiny Star;Minccino;142/190
JP - Shiny Star;Cinccino;143/190
JP - Shiny Star;Ducklett;144/190
JP - Shiny Star;Swanna;145/190
JP - Shiny Star;Bunnelby;146/190
JP - Shiny Star;Oranguru;147/190
JP - Shiny Star;Skwovet;148/190
JP - Shiny Star;Greedent;149/190
JP - Shiny Star;Rookidee;150/190
JP - Shiny Star;Corvisquire;151/190
JP - Shiny Star;Wooloo;152/190
JP - Shiny Star;Dubwool;153/190
JP - Shiny Star;Dubwool V;154/190
JP - Shiny Star;Cramorant V;155/190
JP - Shiny Star;Team Yell's Cheering Towel;156/190
JP - Shiny Star;Scoop Up Net;157/190
JP - Shiny Star;Quick Ball;158/190
JP - Shiny Star;Evolution Incense;159/190
JP - Shiny Star;Hyper Potion;160/190
JP - Shiny Star;Turbo Patch;161/190
JP - Shiny Star;Capacious Bucket;162/190
JP - Shiny Star;Tool Scrapper;163/190
JP - Shiny Star;Ordinary Rod;164/190
JP - Shiny Star;Rare Fossil;165/190
JP - Shiny Star;Metal Saucer;166/190
JP - Shiny Star;Rotom Bike;167/190
JP - Shiny Star;Rusted Sword;168/190
JP - Shiny Star;Rusted Shield;169/190
JP - Shiny Star;Cape of Toughness;170/190
JP - Shiny Star;Air Balloon;171/190
JP - Shiny Star;Bird Keeper;172/190
JP - Shiny Star;Piers;173/190
JP - Shiny Star;Professor's Research;174/190
JP - Shiny Star;Ball Guy;175/190
JP - Shiny Star;Boss's Orders;176/190
JP - Shiny Star;Marnie;177/190
JP - Shiny Star;Rose;178/190
JP - Shiny Star;Turffield Stadium;179/190
JP - Shiny Star;Training Court;180/190
JP - Shiny Star;Glimwood Tangle;181/190
JP - Shiny Star;Rose Tower;182/190
JP - Shiny Star;Heat Energy;183/190
JP - Shiny Star;Speed Lightning Energy;184/190
JP - Shiny Star;Horror Energy;185/190
JP - Shiny Star;Hiding Energy;186/190
JP - Shiny Star;Aurora Energy;187/190
JP - Shiny Star;Capture Energy;188/190
JP - Shiny Star;Twin Energy;189/190
JP - Shiny Star;Powerful Energy;190/190
JP - Shiny Star;Cara Liss;191/190
JP - Shiny Star;Gym Trainer;192/190
JP - Shiny Star;Bird Keeper;193/190
JP - Shiny Star;Piers;194/190
JP - Shiny Star;Skyla;195/190
JP - Shiny Star;Ball Guy;196/190
JP - Shiny Star;Poké Kid;197/190
JP - Shiny Star;Marnie;198/190
JP - Shiny Star;Rose;199/190
JP - Shiny Star;Rowlet;200/190
JP - Shiny Star;Dartrix;201/190
JP - Shiny Star;Decidueye;202/190
JP - Shiny Star;Grookey;203/190
JP - Shiny Star;Thwackey;204/190
JP - Shiny Star;Rillaboom;205/190
JP - Shiny Star;Blipbug;206/190
JP - Shiny Star;Dottler;207/190
JP - Shiny Star;Orbeetle;208/190
JP - Shiny Star;Gossifleur;209/190
JP - Shiny Star;Eldegoss;210/190
JP - Shiny Star;Applin;211/190
JP - Shiny Star;Flapple;212/190
JP - Shiny Star;Appletun;213/190
JP - Shiny Star;Scorbunny;214/190
JP - Shiny Star;Raboot;215/190
JP - Shiny Star;Cinderace;216/190
JP - Shiny Star;Sizzlipede;217/190
JP - Shiny Star;Centiskorch;218/190
JP - Shiny Star;Galarian Mr. Mime;219/190
JP - Shiny Star;Galarian Mr Rime;220/190
JP - Shiny Star;Suicune;221/190
JP - Shiny Star;Galarian Darumaka;222/190
JP - Shiny Star;Galarian Darmanitan;223/190
JP - Shiny Star;Sobble;224/190
JP - Shiny Star;Drizzile;225/190
JP - Shiny Star;Inteleon;226/190
JP - Shiny Star;Chewtle;227/190
JP - Shiny Star;Drednaw;228/190
JP - Shiny Star;Cramorant;229/190
JP - Shiny Star;Arrokuda;230/190
JP - Shiny Star;Barraskewda;231/190
JP - Shiny Star;Snom;232/190
JP - Shiny Star;Frosmoth;233/190
JP - Shiny Star;Eiscue;234/190
JP - Shiny Star;Dracovish;235/190
JP - Shiny Star;Arctovish;236/190
JP - Shiny Star;Rotom;237/190
JP - Shiny Star;Yamper;238/190
JP - Shiny Star;Boltund;239/190
JP - Shiny Star;Toxel;240/190
JP - Shiny Star;Toxtricity;241/190
JP - Shiny Star;Pincurchin;242/190
JP - Shiny Star;Morpeko;243/190
JP - Shiny Star;Dracozolt;244/190
JP - Shiny Star;Arctozolt;245/190
JP - Shiny Star;Galarian Ponyta;246/190
JP - Shiny Star;Galarian Rapidash;247/190
JP - Shiny Star;Galarian Corsola;248/190
JP - Shiny Star;Galarian Cursola;249/190
JP - Shiny Star;Dedenne;250/190
JP - Shiny Star;Sinistea;251/190
JP - Shiny Star;Polteageist;252/190
JP - Shiny Star;Hatenna;253/190
JP - Shiny Star;Hattrem;254/190
JP - Shiny Star;Hatterene;255/190
JP - Shiny Star;Milcery;256/190
JP - Shiny Star;Alcremie;257/190
JP - Shiny Star;Indeedee;258/190
JP - Shiny Star;Dreepy;259/190
JP - Shiny Star;Drakloak;260/190
JP - Shiny Star;Dragapult;261/190
JP - Shiny Star;Galarian Farfetch'd;262/190
JP - Shiny Star;Galarian Sirfetch'd;263/190
JP - Shiny Star;Galarian Yamask;264/190
JP - Shiny Star;Galarian Runerigus;265/190
JP - Shiny Star;Rolycoly;266/190
JP - Shiny Star;Carkol;267/190
JP - Shiny Star;Coalossal;268/190
JP - Shiny Star;Silicobra;269/190
JP - Shiny Star;Sandaconda;270/190
JP - Shiny Star;Clobbopus;271/190
JP - Shiny Star;Grapploct;272/190
JP - Shiny Star;Falinks;273/190
JP - Shiny Star;Stonjourner;274/190
JP - Shiny Star;Koffing;275/190
JP - Shiny Star;Galarian Weezing;276/190
JP - Shiny Star;Galarian Zigzagoon;277/190
JP - Shiny Star;Galarian Linoone;278/190
JP - Shiny Star;Galarian Obstagoon;279/190
JP - Shiny Star;Nickit;280/190
JP - Shiny Star;Thievul;281/190
JP - Shiny Star;Impidimp;282/190
JP - Shiny Star;Morgrem;283/190
JP - Shiny Star;Grimmsnarl;284/190
JP - Shiny Star;Galarian Meowth;285/190
JP - Shiny Star;Galarian Perrserker;286/190
JP - Shiny Star;Galarian Stunfisk;287/190
JP - Shiny Star;Corviknight;288/190
JP - Shiny Star;Cufant;289/190
JP - Shiny Star;Copperajah;290/190
JP - Shiny Star;Duraludon;291/190
JP - Shiny Star;Minccino;292/190
JP - Shiny Star;Cinccino;293/190
JP - Shiny Star;Ducklett;294/190
JP - Shiny Star;Swanna;295/190
JP - Shiny Star;Bunnelby;296/190
JP - Shiny Star;Oranguru;297/190
JP - Shiny Star;Skwovet;298/190
JP - Shiny Star;Greedent;299/190
JP - Shiny Star;Rookidee;300/190
JP - Shiny Star;Corvisquire;301/190
JP - Shiny Star;Wooloo;302/190
JP - Shiny Star;Dubwool;303/190
JP - Shiny Star;Rillaboom V;304/190
JP - Shiny Star;Rillaboom VMAX;305/190
JP - Shiny Star;Eldegoss V;306/190
JP - Shiny Star;Charizard V;307/190
JP - Shiny Star;Charizard VMAX;308/190
JP - Shiny Star;Centiskorch V;309/190
JP - Shiny Star;Centiskorch VMAX;310/190
JP - Shiny Star;Lapras V;311/190
JP - Shiny Star;Lapras VMAX;312/190
JP - Shiny Star;Boltund V;313/190
JP - Shiny Star;Toxtricity V;314/190
JP - Shiny Star;Toxtricity VMAX;315/190
JP - Shiny Star;Indeedee V;316/190
JP - Shiny Star;Dragapult V;317/190
JP - Shiny Star;Dragapult VMAX;318/190
JP - Shiny Star;Falinks V;319/190
JP - Shiny Star;Crobat VMAX;320/190
JP - Shiny Star;Grimmsnarl V;321/190
JP - Shiny Star;Grimmsnarl VMAX;322/190
JP - Shiny Star;Ditto V;323/190
JP - Shiny Star;Ditto VMAX;324/190
JP - Shiny Star;Dubwool V;325/190
JP - Shiny Star;Cramorant V;326/190
JP - Shiny Star;Eternatus V;327/190
JP - Shiny Star;Eternatus VMAX;328/190
JP - Shiny Star;Zacian V;329/190
JP - Shiny Star;Zamazenta V;330/190
JP - Shiny Treasure ex;Oddish;1/190
JP - Shiny Treasure ex;Gloom;2/190
JP - Shiny Treasure ex;Vileplume;3/190
JP - Shiny Treasure ex;Scyther;4/190
JP - Shiny Treasure ex;Hoppip;5/190
JP - Shiny Treasure ex;Skiploom;6/190
JP - Shiny Treasure ex;Jumpluff;7/190
JP - Shiny Treasure ex;Pineco;8/190
JP - Shiny Treasure ex;Forretress;9/190
JP - Shiny Treasure ex;Snover;10/190
JP - Shiny Treasure ex;Abomasnow;11/190
JP - Shiny Treasure ex;Sprigatito;12/190
JP - Shiny Treasure ex;Floragato;13/190
JP - Shiny Treasure ex;Meowscarada;14/190
JP - Shiny Treasure ex;Smoliv;15/190
JP - Shiny Treasure ex;Dolliv;16/190
JP - Shiny Treasure ex;Arboliva;17/190
JP - Shiny Treasure ex;Toedscool;18/190
JP - Shiny Treasure ex;Toedscruel;19/190
JP - Shiny Treasure ex;Capsakid;20/190
JP - Shiny Treasure ex;Scovillain;21/190
JP - Shiny Treasure ex;Rellor;22/190
JP - Shiny Treasure ex;Espathra;23/190
JP - Shiny Treasure ex;Wo;24/190
JP - Shiny Treasure ex;Charmander;25/190
JP - Shiny Treasure ex;Charmeleon;26/190
JP - Shiny Treasure ex;Tauros di Paldea;27/190
JP - Shiny Treasure ex;Entei;28/190
JP - Shiny Treasure ex;Oricorio;29/190
JP - Shiny Treasure ex;Fuecoco;30/190
JP - Shiny Treasure ex;Crocalor;31/190
JP - Shiny Treasure ex;Skeledirge;32/190
JP - Shiny Treasure ex;Charcadet;33/190
JP - Shiny Treasure ex;Armarouge;34/190
JP - Shiny Treasure ex;Chi;35/190
JP - Shiny Treasure ex;Slowpoke;36/190
JP - Shiny Treasure ex;Slowbro;37/190
JP - Shiny Treasure ex;Staryu;38/190
JP - Shiny Treasure ex;Starmie;39/190
JP - Shiny Treasure ex;Tauros di Paldea;40/190
JP - Shiny Treasure ex;Quaxly;41/190
JP - Shiny Treasure ex;Quaxwell;42/190
JP - Shiny Treasure ex;Quaquaval;43/190
JP - Shiny Treasure ex;Wiglett;44/190
JP - Shiny Treasure ex;Wugtrio;45/190
JP - Shiny Treasure ex;Finizen;46/190
JP - Shiny Treasure ex;Palafin;47/190
JP - Shiny Treasure ex;Veluza;48/190
JP - Shiny Treasure ex;Dondozo;49/190
JP - Shiny Treasure ex;Tatsugiri;50/190
JP - Shiny Treasure ex;Frigibax;51/190
JP - Shiny Treasure ex;Arctibax;52/190
JP - Shiny Treasure ex;Baxcalibur;53/190
JP - Shiny Treasure ex;Chien;54/190
JP - Shiny Treasure ex;Pikachu;55/190
JP - Shiny Treasure ex;Raichu;56/190
JP - Shiny Treasure ex;Voltorb;57/190
JP - Shiny Treasure ex;Electrode;58/190
JP - Shiny Treasure ex;Shinx;59/190
JP - Shiny Treasure ex;Luxio;60/190
JP - Shiny Treasure ex;Luxray;61/190
JP - Shiny Treasure ex;Pachirisu;62/190
JP - Shiny Treasure ex;Thundurus;63/190
JP - Shiny Treasure ex;Toxel;64/190
JP - Shiny Treasure ex;Toxtricity;65/190
JP - Shiny Treasure ex;Pawmi;66/190
JP - Shiny Treasure ex;Pawmo;67/190
JP - Shiny Treasure ex;Pawmot;68/190
JP - Shiny Treasure ex;Wattrel;69/190
JP - Shiny Treasure ex;Kilowattrel;70/190
JP - Shiny Treasure ex;Miraidon;71/190
JP - Shiny Treasure ex;Wigglytuff;72/190
JP - Shiny Treasure ex;Abra;73/190
JP - Shiny Treasure ex;Kadabra;74/190
JP - Shiny Treasure ex;Alakazam;75/190
JP - Shiny Treasure ex;Mew;76/190
JP - Shiny Treasure ex;Cleffa;77/190
JP - Shiny Treasure ex;Natu;78/190
JP - Shiny Treasure ex;Xatu;79/190
JP - Shiny Treasure ex;Ralts;80/190
JP - Shiny Treasure ex;Kirlia;81/190
JP - Shiny Treasure ex;Gardevoir;82/190
JP - Shiny Treasure ex;Drifloon;83/190
JP - Shiny Treasure ex;Drifblim;84/190
JP - Shiny Treasure ex;Mime Jr.;85/190
JP - Shiny Treasure ex;Spiritomb;86/190
JP - Shiny Treasure ex;Klefki;87/190
JP - Shiny Treasure ex;Mimikyu;88/190
JP - Shiny Treasure ex;Fidough;89/190
JP - Shiny Treasure ex;Dachsbun;90/190
JP - Shiny Treasure ex;Ceruledge;91/190
JP - Shiny Treasure ex;Rabsca;92/190
JP - Shiny Treasure ex;Flittle;93/190
JP - Shiny Treasure ex;Tinkatink;94/190
JP - Shiny Treasure ex;Tinkatuff;95/190
JP - Shiny Treasure ex;Tinkaton;96/190
JP - Shiny Treasure ex;Greavard;97/190
JP - Shiny Treasure ex;Houndstone;98/190
JP - Shiny Treasure ex;Gimmighoul;99/190
JP - Shiny Treasure ex;Mankey;100/190
JP - Shiny Treasure ex;Primeape;101/190
JP - Shiny Treasure ex;Annihilape;102/190
JP - Shiny Treasure ex;Tauros di Paldea;103/190
JP - Shiny Treasure ex;Riolu;104/190
JP - Shiny Treasure ex;Lucario;105/190
JP - Shiny Treasure ex;Hawlucha;106/190
JP - Shiny Treasure ex;Nacli;107/190
JP - Shiny Treasure ex;Naclstack;108/190
JP - Shiny Treasure ex;Garganacl;109/190
JP - Shiny Treasure ex;Glimmet;110/190
JP - Shiny Treasure ex;Glimmora;111/190
JP - Shiny Treasure ex;Grandizanne;112/190
JP - Shiny Treasure ex;Ting;113/190
JP - Shiny Treasure ex;Koraidon;114/190
JP - Shiny Treasure ex;Charizard;115/190
JP - Shiny Treasure ex;Wooper di Paldea;116/190
JP - Shiny Treasure ex;Clodsire di Paldea;117/190
JP - Shiny Treasure ex;Murkrow;118/190
JP - Shiny Treasure ex;Sneasel;119/190
JP - Shiny Treasure ex;Weavile;120/190
JP - Shiny Treasure ex;Sableye;121/190
JP - Shiny Treasure ex;Pawniard;122/190
JP - Shiny Treasure ex;Bisharp;123/190
JP - Shiny Treasure ex;Kingambit;124/190
JP - Shiny Treasure ex;Maschiff;125/190
JP - Shiny Treasure ex;Mabosstiff;126/190
JP - Shiny Treasure ex;Shroodle;127/190
JP - Shiny Treasure ex;Grafaiai;128/190
JP - Shiny Treasure ex;Scizor;129/190
JP - Shiny Treasure ex;Varoom;130/190
JP - Shiny Treasure ex;Revavroom;131/190
JP - Shiny Treasure ex;Solcoferreo;132/190
JP - Shiny Treasure ex;Gholdengo;133/190
JP - Shiny Treasure ex;Noibat;134/190
JP - Shiny Treasure ex;Noivern;135/190
JP - Shiny Treasure ex;Cyclizar;136/190
JP - Shiny Treasure ex;Pidgey;137/190
JP - Shiny Treasure ex;Pidgeotto;138/190
JP - Shiny Treasure ex;Pidgeot;139/190
JP - Shiny Treasure ex;Jigglypuff;140/190
JP - Shiny Treasure ex;Wigglytuff;141/190
JP - Shiny Treasure ex;Doduo;142/190
JP - Shiny Treasure ex;Dodrio;143/190
JP - Shiny Treasure ex;Ditto;144/190
JP - Shiny Treasure ex;Snorlax;145/190
JP - Shiny Treasure ex;Wingull;146/190
JP - Shiny Treasure ex;Pelipper;147/190
JP - Shiny Treasure ex;Skwovet;148/190
JP - Shiny Treasure ex;Greedent;149/190
JP - Shiny Treasure ex;Lechonk;150/190
JP - Shiny Treasure ex;Oinkologne;151/190
JP - Shiny Treasure ex;Tandemaus;152/190
JP - Shiny Treasure ex;Maushold;153/190
JP - Shiny Treasure ex;Squawkabilly;154/190
JP - Shiny Treasure ex;Flamigo;155/190
JP - Shiny Treasure ex;Generatore di Elettricità;156/190
JP - Shiny Treasure ex;Recupero di Energia Plus;157/190
JP - Shiny Treasure ex;Canna da pesca super;158/190
JP - Shiny Treasure ex;Minor Ball;159/190
JP - Shiny Treasure ex;Zaino di Nemi;160/190
JP - Shiny Treasure ex;Ultra Ball;161/190
JP - Shiny Treasure ex;Lettera di Incoraggiamento;162/190
JP - Shiny Treasure ex;Caramella Rara;163/190
JP - Shiny Treasure ex;Pettorale di Roccia;164/190
JP - Shiny Treasure ex;Palloncino Gigante;165/190
JP - Shiny Treasure ex;Bendarigida;166/190
JP - Shiny Treasure ex;Avanzi;167/190
JP - Shiny Treasure ex;Bendasfida;168/190
JP - Shiny Treasure ex;Amuleto del Coraggio;169/190
JP - Shiny Treasure ex;Macchinario Tecnico: Pugno Disperato;170/190
JP - Shiny Treasure ex;Alisma;171/190
JP - Shiny Treasure ex;Clavel;172/190
JP - Shiny Treasure ex;Carisma di Giovanni;173/190
JP - Shiny Treasure ex;Kissara;174/190
JP - Shiny Treasure ex;Garoff;175/190
JP - Shiny Treasure ex;Ricerca Accademica [Prof.ssa Olim];176/190
JP - Shiny Treasure ex;Ricerca Accademica [Professor Turum];177/190
JP - Shiny Treasure ex;Studenti di Paldea;178/190
JP - Shiny Treasure ex;Studenti di Paldea;179/190
JP - Shiny Treasure ex;Pepe;180/190
JP - Shiny Treasure ex;Ordini del Capo [Ghecis];181/190
JP - Shiny Treasure ex;Penny;182/190
JP - Shiny Treasure ex;Negozio Cittadino;183/190
JP - Shiny Treasure ex;Campo in Spiaggia;184/190
JP - Shiny Treasure ex;Los Tazones;185/190
JP - Shiny Treasure ex;Quartier Generale della Lega Pokémon;186/190
JP - Shiny Treasure ex;Sala Attrezzi;187/190
JP - Shiny Treasure ex;Energia Terapeutica;188/190
JP - Shiny Treasure ex;Energia Inversione;189/190
JP - Shiny Treasure ex;Energia Luminosa;190/190
JP - Shiny Treasure ex;Oddish;191/190
JP - Shiny Treasure ex;Gloom;192/190
JP - Shiny Treasure ex;Vileplume;193/190
JP - Shiny Treasure ex;Scyther;194/190
JP - Shiny Treasure ex;Hoppip;195/190
JP - Shiny Treasure ex;Skiploom;196/190
JP - Shiny Treasure ex;Jumpluff;197/190
JP - Shiny Treasure ex;Pineco;198/190
JP - Shiny Treasure ex;Snover;199/190
JP - Shiny Treasure ex;Abomasnow;200/190
JP - Shiny Treasure ex;Sprigatito;201/190
JP - Shiny Treasure ex;Floragato;202/190
JP - Shiny Treasure ex;Smoliv;203/190
JP - Shiny Treasure ex;Dolliv;204/190
JP - Shiny Treasure ex;Arboliva;205/190
JP - Shiny Treasure ex;Toedscool;206/190
JP - Shiny Treasure ex;Capsakid;207/190
JP - Shiny Treasure ex;Scovillain;208/190
JP - Shiny Treasure ex;Rellor;209/190
JP - Shiny Treasure ex;Charmander;210/190
JP - Shiny Treasure ex;Charmeleon;211/190
JP - Shiny Treasure ex;Tauros di Paldea;212/190
JP - Shiny Treasure ex;Entei;213/190
JP - Shiny Treasure ex;Oricorio;214/190
JP - Shiny Treasure ex;Fuecoco;215/190
JP - Shiny Treasure ex;Crocalor;216/190
JP - Shiny Treasure ex;Charcadet;217/190
JP - Shiny Treasure ex;Armarouge;218/190
JP - Shiny Treasure ex;Slowpoke;219/190
JP - Shiny Treasure ex;Slowbro;220/190
JP - Shiny Treasure ex;Staryu;221/190
JP - Shiny Treasure ex;Starmie;222/190
JP - Shiny Treasure ex;Tauros di Paldea;223/190
JP - Shiny Treasure ex;Quaxly;224/190
JP - Shiny Treasure ex;Quaxwell;225/190
JP - Shiny Treasure ex;Wiglett;226/190
JP - Shiny Treasure ex;Wugtrio;227/190
JP - Shiny Treasure ex;Finizen;228/190
JP - Shiny Treasure ex;Palafin;229/190
JP - Shiny Treasure ex;Veluza;230/190
JP - Shiny Treasure ex;Dondozo;231/190
JP - Shiny Treasure ex;Tatsugiri;232/190
JP - Shiny Treasure ex;Frigibax;233/190
JP - Shiny Treasure ex;Arctibax;234/190
JP - Shiny Treasure ex;Baxcalibur;235/190
JP - Shiny Treasure ex;Pikachu;236/190
JP - Shiny Treasure ex;Raichu;237/190
JP - Shiny Treasure ex;Voltorb;238/190
JP - Shiny Treasure ex;Electrode;239/190
JP - Shiny Treasure ex;Shinx;240/190
JP - Shiny Treasure ex;Luxio;241/190
JP - Shiny Treasure ex;Luxray;242/190
JP - Shiny Treasure ex;Pachirisu;243/190
JP - Shiny Treasure ex;Thundurus;244/190
JP - Shiny Treasure ex;Toxel;245/190
JP - Shiny Treasure ex;Toxtricity;246/190
JP - Shiny Treasure ex;Pawmi;247/190
JP - Shiny Treasure ex;Pawmo;248/190
JP - Shiny Treasure ex;Pawmot;249/190
JP - Shiny Treasure ex;Wattrel;250/190
JP - Shiny Treasure ex;Kilowattrel;251/190
JP - Shiny Treasure ex;Wigglytuff;252/190
JP - Shiny Treasure ex;Abra;253/190
JP - Shiny Treasure ex;Kadabra;254/190
JP - Shiny Treasure ex;Cleffa;255/190
JP - Shiny Treasure ex;Natu;256/190
JP - Shiny Treasure ex;Xatu;257/190
JP - Shiny Treasure ex;Ralts;258/190
JP - Shiny Treasure ex;Kirlia;259/190
JP - Shiny Treasure ex;Drifloon;260/190
JP - Shiny Treasure ex;Drifblim;261/190
JP - Shiny Treasure ex;Mime Jr.;262/190
JP - Shiny Treasure ex;Spiritomb;263/190
JP - Shiny Treasure ex;Klefki;264/190
JP - Shiny Treasure ex;Mimikyu;265/190
JP - Shiny Treasure ex;Fidough;266/190
JP - Shiny Treasure ex;Dachsbun;267/190
JP - Shiny Treasure ex;Ceruledge;268/190
JP - Shiny Treasure ex;Rabsca;269/190
JP - Shiny Treasure ex;Flittle;270/190
JP - Shiny Treasure ex;Tinkatink;271/190
JP - Shiny Treasure ex;Tinkatuff;272/190
JP - Shiny Treasure ex;Tinkaton;273/190
JP - Shiny Treasure ex;Greavard;274/190
JP - Shiny Treasure ex;Houndstone;275/190
JP - Shiny Treasure ex;Mankey;276/190
JP - Shiny Treasure ex;Primeape;277/190
JP - Shiny Treasure ex;Annihilape;278/190
JP - Shiny Treasure ex;Tauros di Paldea;279/190
JP - Shiny Treasure ex;Riolu;280/190
JP - Shiny Treasure ex;Lucario;281/190
JP - Shiny Treasure ex;Hawlucha;282/190
JP - Shiny Treasure ex;Nacli;283/190
JP - Shiny Treasure ex;Naclstack;284/190
JP - Shiny Treasure ex;Garganacl;285/190
JP - Shiny Treasure ex;Glimmet;286/190
JP - Shiny Treasure ex;Wooper di Paldea;287/190
JP - Shiny Treasure ex;Murkrow;288/190
JP - Shiny Treasure ex;Sneasel;289/190
JP - Shiny Treasure ex;Weavile;290/190
JP - Shiny Treasure ex;Sableye;291/190
JP - Shiny Treasure ex;Pawniard;292/190
JP - Shiny Treasure ex;Bisharp;293/190
JP - Shiny Treasure ex;Kingambit;294/190
JP - Shiny Treasure ex;Maschiff;295/190
JP - Shiny Treasure ex;Mabosstiff;296/190
JP - Shiny Treasure ex;Shroodle;297/190
JP - Shiny Treasure ex;Grafaiai;298/190
JP - Shiny Treasure ex;Scizor;299/190
JP - Shiny Treasure ex;Varoom;300/190
JP - Shiny Treasure ex;Revavroom;301/190
JP - Shiny Treasure ex;Noibat;302/190
JP - Shiny Treasure ex;Cyclizar;303/190
JP - Shiny Treasure ex;Pidgey;304/190
JP - Shiny Treasure ex;Pidgeotto;305/190
JP - Shiny Treasure ex;Jigglypuff;306/190
JP - Shiny Treasure ex;Doduo;307/190
JP - Shiny Treasure ex;Dodrio;308/190
JP - Shiny Treasure ex;Ditto;309/190
JP - Shiny Treasure ex;Snorlax;310/190
JP - Shiny Treasure ex;Wingull;311/190
JP - Shiny Treasure ex;Pelipper;312/190
JP - Shiny Treasure ex;Skwovet;313/190
JP - Shiny Treasure ex;Greedent;314/190
JP - Shiny Treasure ex;Lechonk;315/190
JP - Shiny Treasure ex;Oinkologne;316/190
JP - Shiny Treasure ex;Tandemaus;317/190
JP - Shiny Treasure ex;Maushold;318/190
JP - Shiny Treasure ex;Flamigo;319/190
JP - Shiny Treasure ex;Forretress;320/190
JP - Shiny Treasure ex;Meowscarada;321/190
JP - Shiny Treasure ex;Toedscruel;322/190
JP - Shiny Treasure ex;Espathra;323/190
JP - Shiny Treasure ex;Skeledirge;324/190
JP - Shiny Treasure ex;Quaquaval;325/190
JP - Shiny Treasure ex;Alakazam;326/190
JP - Shiny Treasure ex;Mew;327/190
JP - Shiny Treasure ex;Gardevoir;328/190
JP - Shiny Treasure ex;Glimmora;329/190
JP - Shiny Treasure ex;Grandizanne;330/190
JP - Shiny Treasure ex;Charizard;331/190
JP - Shiny Treasure ex;Clodsire di Paldea;332/190
JP - Shiny Treasure ex;Solcoferreo;333/190
JP - Shiny Treasure ex;Noivern;334/190
JP - Shiny Treasure ex;Pidgeot;335/190
JP - Shiny Treasure ex;Wigglytuff;336/190
JP - Shiny Treasure ex;Squawkabilly;337/190
JP - Shiny Treasure ex;Wugtrio;338/190
JP - Shiny Treasure ex;Palafin;339/190
JP - Shiny Treasure ex;Pawmi;340/190
JP - Shiny Treasure ex;Mimikyu;341/190
JP - Shiny Treasure ex;Arbitro;342/190
JP - Shiny Treasure ex;Nemi;343/190
JP - Shiny Treasure ex;Garoff;344/190
JP - Shiny Treasure ex;Studenti di Paldea;345/190
JP - Shiny Treasure ex;Studenti di Paldea;346/190
JP - Shiny Treasure ex;Mew;347/190
JP - Shiny Treasure ex;Gardevoir;348/190
JP - Shiny Treasure ex;Charizard;349/190
JP - Shiny Treasure ex;Kissara;350/190
JP - Shiny Treasure ex;Nemi;351/190
JP - Shiny Treasure ex;Garoff;352/190
JP - Shiny Treasure ex;Pepe;353/190
JP - Shiny Treasure ex;Penny;354/190
JP - Shiny Treasure ex;Wo;355/190
JP - Shiny Treasure ex;Chi;356/190
JP - Shiny Treasure ex;Chien;357/190
JP - Shiny Treasure ex;Miraidon;358/190
JP - Shiny Treasure ex;Ting;359/190
JP - Shiny Treasure ex;Koraidon;360/190
JP - Squirtle;Squirtle;23/102
JP - Starmie;Starmie;26/102
JP - Staryu;Staryu;25/102
JP - Stella Miracle;Ledyba;1/102
JP - Stella Miracle;Ledian;2/102
JP - Stella Miracle;Lileep;3/102
JP - Stella Miracle;Cradily;4/102
JP - Stella Miracle;Carnivine;5/102
JP - Stella Miracle;Rotom Taglio;6/102
JP - Stella Miracle;Grubbin;7/102
JP - Stella Miracle;Gossifleur;8/102
JP - Stella Miracle;Eldegoss;9/102
JP - Stella Miracle;Applin;10/102
JP - Stella Miracle;Dipplin;11/102
JP - Stella Miracle;Hydrapple ex;12/102
JP - Stella Miracle;Salandit;13/102
JP - Stella Miracle;Salazzle;14/102
JP - Stella Miracle;Turtonator;15/102
JP - Stella Miracle;Scorbunny;16/102
JP - Stella Miracle;Raboot;17/102
JP - Stella Miracle;Cinderace ex;18/102
JP - Stella Miracle;Lapras ex;19/102
JP - Stella Miracle;Finneon;20/102
JP - Stella Miracle;Lumineon;21/102
JP - Stella Miracle;Tirtouga;22/102
JP - Stella Miracle;Carracosta;23/102
JP - Stella Miracle;Crabobinable;24/102
JP - Stella Miracle;Chewtle;25/102
JP - Stella Miracle;Drednaw;26/102
JP - Stella Miracle;Veluza;27/102
JP - Stella Miracle;Electabuzz;28/102
JP - Stella Miracle;Electivire;29/102
JP - Stella Miracle;Chincou;30/102
JP - Stella Miracle;Lanturn;31/102
JP - Stella Miracle;Joltik;32/102
JP - Stella Miracle;Galvantula ex;33/102
JP - Stella Miracle;Charjabug;34/102
JP - Stella Miracle;Vikavolt;35/102
JP - Stella Miracle;Togedemaru;36/102
JP - Stella Miracle;Zeraora;37/102
JP - Stella Miracle;Slowpoke;38/102
JP - Stella Miracle;Slowking;39/102
JP - Stella Miracle;Drifloon;40/102
JP - Stella Miracle;Drifblim;41/102
JP - Stella Miracle;Comfey;42/102
JP - Stella Miracle;Milcery;43/102
JP - Stella Miracle;Alcremie;44/102
JP - Stella Miracle;Fidough;45/102
JP - Stella Miracle;Dachsbun ex;46/102
JP - Stella Miracle;Massoferreo;47/102
JP - Stella Miracle;Cubone;48/102
JP - Stella Miracle;Marowak;49/102
JP - Stella Miracle;Ryhorn;50/102
JP - Stella Miracle;Rhydorn;51/102
JP - Stella Miracle;Rhyperior;52/102
JP - Stella Miracle;Meditite;53/102
JP - Stella Miracle;Medicham ex;54/102
JP - Stella Miracle;Mienfoo;55/102
JP - Stella Miracle;Mienshao;56/102
JP - Stella Miracle;Pancham;57/102
JP - Stella Miracle;Diance;58/102
JP - Stella Miracle;Crabrawler;59/102
JP - Stella Miracle;Falink;60/102
JP - Stella Miracle;Gulpin;61/102
JP - Stella Miracle;Swalot;62/102
JP - Stella Miracle;Pangoro;63/102
JP - Stella Miracle;Impidimp;64/102
JP - Stella Miracle;Morgrem;65/102
JP - Stella Miracle;Grimmsnarl;66/102
JP - Stella Miracle;Klink;67/102
JP - Stella Miracle;Klang;68/102
JP - Stella Miracle;Klinklang;69/102
JP - Stella Miracle;Meltan;70/102
JP - Stella Miracle;Melmetal;71/102
JP - Stella Miracle;Duraludon;72/102
JP - Stella Miracle;Archaludon;73/102
JP - Stella Miracle;Orthworm ex;74/102
JP - Stella Miracle;Furiatonante;75/102
JP - Stella Miracle;Hoothoot;76/102
JP - Stella Miracle;Noctowl;77/102
JP - Stella Miracle;Glameow;78/102
JP - Stella Miracle;Purugly;79/102
JP - Stella Miracle;Rotom Vortice;80/102
JP - Stella Miracle;Buffalant;81/102
JP - Stella Miracle;Tornadus;82/102
JP - Stella Miracle;Fletching;83/102
JP - Stella Miracle;Fletchinder;84/102
JP - Stella Miracle;Talonflame;85/102
JP - Stella Miracle;Wooloo;86/102
JP - Stella Miracle;Dubwool;87/102
JP - Stella Miracle;Terapagos ex;88/102
JP - Stella Miracle;Glass Trumpet;89/102
JP - Stella Miracle;Antique Root Fossil;90/102
JP - Stella Miracle;Cover Fossil;91/102
JP - Stella Miracle;Papaya Berry;92/102
JP - Stella Miracle;Occa Berry;93/102
JP - Stella Miracle;Glistening Crystal;94/102
JP - Stella Miracle;Gravity Stone;95/102
JP - Stella Miracle;Deluxe Bomb;96/102
JP - Stella Miracle;Crispin;97/102
JP - Stella Miracle;Lacey;98/102
JP - Stella Miracle;Kofu;99/102
JP - Stella Miracle;Briar;100/102
JP - Stella Miracle;Venerable Tree;101/102
JP - Stella Miracle;Area Zero Underdepths;102/102
JP - Stella Miracle;Ledian;103/102
JP - Stella Miracle;Lileep;104/102
JP - Stella Miracle;Turtonator;105/102
JP - Stella Miracle;Raboot;106/102
JP - Stella Miracle;Crabominable;107/102
JP - Stella Miracle;Joltik;108/102
JP - Stella Miracle;Zeraora;109/102
JP - Stella Miracle;Milcery;110/102
JP - Stella Miracle;Meditite;111/102
JP - Stella Miracle;Gulpin;112/102
JP - Stella Miracle;Archaludon;113/102
JP - Stella Miracle;Nocrowl;114/102
JP - Stella Miracle;Hydrapple ex;115/102
JP - Stella Miracle;Cinderace ex Teracrystal;116/102
JP - Stella Miracle;Lapras ex Teracrystal;117/102
JP - Stella Miracle;Galvantula ex Teracrystal;118/102
JP - Stella Miracle;Dachsbun ex;119/102
JP - Stella Miracle;Medicham ex;120/102
JP - Stella Miracle;Ortworm ex;121/102
JP - Stella Miracle;Terapagos ex Teracrystal;122/102
JP - Stella Miracle;Crispin;123/102
JP - Stella Miracle;Lacey;124/102
JP - Stella Miracle;Kofu;125/102
JP - Stella Miracle;Briar;126/102
JP - Stella Miracle;Hydrapple ex;127/102
JP - Stella Miracle;Galvantula ex Teracrystal;128/102
JP - Stella Miracle;Dachsbun ex;129/102
JP - Stella Miracle;Terapagos ex Teracrystal;130/102
JP - Stella Miracle;Lacey;131/102
JP - Stella Miracle;Briar;132/102
JP - Stella Miracle;Terapagos ex;133/102
JP - Stella Miracle;Bravery Charm;134/102
JP - Stella Miracle;Area Zero Underdepths;135/102
JP - Super Energy Removal;Super Energy Removal;88/102
JP - Super Potion;Super Potion;75/102
JP - Switch;Switch;73/102
JP - Tangela;Tangela;7/102
JP - Venusaur;Venusaur;11/102
JP - Voltorb;Voltorb;37/102
JP - Vulpix;Vulpix;15/102
JP - Wartortle;Wartortle;27/102
JP - Water Energy;Water Energy;99/102
JP - Weedle;Weedle;4/102
JP - Zapdos;Zapdos;42/102
Jungle;Clefable;1/64
Jungle;Electrode;2/64
Jungle;Flareon;3/64
Jungle;Jolteon;4/64
Jungle;Kangaskhan;5/64
Jungle;Mr. Mime;6/64
Jungle;Nidoqueen;7/64
Jungle;Pidgeot;8/64
Jungle;Pinsir;9/64
Jungle;Scyther;10/64
Jungle;Snorlax;11/64
Jungle;Vaporeon;12/64
Jungle;Venomoth;13/64
Jungle;Victreebel;14/64
Jungle;Vileplume;15/64
Jungle;Wigglytuff;16/64
Jungle;Clefable;17/64
Jungle;Electrode;18/64
Jungle;Flareon;19/64
Jungle;Jolteon;20/64
Jungle;Kangaskhan;21/64
Jungle;Mr. Mime;22/64
Jungle;Nidoqueen;23/64
Jungle;Pidgeot;24/64
Jungle;Pinsir;25/64
Jungle;Scyther;26/64
Jungle;Snorlax;27/64
Jungle;Vaporeon;28/64
Jungle;Venomoth;29/64
Jungle;Victreebel;30/64
Jungle;Vileplume;31/64
Jungle;Wigglytuff;32/64
Jungle;Butterfree;33/64
Jungle;Dodrio;34/64
Jungle;Exeggutor;35/64
Jungle;Fearow;36/64
Jungle;Gloom;37/64
Jungle;Lickitung;38/64
Jungle;Marowak;39/64
Jungle;Nidorina;40/64
Jungle;Parasect;41/64
Jungle;Persian;42/64
Jungle;Primeape;43/64
Jungle;Rapidash;44/64
Jungle;Rhydon;45/64
Jungle;Seaking;46/64
Jungle;Tauros;47/64
Jungle;Weepinbell;48/64
Jungle;Bellsprout;49/64
Jungle;Cubone;50/64
Jungle;Eevee;51/64
Jungle;Exeggcute;52/64
Jungle;Goldeen;53/64
Jungle;Jigglypuff;54/64
Jungle;Mankey;55/64
Jungle;Meowth;56/64
Jungle;Nidoran?;57/64
Jungle;Oddish;58/64
Jungle;Paras;59/64
Jungle;Pikachu;60/64
Jungle;Rhyhorn;61/64
Jungle;Spearow;62/64
Jungle;Venonat;63/64
Jungle;Pok Ball;64/64
L'Ascesa dei Rivali;Arcanine;1/111
L'Ascesa dei Rivali;Bastiodon;2/111
L'Ascesa dei Rivali;Darkrai;3/111
L'Ascesa dei Rivali;Floatzel;4/111
L'Ascesa dei Rivali;Flygon;5/111
L'Ascesa dei Rivali;Froslass;6/111
L'Ascesa dei Rivali;Jirachi;7/111
L'Ascesa dei Rivali;Lucario;8/111
L'Ascesa dei Rivali;Luxray;9/111
L'Ascesa dei Rivali;Mismagius;10/111
L'Ascesa dei Rivali;Rampardos;11/111
L'Ascesa dei Rivali;Roserade;12/111
L'Ascesa dei Rivali;Shiftry;13/111
L'Ascesa dei Rivali;Aggron;14/111
L'Ascesa dei Rivali;Beedrill;15/111
L'Ascesa dei Rivali;Bronzong;16/111
L'Ascesa dei Rivali;Drapion;17/111
L'Ascesa dei Rivali;Espeon;18/111
L'Ascesa dei Rivali;Flareon;19/111
L'Ascesa dei Rivali;Gallade;20/111
L'Ascesa dei Rivali;Gastrodon Mare Est;21/111
L'Ascesa dei Rivali;Gastrodon Mare Ovest;22/111
L'Ascesa dei Rivali;Golem;23/111
L'Ascesa dei Rivali;Heracross;24/111
L'Ascesa dei Rivali;Hippowdon;25/111
L'Ascesa dei Rivali;Jolteon;26/111
L'Ascesa dei Rivali;Mamoswine;27/111
L'Ascesa dei Rivali;Mr. Mime;28/111
L'Ascesa dei Rivali;Nidoking;29/111
L'Ascesa dei Rivali;Nidoqueen;30/111
L'Ascesa dei Rivali;Raichu;31/111
L'Ascesa dei Rivali;Rhyperior;32/111
L'Ascesa dei Rivali;Snorlax;33/111
L'Ascesa dei Rivali;Vaporeon;34/111
L'Ascesa dei Rivali;Vespiquen;35/111
L'Ascesa dei Rivali;Walrein;36/111
L'Ascesa dei Rivali;Yanmega;37/111
L'Ascesa dei Rivali;Alakazam;38/111
L'Ascesa dei Rivali;Electrode;39/111
L'Ascesa dei Rivali;Gengar;40/111
L'Ascesa dei Rivali;Glaceon;41/111
L'Ascesa dei Rivali;Hippowdon;42/111
L'Ascesa dei Rivali;Infernape;43/111
L'Ascesa dei Rivali;Lairon;44/111
L'Ascesa dei Rivali;Leafeon;45/111
L'Ascesa dei Rivali;Machamp;46/111
L'Ascesa dei Rivali;Rapidash;47/111
L'Ascesa dei Rivali;Scizor;48/111
L'Ascesa dei Rivali;Sharpedo;49/111
L'Ascesa dei Rivali;Starmie;50/111
L'Ascesa dei Rivali;Steelix;51/111
L'Ascesa dei Rivali;Tropius;52/111
L'Ascesa dei Rivali;Vibrava;53/111
L'Ascesa dei Rivali;Whiscash;54/111
L'Ascesa dei Rivali;Aerodactyl;55/111
L'Ascesa dei Rivali;Ambipom;56/111
L'Ascesa dei Rivali;Aron;57/111
L'Ascesa dei Rivali;Carvanha;58/111
L'Ascesa dei Rivali;Eevee;59/111
L'Ascesa dei Rivali;Flareon;60/111
L'Ascesa dei Rivali;Forretress;61/111
L'Ascesa dei Rivali;Gliscor;62/111
L'Ascesa dei Rivali;Growlithe;63/111
L'Ascesa dei Rivali;Hippopotas;64/111
L'Ascesa dei Rivali;Houndoom;65/111
L'Ascesa dei Rivali;Kakuna;66/111
L'Ascesa dei Rivali;Kecleon;67/111
L'Ascesa dei Rivali;Koffing;68/111
L'Ascesa dei Rivali;Munchlax;69/111
L'Ascesa dei Rivali;Munchlax;70/111
L'Ascesa dei Rivali;Nidoran?;71/111
L'Ascesa dei Rivali;Nidoran?;72/111
L'Ascesa dei Rivali;Nidorina;73/111
L'Ascesa dei Rivali;Nidorino;74/111
L'Ascesa dei Rivali;Nuzleaf;75/111
L'Ascesa dei Rivali;Quagsire;76/111
L'Ascesa dei Rivali;Sealeo;77/111
L'Ascesa dei Rivali;Seedot;78/111
L'Ascesa dei Rivali;Shellos Mare Est;79/111
L'Ascesa dei Rivali;Shellos Mare Ovest;80/111
L'Ascesa dei Rivali;Snorlax;81/111
L'Ascesa dei Rivali;Spheal;82/111
L'Ascesa dei Rivali;Staryu;83/111
L'Ascesa dei Rivali;Trapinch;84/111
L'Ascesa dei Rivali;Turtwig;85/111
L'Ascesa dei Rivali;Weedle;86/111
L'Ascesa dei Rivali;Weezing;87/111
L'Ascesa dei Rivali;Collezione di Aaron;88/111
L'Ascesa dei Rivali;Ricerca di Bebe;89/111
L'Ascesa dei Rivali;Affetto di Terrie;90/111
L'Ascesa dei Rivali;Determinazione di Vulcano;91/111
L'Ascesa dei Rivali;Compito di Luciano;92/111
L'Ascesa dei Rivali;Arena Virt Pok mon;93/111
L'Ascesa dei Rivali;Palestra di Arenipoli;94/111
L'Ascesa dei Rivali;Invenzione Team Galassia G;95/111
L'Ascesa dei Rivali;Invenzione Team Galassia G;96/111
L'Ascesa dei Rivali;Spedizione Sotterranea;97/111
L'Ascesa dei Rivali;Filosofia di Corrado;98/111
L'Ascesa dei Rivali;Energia Oscurit;99/111
L'Ascesa dei Rivali;Energia Metallo;100/111
L'Ascesa dei Rivali;Energia SP;101/111
L'Ascesa dei Rivali;Energia Vantaggio;102/111
L'Ascesa dei Rivali;Alakazam LIV.X;103/111
L'Ascesa dei Rivali;Floatzel LIV.X;104/111
L'Ascesa dei Rivali;Flygon LIV.X;105/111
L'Ascesa dei Rivali;Gallade LIV.X;106/111
L'Ascesa dei Rivali;Hippowdon LIV.X;107/111
L'Ascesa dei Rivali;Infernape LIV.X;108/111
L'Ascesa dei Rivali;Luxray LIV.X;109/111
L'Ascesa dei Rivali;Mismagius LIV.X;110/111
L'Ascesa dei Rivali;Snorlax LIV.X;111/111
L'Ascesa dei Rivali;Pikachu;112/111
L'Ascesa dei Rivali;Flying Pikachu;113/111
L'Ascesa dei Rivali;Surfing Pikachu;114/111
Legami Inossidabili;Pheromosa e Buzzwole gx;1/214
Legami Inossidabili;Caterpie;2/214
Legami Inossidabili;Metapod;3/214
Legami Inossidabili;Butterfree;4/214
Legami Inossidabili;Oddish;5/214
Legami Inossidabili;Oddish;6/214
Legami Inossidabili;Gloom;7/214
Legami Inossidabili;Vileplume;8/214
Legami Inossidabili;Venonat;9/214
Legami Inossidabili;Venonat;10/214
Legami Inossidabili;Venomoth;11/214
Legami Inossidabili;Venomoth gx;12/214
Legami Inossidabili;Bellsprout;13/214
Legami Inossidabili;Weepinbell;14/214
Legami Inossidabili;Victreebel;15/214
Legami Inossidabili;Tangela;16/214
Legami Inossidabili;Tangrowth;17/214
Legami Inossidabili;Grubbin;18/214
Legami Inossidabili;Kartana;19/214
Legami Inossidabili;Reshiram e Charizard'gx;20/214
Legami Inossidabili;Growlithe;21/214
Legami Inossidabili;Arcanine;22/214
Legami Inossidabili;Darumaka;23/214
Legami Inossidabili;Darmanitan;24/214
Legami Inossidabili;Volcanion;25/214
Legami Inossidabili;Litten;26/214
Legami Inossidabili;Litten;27/214
Legami Inossidabili;Torracat;28/214
Legami Inossidabili;Incineroar;29/214
Legami Inossidabili;Salandit;30/214
Legami Inossidabili;Salazzle;31/214
Legami Inossidabili;Blacephalon;32/214
Legami Inossidabili;Squirtle;33/214
Legami Inossidabili;Wartortle;34/214
Legami Inossidabili;Blastoise gx;35/214
Legami Inossidabili;Poliwag;36/214
Legami Inossidabili;Poliwag;37/214
Legami Inossidabili;Poliwhirl;38/214
Legami Inossidabili;Poliwrath;39/214
Legami Inossidabili;Tentacool;40/214
Legami Inossidabili;Tentacruel;41/214
Legami Inossidabili;Slowpoke;42/214
Legami Inossidabili;Slowbro;43/214
Legami Inossidabili;Seel;44/214
Legami Inossidabili;Dewgong;45/214
Legami Inossidabili;Krabby;46/214
Legami Inossidabili;Kingler;47/214
Legami Inossidabili;Goldeen;48/214
Legami Inossidabili;Seaking;49/214
Legami Inossidabili;Kyurem;50/214
Legami Inossidabili;Froakie;51/214
Legami Inossidabili;Frogadier;52/214
Legami Inossidabili;Pyukumuku;53/214
Legami Inossidabili;Pikachu;54/214
Legami Inossidabili;Raichu;55/214
Legami Inossidabili;Stunfisk;56/214
Legami Inossidabili;Dedenne gx;57/214
Legami Inossidabili;Charjabug;58/214
Legami Inossidabili;Vikavolt;59/214
Legami Inossidabili;Zeraora;60/214
Legami Inossidabili;Muk e Muk di Alola gx;61/214
Legami Inossidabili;Ekans;62/214
Legami Inossidabili;Arbok;63/214
Legami Inossidabili;Zubat;64/214
Legami Inossidabili;Golbat;65/214
Legami Inossidabili;Crobat;66/214
Legami Inossidabili;Gastly;67/214
Legami Inossidabili;Gastly;68/214
Legami Inossidabili;Haunter;69/214
Legami Inossidabili;Gengar;70/214
Legami Inossidabili;Drowzee;71/214
Legami Inossidabili;Hypno;72/214
Legami Inossidabili;Koffing;73/214
Legami Inossidabili;Weezing;74/214
Legami Inossidabili;Mewtwo;75/214
Legami Inossidabili;Mew;76/214
Legami Inossidabili;Misdreavus;77/214
Legami Inossidabili;Mismagius;78/214
Legami Inossidabili;Espurr;79/214
Legami Inossidabili;Meowstic;80/214
Legami Inossidabili;Marshadow;81/214
Legami Inossidabili;Marshadow e Machamp gx;82/214
Legami Inossidabili;Sandshrew;83/214
Legami Inossidabili;Sandslash;84/214
Legami Inossidabili;Diglett;85/214
Legami Inossidabili;Dugtrio;86/214
Legami Inossidabili;Geodude;87/214
Legami Inossidabili;Graveler;88/214
Legami Inossidabili;Golem;89/214
Legami Inossidabili;Cubone;90/214
Legami Inossidabili;Marowak;91/214
Legami Inossidabili;Rhyhorn;92/214
Legami Inossidabili;Rhyhorn;93/214
Legami Inossidabili;Rhydon;94/214
Legami Inossidabili;Rhyperior;95/214
Legami Inossidabili;Wooper;96/214
Legami Inossidabili;Quagsire;97/214
Legami Inossidabili;Gligar;98/214
Legami Inossidabili;Gliscor;99/214
Legami Inossidabili;Tyrogue;100/214
Legami Inossidabili;Hitmontop;101/214
Legami Inossidabili;Riolu;102/214
Legami Inossidabili;Landorus;103/214
Legami Inossidabili;Crabrawler;104/214
Legami Inossidabili;Crabominable;105/214
Legami Inossidabili;Stakataka;106/214
Legami Inossidabili;Greninja e Zoroark gx;107/214
Legami Inossidabili;Murkrow;108/214
Legami Inossidabili;Honchkrow;109/214
Legami Inossidabili;Carvanha;110/214
Legami Inossidabili;Sharpedo;111/214
Legami Inossidabili;Spiritomb;112/214
Legami Inossidabili;Sandile;113/214
Legami Inossidabili;Sandile;114/214
Legami Inossidabili;Krokorok;115/214
Legami Inossidabili;Krookodile;116/214
Legami Inossidabili;Greninja;117/214
Legami Inossidabili;Inkay;118/214
Legami Inossidabili;Malamar;119/214
Legami Inossidabili;Lucario e Melmetal gx;120/214
Legami Inossidabili;Diglett di Alola;121/214
Legami Inossidabili;Dugtrio di Alola;122/214
Legami Inossidabili;Aron;123/214
Legami Inossidabili;Lairon;124/214
Legami Inossidabili;Aggron;125/214
Legami Inossidabili;Lucario;126/214
Legami Inossidabili;Genesect;127/214
Legami Inossidabili;Meltan;128/214
Legami Inossidabili;Melmetal;129/214
Legami Inossidabili;Gardevoir e Sylveon;130/214
Legami Inossidabili;Cleffa;131/214
Legami Inossidabili;Clefairy;132/214
Legami Inossidabili;Clefable;133/214
Legami Inossidabili;Jigglypuff;134/214
Legami Inossidabili;Wigglytuff;135/214
Legami Inossidabili;Togepi;136/214
Legami Inossidabili;Togetic;137/214
Legami Inossidabili;Togekiss;138/214
Legami Inossidabili;Cottonee;139/214
Legami Inossidabili;Whimsicott gx;140/214
Legami Inossidabili;Spritzee;141/214
Legami Inossidabili;Aromatisse;142/214
Legami Inossidabili;Rattata;143/214
Legami Inossidabili;Raticate;144/214
Legami Inossidabili;Spearow;145/214
Legami Inossidabili;Fearow;146/214
Legami Inossidabili;Meowth;147/214
Legami Inossidabili;Persian;148/214
Legami Inossidabili;Persian gx;149/214
Legami Inossidabili;Doduo;150/214
Legami Inossidabili;Dodrio;151/214
Legami Inossidabili;Lickitung;152/214
Legami Inossidabili;Lickilicky;153/214
Legami Inossidabili;Porygon;154/214
Legami Inossidabili;Porygon;155/214
Legami Inossidabili;Porygon2;156/214
Legami Inossidabili;Porygon;157/214
Legami Inossidabili;Snorlax;158/214
Legami Inossidabili;Glameow;159/214
Legami Inossidabili;Purugly;160/214
Legami Inossidabili;Happiny;161/214
Legami Inossidabili;Chatot;162/214
Legami Inossidabili;Celesteela gx;163/214
Legami Inossidabili;Ultraganasce;164/214
Legami Inossidabili;Picchetto Rompighiaccio;165/214
Legami Inossidabili;Getto di Involuzione Z;166/214
Legami Inossidabili;Neropietra;167/214
Legami Inossidabili;Isola Tossica;168/214
Legami Inossidabili;Radar Elettromagnetico;169/214
Legami Inossidabili;Spinner Energetico;170/214
Legami Inossidabili;Amuleto Folletto Abilit;171/214
Legami Inossidabili;Amuleto Folletto L;172/214
Legami Inossidabili;Cristallo di Fuoco;173/214
Legami Inossidabili;Esilio di Giovanni;174/214
Legami Inossidabili;Esplorazione di Verde;175/214
Legami Inossidabili;Nina;176/214
Legami Inossidabili;Trappola di Koga;177/214
Legami Inossidabili;Strategia di Lt. Surge;178/214
Legami Inossidabili;Dojo di Arti Marziali;179/214
Legami Inossidabili;Barriera Metallica;180/214
Legami Inossidabili;Tapso;181/214
Legami Inossidabili;Pok gear 3.0;182/214
Legami Inossidabili;Centrale Elettrica;183/214
Legami Inossidabili;Sfida di Rosso;184/214
Legami Inossidabili;Manuel Oak;185/214
Legami Inossidabili;Cappuccio Furtivo;186/214
Legami Inossidabili;Scatola a Sorpresa;187/214
Legami Inossidabili;Mastro Karta dell'Ultraforesta;188/214
Legami Inossidabili;Saldatrice;189/214
Legami Inossidabili;Energia Accelerazione Tripla;190/214
Legami Inossidabili;Pheromosa e Buzzwole gx;191/214
Legami Inossidabili;Pheromosa e Buzzwole gx;192/214
Legami Inossidabili;Venomoth gx;193/214
Legami Inossidabili;Reshiram e Charizard'gx;194/214
Legami Inossidabili;Dedenne gx;195/214
Legami Inossidabili;Muk e Muk di Alola gx;196/214
Legami Inossidabili;Muk e Muk di Alola gx;197/214
Legami Inossidabili;Marshadow e Machamp gx;198/214
Legami Inossidabili;Marshadow e Machamp gx;199/214
Legami Inossidabili;Greninja e Zoroark gx;200/214
Legami Inossidabili;Greninja e Zoroark gx;201/214
Legami Inossidabili;Honchkrow gx;202/214
Legami Inossidabili;Lucario e Melmetal gx;203/214
Legami Inossidabili;Gardevoir e Sylveon gx;204/214
Legami Inossidabili;Gardevoir e Sylveon gx;205/214
Legami Inossidabili;Whimsicott gx;206/214
Legami Inossidabili;Persian gx;207/214
Legami Inossidabili;Celesteela gx;208/214
Legami Inossidabili;Esplorazione di Verde;209/214
Legami Inossidabili;Nina;210/214
Legami Inossidabili;Trappola di Koga;211/214
Legami Inossidabili;Tapso;212/214
Legami Inossidabili;Sfida di Rosso;213/214
Legami Inossidabili;Saldatrice;214/214
Legami Inossidabili;Pheromosa e Buzzwole gx;215/214
Legami Inossidabili;Venomoth gx;216/214
Legami Inossidabili;Reshiram e Charizard'gx;217/214
Legami Inossidabili;Blastoise gx;218/214
Legami Inossidabili;Dedenne gx;219/214
Legami Inossidabili;Muk e Muk di Alola gx;220/214
Legami Inossidabili;Marshadow e Machamp gx;221/214
Legami Inossidabili;Greninja e Zoroark gx;222/214
Legami Inossidabili;Honchkrow gx;223/214
Legami Inossidabili;Lucario e Melmetal gx;224/214
Legami Inossidabili;Gardevoir e Sylveon gx;225/214
Legami Inossidabili;Whimsicott gx;226/214
Legami Inossidabili;Persian gx;227/214
Legami Inossidabili;Celesteela gx;228/214
Legami Inossidabili;Ultraganasce;229/214
Legami Inossidabili;Radar Elettromagnetico;230/214
Legami Inossidabili;Cristallo di Fuoco;231/214
Legami Inossidabili;Barriera Metallica;232/214
Legami Inossidabili;Pok gear 3.0;233/214
Legami Inossidabili;Energia Accelerazione Tripla;234/214
Lucentezza Siderale;Beedrill;1/189
Lucentezza Siderale;Voltorb di Hisui;2/189
Lucentezza Siderale;Electrode di Hisui;3/189
Lucentezza Siderale;Scyther;4/189
Lucentezza Siderale;Scyther;5/189
Lucentezza Siderale;Yanma;6/189
Lucentezza Siderale;Yanmega;7/189
Lucentezza Siderale;Heracross;8/189
Lucentezza Siderale;Kricketot;9/189
Lucentezza Siderale;Kricketune;10/189
Lucentezza Siderale;Combee;11/189
Lucentezza Siderale;Vespiquen;12/189
Lucentezza Siderale;Leafeon;13/189
Lucentezza Siderale;Shaymin;14/189
Lucentezza Siderale;Petilil;15/189
Lucentezza Siderale;Lilligant di Hisui;16/189
Lucentezza Siderale;Lilligant di Hisui;17/189
Lucentezza Siderale;Lilligant di Hisui;18/189
Lucentezza Siderale;Rowlet;19/189
Lucentezza Siderale;Dartrix;20/189
Lucentezza Siderale;Ponyta;21/189
Lucentezza Siderale;Rapidash;22/189
Lucentezza Siderale;Cyndaquil;23/189
Lucentezza Siderale;Quilava;24/189
Lucentezza Siderale;Heatran;25/189
Lucentezza Siderale;Heatran;26/189
Lucentezza Siderale;Heatran Lucente;27/189
Lucentezza Siderale;Psyduck;28/189
Lucentezza Siderale;Golduck;29/189
Lucentezza Siderale;Starmie;30/189
Lucentezza Siderale;Swinub;31/189
Lucentezza Siderale;Piloswine;32/189
Lucentezza Siderale;Mamoswine;33/189
Lucentezza Siderale;Mantine;34/189
Lucentezza Siderale;Barboach;35/189
Lucentezza Siderale;Whiscash;36/189
Lucentezza Siderale;Regice;37/189
Lucentezza Siderale;Glaceon;38/189
Lucentezza Siderale;Palkia Originale;39/189
Lucentezza Siderale;Palkia Originale;40/189
Lucentezza Siderale;Oshawott;41/189
Lucentezza Siderale;Dewott;42/189
Lucentezza Siderale;Basculin di Hisui;43/189
Lucentezza Siderale;Basculegion di Hisui;44/189
Lucentezza Siderale;Keldeo;45/189
Lucentezza Siderale;Greninja Lucente;46/189
Lucentezza Siderale;Bergmite;47/189
Lucentezza Siderale;Avalugg di Hisui;48/189
Lucentezza Siderale;Mr. Rime di Galar;49/189
Lucentezza Siderale;Luxray;50/189
Lucentezza Siderale;Regieleki;51/189
Lucentezza Siderale;Typhlosion di Hisui;52/189
Lucentezza Siderale;Typhlosion di Hisui;53/189
Lucentezza Siderale;Typhlosion di Hisui;54/189
Lucentezza Siderale;Togepi;55/189
Lucentezza Siderale;Togetic;56/189
Lucentezza Siderale;Togekiss;57/189
Lucentezza Siderale;Misdreavus;58/189
Lucentezza Siderale;Mismagius;59/189
Lucentezza Siderale;Ralts;60/189
Lucentezza Siderale;Kirlia;61/189
Lucentezza Siderale;Gallade;62/189
Lucentezza Siderale;Drifloon;63/189
Lucentezza Siderale;Drifblim;64/189
Lucentezza Siderale;Uxie;65/189
Lucentezza Siderale;Mesprit;66/189
Lucentezza Siderale;Azelf;67/189
Lucentezza Siderale;Diancie;68/189
Lucentezza Siderale;Wyrdeer;69/189
Lucentezza Siderale;Growlithe di Hisui;70/189
Lucentezza Siderale;Arcanine di Hisui;71/189
Lucentezza Siderale;Machamp;72/189
Lucentezza Siderale;Machamp;73/189
Lucentezza Siderale;Sudowoodo;74/189
Lucentezza Siderale;Regirock;75/189
Lucentezza Siderale;Cranidos;76/189
Lucentezza Siderale;Rampardos;77/189
Lucentezza Siderale;Lucario;78/189
Lucentezza Siderale;Hippopotas;79/189
Lucentezza Siderale;Hippowdon;80/189
Lucentezza Siderale;Hawlucha Lucente;81/189
Lucentezza Siderale;Decidueye di Hisui;82/189
Lucentezza Siderale;Decidueye di Hisui;83/189
Lucentezza Siderale;Decidueye di Hisui;84/189
Lucentezza Siderale;Kleavor;85/189
Lucentezza Siderale;Kleavor;86/189
Lucentezza Siderale;Kleavor;87/189
Lucentezza Siderale;Qwilfish di Hisui;88/189
Lucentezza Siderale;Qwilfish di Hisui;89/189
Lucentezza Siderale;Overqwil di Hisui;90/189
Lucentezza Siderale;Overqwil di Hisui;91/189
Lucentezza Siderale;Sneasel di Hisui;92/189
Lucentezza Siderale;Sneasler di Hisui;93/189
Lucentezza Siderale;Sneasler di Hisui;94/189
Lucentezza Siderale;Poochyena;95/189
Lucentezza Siderale;Mightyena;96/189
Lucentezza Siderale;Absol;97/189
Lucentezza Siderale;Darkrai;98/189
Lucentezza Siderale;Darkrai;99/189
Lucentezza Siderale;Samurott di Hisui;100/189
Lucentezza Siderale;Samurott di Hisui;101/189
Lucentezza Siderale;Samurott di Hisui;102/189
Lucentezza Siderale;Nickit;103/189
Lucentezza Siderale;Thievul;104/189
Lucentezza Siderale;Magnemite;105/189
Lucentezza Siderale;Magneton;106/189
Lucentezza Siderale;Magnezone;107/189
Lucentezza Siderale;Registeel;108/189
Lucentezza Siderale;Shieldon;109/189
Lucentezza Siderale;Bastiodon;110/189
Lucentezza Siderale;Bronzor;111/189
Lucentezza Siderale;Bronzong;112/189
Lucentezza Siderale;Dialga Originale;113/189
Lucentezza Siderale;Dialga Originale;114/189
Lucentezza Siderale;Pawniard;115/189
Lucentezza Siderale;Bisharp;116/189
Lucentezza Siderale;Garchomp;117/189
Lucentezza Siderale;Regidrago;118/189
Lucentezza Siderale;Eevee;119/189
Lucentezza Siderale;Hoothoot;120/189
Lucentezza Siderale;Noctowl;121/189
Lucentezza Siderale;Teddiursa;122/189
Lucentezza Siderale;Ursaring;123/189
Lucentezza Siderale;Ursaluna;124/189
Lucentezza Siderale;Stantler;125/189
Lucentezza Siderale;Miltank;126/189
Lucentezza Siderale;Glameow;127/189
Lucentezza Siderale;Purugly;128/189
Lucentezza Siderale;Chatot;129/189
Lucentezza Siderale;Regigigas;130/189
Lucentezza Siderale;Rufflet;131/189
Lucentezza Siderale;Braviary di Hisui;132/189
Lucentezza Siderale;Oranguru;133/189
Lucentezza Siderale;Wyrdeer;134/189
Lucentezza Siderale;Damon;135/189
Lucentezza Siderale;Colonia di Annullamento;136/189
Lucentezza Siderale;Choi;137/189
Lucentezza Siderale;Selina;138/189
Lucentezza Siderale;Distintivo Oscuro;139/189
Lucentezza Siderale;Lotteria Energia;140/189
Lucentezza Siderale;Piuma Ball;141/189
Lucentezza Siderale;Palude Boccalarga;142/189
Lucentezza Siderale;Vigore di Gardenia;143/189
Lucentezza Siderale;Lino;144/189
Lucentezza Siderale;Piccone Baldo;145/189
Lucentezza Siderale;Peso Ball di Hisui;146/189
Lucentezza Siderale;Perula;147/189
Lucentezza Siderale;Villaggio Giubilo;148/189
Lucentezza Siderale;Soruan;149/189
Lucentezza Siderale;Petra;150/189
Lucentezza Siderale;Curry piccante alle spezie;151/189
Lucentezza Siderale;Occhiali Superefficaci;152/189
Lucentezza Siderale;Miele;153/189
Lucentezza Siderale;Carretto di Scambio;154/189
Lucentezza Siderale;Tempio di Sinnoh;155/189
Lucentezza Siderale;Scarpe da trekking;156/189
Lucentezza Siderale;Fossile Sconosciuto;157/189
Lucentezza Siderale;Turbo Tattico;158/189
Lucentezza Siderale;Lapilla;159/189
Lucentezza Siderale;Beedrill;160/189
Lucentezza Siderale;Beedrill;161/189
Lucentezza Siderale;Lilligant di Hisui;162/189
Lucentezza Siderale;Lilligant di Hisui;163/189
Lucentezza Siderale;Virizion;164/189
Lucentezza Siderale;Heatran;165/189
Lucentezza Siderale;Starmie;166/189
Lucentezza Siderale;Palkia Originale;167/189
Lucentezza Siderale;Luxray;168/189
Lucentezza Siderale;Typhlosion di Hisui;169/189
Lucentezza Siderale;Jirachi;170/189
Lucentezza Siderale;Machamp;171/189
Lucentezza Siderale;Machamp;172/189
Lucentezza Siderale;Decidueye di Hisui;173/189
Lucentezza Siderale;Sneasler di Hisui;174/189
Lucentezza Siderale;Sneasler di Hisui;175/189
Lucentezza Siderale;Samurott di Hisui;176/189
Lucentezza Siderale;Dialga Originale;177/189
Lucentezza Siderale;Garchomp;178/189
Lucentezza Siderale;Oranguru;179/189
Lucentezza Siderale;Wyrdeer;180/189
Lucentezza Siderale;Damon;181/189
Lucentezza Siderale;Choi;182/189
Lucentezza Siderale;Selina;183/189
Lucentezza Siderale;Vigore di Gardenia;184/189
Lucentezza Siderale;Lino;185/189
Lucentezza Siderale;Perula;186/189
Lucentezza Siderale;Soruan;187/189
Lucentezza Siderale;Petra;188/189
Lucentezza Siderale;Lapilla;189/189
Lucentezza Siderale;Lilligant di Hisui;190/189
Lucentezza Siderale;Heatran;191/189
Lucentezza Siderale;Palkia Originale;192/189
Lucentezza Siderale;Typhlosion di Hisui;193/189
Lucentezza Siderale;Machamp;194/189
Lucentezza Siderale;Decidueye di Hisui;195/189
Lucentezza Siderale;Kleavor;196/189
Lucentezza Siderale;Samurott di Hisui;197/189
Lucentezza Siderale;Dialga Originale;198/189
Lucentezza Siderale;Damon;199/189
Lucentezza Siderale;Choi;200/189
Lucentezza Siderale;Selina;201/189
Lucentezza Siderale;Vigore di Gardenia;202/189
Lucentezza Siderale;Lino;203/189
Lucentezza Siderale;Perula;204/189
Lucentezza Siderale;Soruan;205/189
Lucentezza Siderale;Petra;206/189
Lucentezza Siderale;Lapilla;207/189
Lucentezza Siderale;Palkia Originale;208/189
Lucentezza Siderale;Samurott di Hisui;209/189
Lucentezza Siderale;Dialga Originale;210/189
Lucentezza Siderale;Cinturascelta;211/189
Lucentezza Siderale;Villaggio Giubilo;212/189
Lucentezza Siderale;Sentiero Biancacima;213/189
Lucentezza Siderale;Tempio di Sinnoh;214/189
Lucentezza Siderale;Scarpe da trekking;215/189
Lucentezza Siderale;Energia Turbo Doppia;216/189
Megaevoluzione;Bulbasaur;1/132
Megaevoluzione;Ivysaur;2/132
Megaevoluzione;Mega Venusaur;3/132
Megaevoluzione;Exeggcute;4/132
Megaevoluzione;Exeggutor;5/132
Megaevoluzione;Tangela;6/132
Megaevoluzione;Tangrowth;7/132
Megaevoluzione;Chikorita;8/132
Megaevoluzione;Bayleef;9/132
Megaevoluzione;Meganium;10/132
Megaevoluzione;Shuckle;11/132
Megaevoluzione;Celebi;12/132
Megaevoluzione;Seedot;13/132
Megaevoluzione;Nuzleaf;14/132
Megaevoluzione;Shiftry;15/132
Megaevoluzione;Nincada;16/132
Megaevoluzione;Ninjask;17/132
Megaevoluzione;Dhelmise;18/132
Megaevoluzione;Vulpix;19/132
Megaevoluzione;Ninetales;20/132
Megaevoluzione;Numel;21/132
Megaevoluzione;Mega Camerupt;22/132
Megaevoluzione;Litleo;23/132
Megaevoluzione;Pyroar;24/132
Megaevoluzione;Volcanion;25/132
Megaevoluzione;Scorbunny;26/132
Megaevoluzione;Raboot;27/132
Megaevoluzione;Cinderace;28/132
Megaevoluzione;Sizzlipede;29/132
Megaevoluzione;Centiskorch;30/132
Megaevoluzione;Chi;31/132
Megaevoluzione;Mantine;32/132
Megaevoluzione;Corphish;33/132
Megaevoluzione;Kyogre;34/132
Megaevoluzione;Snover;35/132
Megaevoluzione;Mega Abomasnow;36/132
Megaevoluzione;Clauncher;37/132
Megaevoluzione;Clawitzer;38/132
Megaevoluzione;Sobble;39/132
Megaevoluzione;Drizzile;40/132
Megaevoluzione;Inteleon;41/132
Megaevoluzione;Snom;42/132
Megaevoluzione;Frosmoth;43/132
Megaevoluzione;Eiscue;44/132
Megaevoluzione;Magnemite;45/132
Megaevoluzione;Magneton;46/132
Megaevoluzione;Magnezone;47/132
Megaevoluzione;Raikou;48/132
Megaevoluzione;Electrike;49/132
Megaevoluzione;Mega Manectric;50/132
Megaevoluzione;Pachirisu;51/132
Megaevoluzione;Helioptile;52/132
Megaevoluzione;Heliolisk;53/132
Megaevoluzione;Abra;54/132
Megaevoluzione;Kadabra;55/132
Megaevoluzione;Alakazam;56/132
Megaevoluzione;Jynx;57/132
Megaevoluzione;Ralts;58/132
Megaevoluzione;Kirlia;59/132
Megaevoluzione;Mega Gardevoir;60/132
Megaevoluzione;Shedinja;61/132
Megaevoluzione;Spoink;62/132
Megaevoluzione;Grumpig;63/132
Megaevoluzione;Xerneas;64/132
Megaevoluzione;Greavard;65/132
Megaevoluzione;Houndstone;66/132
Megaevoluzione;Gimmighoul;67/132
Megaevoluzione;Sandshrew;68/132
Megaevoluzione;Sandslash;69/132
Megaevoluzione;Onix;70/132
Megaevoluzione;Tyrogue;71/132
Megaevoluzione;Makuhita;72/132
Megaevoluzione;Hariyama;73/132
Megaevoluzione;Lunatone;74/132
Megaevoluzione;Solrock;75/132
Megaevoluzione;Riolu;76/132
Megaevoluzione;Mega Lucario;77/132
Megaevoluzione;Croagunk;78/132
Megaevoluzione;Toxicroak;79/132
Megaevoluzione;Marshadow;80/132
Megaevoluzione;Stonjourner;81/132
Megaevoluzione;Nacli;82/132
Megaevoluzione;Naclstack;83/132
Megaevoluzione;Garganacl;84/132
Megaevoluzione;Crawdaunt;85/132
Megaevoluzione;Mega Absol;86/132
Megaevoluzione;Spiritomb;87/132
Megaevoluzione;Yveltal;88/132
Megaevoluzione;Nickit;89/132
Megaevoluzione;Thievul;90/132
Megaevoluzione;Shroodle;91/132
Megaevoluzione;Grafaiai;92/132
Megaevoluzione;Steelix;93/132
Megaevoluzione;Mega Mawile;94/132
Megaevoluzione;Dialga;95/132
Megaevoluzione;Tinkatink;96/132
Megaevoluzione;Tinkatuff;97/132
Megaevoluzione;Tinkaton;98/132
Megaevoluzione;Gholdengo;99/132
Megaevoluzione;Mega Latias;100/132
Megaevoluzione;Latios;101/132
Megaevoluzione;Spearow;102/132
Megaevoluzione;Fearow;103/132
Megaevoluzione;Mega Kangaskhan;104/132
Megaevoluzione;Delibird;105/132
Megaevoluzione;Miltank;106/132
Megaevoluzione;Buneary;107/132
Megaevoluzione;Lopunny;108/132
Megaevoluzione;Yungoos;109/132
Megaevoluzione;Gumshoos;110/132
Megaevoluzione;Stufful;111/132
Megaevoluzione;Bewear;112/132
Megaevoluzione;Birichinata di Malpi;113/132
Megaevoluzione;Ordini del Capo (Ghecis);114/132
Megaevoluzione;Scambio di Energia;115/132
Megaevoluzione;Gong di Lotta;116/132
Megaevoluzione;Bosco della Vitalit�;117/132
Megaevoluzione;Difensore Ferreo;118/132
Megaevoluzione;Determinazione di Lylia;119/132
Megaevoluzione;Affare di Lt. Surge;120/132
Megaevoluzione;Megasegnale;121/132
Megaevoluzione;Giardino dei Misteri;122/132
Megaevoluzione;Addetta del Centro Pok�mon;123/132
Megaevoluzione;Potenza Premium Pro;124/132
Megaevoluzione;Caramella rara;125/132
Megaevoluzione;Repellente;126/132
Megaevoluzione;Rovine Insidiose;127/132
Megaevoluzione;Orologio Sospetto;128/132
Megaevoluzione;Spiaggia dei Surfisti;129/132
Megaevoluzione;Scambio;130/132
Megaevoluzione;Ultra Ball;131/132
Megaevoluzione;Compassione di Lino;132/132
Megaevoluzione;Bulbasaur;133/132
Megaevoluzione;Ivysaur;134/132
Megaevoluzione;Exeggutor;135/132
Megaevoluzione;Shuckle;136/132
Megaevoluzione;Ninjask;137/132
Megaevoluzione;Vulpix;138/132
Megaevoluzione;Litleo;139/132
Megaevoluzione;Snover;140/132
Megaevoluzione;Clawitzer;141/132
Megaevoluzione;Inteleon;142/132
Megaevoluzione;Helioptile;143/132
Megaevoluzione;Shedinja;144/132
Megaevoluzione;Houndstone;145/132
Megaevoluzione;Marshadow;146/132
Megaevoluzione;Garganacl;147/132
Megaevoluzione;Spiritomb;148/132
Megaevoluzione;Shroodle;149/132
Megaevoluzione;Steelix;150/132
Megaevoluzione;Spearow;151/132
Megaevoluzione;Delibird;152/132
Megaevoluzione;Gumshoos;153/132
Megaevoluzione;Stufful;154/132
Megaevoluzione;Mega Venusaur;155/132
Megaevoluzione;Mega Camerupt;156/132
Megaevoluzione;Mega Abomasnow;157/132
Megaevoluzione;Mega Manectric;158/132
Megaevoluzione;Mega Gardevoir;159/132
Megaevoluzione;Mega Lucario;160/132
Megaevoluzione;Mega Absol;161/132
Megaevoluzione;Mega Mawile;162/132
Megaevoluzione;Mega Latias;163/132
Megaevoluzione;Mega Kangaskhan;164/132
Megaevoluzione;Birichinata di Malpi;165/132
Megaevoluzione;Palloncino;166/132
Megaevoluzione;Poffin del Cuore;167/132
Megaevoluzione;Gong di Lotta;168/132
Megaevoluzione;Determinazione di Lylia;169/132
Megaevoluzione;Affare di Lt.Surge;170/132
Megaevoluzione;Megasegnale;171/132
Megaevoluzione;Giardino dei Misteri;172/132
Megaevoluzione;Barella Notturna;173/132
Megaevoluzione;Potenza Premium Pro;174/132
Megaevoluzione;Caramella Rara;175/132
Megaevoluzione;Compassione di Lino;176/132
Megaevoluzione;Mega Venusaur;177/132
Megaevoluzione;Mega Gardevoir;178/132
Megaevoluzione;Mega Lucario;179/132
Megaevoluzione;Mega Absol;180/132
Megaevoluzione;Mega Latias;181/132
Megaevoluzione;Mega Kangaskhan;182/132
Megaevoluzione;Birichinata di Malpi;183/132
Megaevoluzione;Determinazione di Lylia;184/132
Megaevoluzione;Affare di Lt. Surge;185/132
Megaevoluzione;Compassione di Lino;186/132
Megaevoluzione;Mega Gardevoir;187/132
Megaevoluzione;Mega Lucario;188/132
Neo Destiny;Dark Ampharos;1/105
Neo Destiny;Dark Crobat;2/105
Neo Destiny;Dark Donphan;3/105
Neo Destiny;Dark Espeon;4/105
Neo Destiny;Dark Feraligatr;5/105
Neo Destiny;Dark Gengar;6/105
Neo Destiny;Dark Houndoom;7/105
Neo Destiny;Dark Porygon2;8/105
Neo Destiny;Dark Scizor;9/105
Neo Destiny;Dark Typhlosion;10/105
Neo Destiny;Dark Tyranitar;11/105
Neo Destiny;Light Arcanine;12/105
Neo Destiny;Light Azumarill;13/105
Neo Destiny;Light Dragonite;14/105
Neo Destiny;Light Togetic;15/105
Neo Destiny;Energia Miracolosa;16/105
Neo Destiny;Dark Ariados;17/105
Neo Destiny;Dark Magcargo;18/105
Neo Destiny;Dark Omastar;19/105
Neo Destiny;Dark Slowking;20/105
Neo Destiny;Dark Ursaring;21/105
Neo Destiny;Light Dragonair;22/105
Neo Destiny;Light Lanturn;23/105
Neo Destiny;Light Ledian;24/105
Neo Destiny;Light Machamp;25/105
Neo Destiny;Light Piloswine;26/105
Neo Destiny;Unown G;27/105
Neo Destiny;Unown H;28/105
Neo Destiny;Unown W;29/105
Neo Destiny;Unown X;30/105
Neo Destiny;Chansey;31/105
Neo Destiny;Dark Croconaw;32/105
Neo Destiny;Dark Exeggutor;33/105
Neo Destiny;Dark Flaaffy;34/105
Neo Destiny;Dark Forretress;35/105
Neo Destiny;Dark Haunter;36/105
Neo Destiny;Dark Omanyte;37/105
Neo Destiny;Dark Pupitar;38/105
Neo Destiny;Dark Quilava;39/105
Neo Destiny;Dark Wigglytuff;40/105
Neo Destiny;Heracross;41/105
Neo Destiny;Hitmonlee;42/105
Neo Destiny;Houndour;43/105
Neo Destiny;Jigglypuff;44/105
Neo Destiny;Light Dewgong;45/105
Neo Destiny;Light Flareon;46/105
Neo Destiny;Light Golduck;47/105
Neo Destiny;Light Jolteon;48/105
Neo Destiny;Light Machoke;49/105
Neo Destiny;Light Ninetales;50/105
Neo Destiny;Light Slowbro;51/105
Neo Destiny;Light Vaporeon;52/105
Neo Destiny;Light Venomoth;53/105
Neo Destiny;Light Wigglytuff;54/105
Neo Destiny;Scyther;55/105
Neo Destiny;Togepi;56/105
Neo Destiny;Unown C;57/105
Neo Destiny;Unown P;58/105
Neo Destiny;Unown Q;59/105
Neo Destiny;Unown Z;60/105
Neo Destiny;Cyndaquil;61/105
Neo Destiny;Dark Octillery;62/105
Neo Destiny;Dratini;63/105
Neo Destiny;Exeggcute;64/105
Neo Destiny;Gastly;65/105
Neo Destiny;Girafarig;66/105
Neo Destiny;Gligar;67/105
Neo Destiny;Growlithe;68/105
Neo Destiny;Hitmonchan;69/105
Neo Destiny;Larvitar;70/105
Neo Destiny;Ledyba;71/105
Neo Destiny;Light Sunflora;72/105
Neo Destiny;Machop;73/105
Neo Destiny;Mantine;74/105
Neo Destiny;Mareep;75/105
Neo Destiny;Phanpy;76/105
Neo Destiny;Pineco;77/105
Neo Destiny;Porygon;78/105
Neo Destiny;Psyduck;79/105
Neo Destiny;Remoraid;80/105
Neo Destiny;Seel;81/105
Neo Destiny;Slugma;82/105
Neo Destiny;Sunkern;83/105
Neo Destiny;Swinub;84/105
Neo Destiny;Totodile;85/105
Neo Destiny;Unown L;86/105
Neo Destiny;Unown S;87/105
Neo Destiny;Unown T;88/105
Neo Destiny;Unown V;89/105
Neo Destiny;Venonat;90/105
Neo Destiny;Vulpix;91/105
Neo Destiny;Palestra di Terra Spaccata;92/105
Neo Destiny;Distribuzione di Esperienza;93/105
Neo Destiny;Invenzione del Professor Oak, l'Impostore;94/105
Neo Destiny;Torre Radio;95/105
Neo Destiny;Congegno Onda di Pensiero;96/105
Neo Destiny;Artigli Contrattaccanti;97/105
Neo Destiny;Amplifica Energia;98/105
Neo Destiny;Stadio Energia;99/105
Neo Destiny;Stadio Fortuna;100/105
Neo Destiny;Ingrandimento;101/105
Neo Destiny;Test di Personalit Pok mon;102/105
Neo Destiny;Azioni diaboliche del Team Rocket;103/105
Neo Destiny;Polvocura;104/105
Neo Destiny;Posta da Bill;105/105
Neo Destiny;Shining Celebi;106/105
Neo Destiny;Shining Charizard;107/105
Neo Destiny;Shining Kabutops;108/105
Neo Destiny;Shining Mewtwo;109/105
Neo Destiny;Shining Noctowl;110/105
Neo Destiny;Shining Raichu;111/105
Neo Destiny;Shining Steelix;112/105
Neo Destiny;Shining Tyranitar;113/105
Neo Discovery;Espeon;1/75
Neo Discovery;Forretress;2/75
Neo Discovery;Hitmontop;3/75
Neo Discovery;Houndoom;4/75
Neo Discovery;Houndour;5/75
Neo Discovery;Kabutops;6/75
Neo Discovery;Magnemite;7/75
Neo Discovery;Politoed;8/75
Neo Discovery;Poliwrath;9/75
Neo Discovery;Scizor;10/75
Neo Discovery;Smeargle;11/75
Neo Discovery;Tyranitar;12/75
Neo Discovery;Umbreon;13/75
Neo Discovery;Unown A;14/75
Neo Discovery;Ursaring;15/75
Neo Discovery;Wobbuffet;16/75
Neo Discovery;Yanma;17/75
Neo Discovery;Beedrill;18/75
Neo Discovery;Butterfree;19/75
Neo Discovery;Espeon;20/75
Neo Discovery;Forretress;21/75
Neo Discovery;Hitmontop;22/75
Neo Discovery;Houndoom;23/75
Neo Discovery;Houndour;24/75
Neo Discovery;Kabutops;25/75
Neo Discovery;Magnemite;26/75
Neo Discovery;Politoed;27/75
Neo Discovery;Poliwrath;28/75
Neo Discovery;Scizor;29/75
Neo Discovery;Smeargle;30/75
Neo Discovery;Tyranitar;31/75
Neo Discovery;Umbreon;32/75
Neo Discovery;Unown A;33/75
Neo Discovery;Ursaring;34/75
Neo Discovery;Wobbuffet;35/75
Neo Discovery;Yanma;36/75
Neo Discovery;Corsola;37/75
Neo Discovery;Eevee;38/75
Neo Discovery;Houndour;39/75
Neo Discovery;Igglybuff;40/75
Neo Discovery;Kakuna;41/75
Neo Discovery;Metapod;42/75
Neo Discovery;Omastar;43/75
Neo Discovery;Poliwhirl;44/75
Neo Discovery;Pupitar;45/75
Neo Discovery;Scyther;46/75
Neo Discovery;Unown D;47/75
Neo Discovery;Unown F;48/75
Neo Discovery;Unown M;49/75
Neo Discovery;Unown N;50/75
Neo Discovery;Unown U;51/75
Neo Discovery;Xatu;52/75
Neo Discovery;Caterpie;53/75
Neo Discovery;Dunsparce;54/75
Neo Discovery;Hoppip;55/75
Neo Discovery;Kabuto;56/75
Neo Discovery;Larvitar;57/75
Neo Discovery;Mareep;58/75
Neo Discovery;Natu;59/75
Neo Discovery;Omanyte;60/75
Neo Discovery;Pineco;61/75
Neo Discovery;Poliwag;62/75
Neo Discovery;Sentret;63/75
Neo Discovery;Spinarak;64/75
Neo Discovery;Teddiursa;65/75
Neo Discovery;Tyrogue;66/75
Neo Discovery;Unown E;67/75
Neo Discovery;Unown I;68/75
Neo Discovery;Unown O;69/75
Neo Discovery;Weedle;70/75
Neo Discovery;Wooper;71/75
Neo Discovery;Uovo Fossile;72/75
Neo Discovery;Iper Getto d'Involuzione;73/75
Neo Discovery;Muro Pericolante;74/75
Neo Discovery;Energia dell'Arca;75/75
Neo Genesis;Ampharos;1/111
Neo Genesis;Azumarill;2/111
Neo Genesis;Bellossom;3/111
Neo Genesis;Feraligatr;4/111
Neo Genesis;Feraligatr;5/111
Neo Genesis;Heracross;6/111
Neo Genesis;Jumpluff;7/111
Neo Genesis;Kingdra;8/111
Neo Genesis;Lugia;9/111
Neo Genesis;Meganium;10/111
Neo Genesis;Meganium;11/111
Neo Genesis;Pichu;12/111
Neo Genesis;Skarmory;13/111
Neo Genesis;Slowking;14/111
Neo Genesis;Steelix;15/111
Neo Genesis;Togetic;16/111
Neo Genesis;Typhlosion;17/111
Neo Genesis;Typhlosion;18/111
Neo Genesis;Energia Metallo;19/111
Neo Genesis;Cleffa;20/111
Neo Genesis;Donphan;21/111
Neo Genesis;Elekid;22/111
Neo Genesis;Magby;23/111
Neo Genesis;Murkrow;24/111
Neo Genesis;Sneasel;25/111
Neo Genesis;Aipom;26/111
Neo Genesis;Ariados;27/111
Neo Genesis;Bayleef;28/111
Neo Genesis;Bayleef;29/111
Neo Genesis;Clefairy;30/111
Neo Genesis;Croconaw;31/111
Neo Genesis;Croconaw;32/111
Neo Genesis;Electabuzz;33/111
Neo Genesis;Flaaffy;34/111
Neo Genesis;Furret;35/111
Neo Genesis;Gloom;36/111
Neo Genesis;Granbull;37/111
Neo Genesis;Lanturn;38/111
Neo Genesis;Ledian;39/111
Neo Genesis;Magmar;40/111
Neo Genesis;Miltank;41/111
Neo Genesis;Noctowl;42/111
Neo Genesis;Phanpy;43/111
Neo Genesis;Piloswine;44/111
Neo Genesis;Quagsire;45/111
Neo Genesis;Quilava;46/111
Neo Genesis;Quilava;47/111
Neo Genesis;Seadra;48/111
Neo Genesis;Skiploom;49/111
Neo Genesis;Sunflora;50/111
Neo Genesis;Togepi;51/111
Neo Genesis;Xatu;52/111
Neo Genesis;Chikorita;53/111
Neo Genesis;Chikorita;54/111
Neo Genesis;Chinchou;55/111
Neo Genesis;Cyndaquil;56/111
Neo Genesis;Cyndaquil;57/111
Neo Genesis;Girafarig;58/111
Neo Genesis;Gligar;59/111
Neo Genesis;Hoothoot;60/111
Neo Genesis;Hoppip;61/111
Neo Genesis;Horsea;62/111
Neo Genesis;Ledyba;63/111
Neo Genesis;Mantine;64/111
Neo Genesis;Mareep;65/111
Neo Genesis;Marill;66/111
Neo Genesis;Natu;67/111
Neo Genesis;Oddish;68/111
Neo Genesis;Onix;69/111
Neo Genesis;Pikachu;70/111
Neo Genesis;Sentret;71/111
Neo Genesis;Shuckle;72/111
Neo Genesis;Slowpoke;73/111
Neo Genesis;Snubbull;74/111
Neo Genesis;Spinarak;75/111
Neo Genesis;Stantler;76/111
Neo Genesis;Sudowoodo;77/111
Neo Genesis;Sunkern;78/111
Neo Genesis;Swinub;79/111
Neo Genesis;Totodile;80/111
Neo Genesis;Totodile;81/111
Neo Genesis;Wooper;82/111
Neo Genesis;Gioco Arcade;83/111
Neo Genesis;Ecopalestra;84/111
Neo Genesis;Carica Energia;85/111
Neo Genesis;Bandana;86/111
Neo Genesis;Lori;87/111
Neo Genesis;Pok Gear;88/111
Neo Genesis;Super Recupero di Energia;89/111
Neo Genesis;Capsula del Tempo;90/111
Neo Genesis;Teletrasporto di Bill;91/111
Neo Genesis;Gioco Scopri;92/111
Neo Genesis;Bacca Oro;93/111
Neo Genesis;Bacca Miracolosa;94/111
Neo Genesis;Nuovo Pok dex;95/111
Neo Genesis;Professor Elm;96/111
Neo Genesis;Torre Sprout;97/111
Neo Genesis;Super Recupero;98/111
Neo Genesis;Bacca;99/111
Neo Genesis;Doppia Folata;100/111
Neo Genesis;Latte Mumu;101/111
Neo Genesis;Marcia Pok mon;102/111
Neo Genesis;Super Rod;103/111
Neo Genesis;Energia Oscurit;104/111
Neo Genesis;Energia Riciclo;105/111
Neo Genesis;Energia Combattimento;106/111
Neo Genesis;Energia Fuoco;107/111
Neo Genesis;Energia Erba;108/111
Neo Genesis;Energia Lampo;109/111
Neo Genesis;Energia Psiche;110/111
Neo Genesis;Energia Acqua;111/111
Neo Revelation;Ampharos;1/64
Neo Revelation;Blissey;2/64
Neo Revelation;Celebi;3/64
Neo Revelation;Crobat;4/64
Neo Revelation;Delibird;5/64
Neo Revelation;Entei;6/64
Neo Revelation;Ho;7/64
Neo Revelation;Houndoom;8/64
Neo Revelation;Jumpluff;9/64
Neo Revelation;Magneton;10/64
Neo Revelation;Misdreavus;11/64
Neo Revelation;Porygon2;12/64
Neo Revelation;Raikou;13/64
Neo Revelation;Suicune;14/64
Neo Revelation;Aerodactyl;15/64
Neo Revelation;Celebi;16/64
Neo Revelation;Entei;17/64
Neo Revelation;Ho;18/64
Neo Revelation;Kingdra;19/64
Neo Revelation;Lugia;20/64
Neo Revelation;Raichu;21/64
Neo Revelation;Raikou;22/64
Neo Revelation;Skarmory;23/64
Neo Revelation;Sneasel;24/64
Neo Revelation;Starmie;25/64
Neo Revelation;Sudowoodo;26/64
Neo Revelation;Suicune;27/64
Neo Revelation;Flaaffy;28/64
Neo Revelation;Golbat;29/64
Neo Revelation;Graveler;30/64
Neo Revelation;Jynx;31/64
Neo Revelation;Lanturn;32/64
Neo Revelation;Magcargo;33/64
Neo Revelation;Octillery;34/64
Neo Revelation;Parasect;35/64
Neo Revelation;Piloswine;36/64
Neo Revelation;Seaking;37/64
Neo Revelation;Stantler;38/64
Neo Revelation;Unown B;39/64
Neo Revelation;Unown Y;40/64
Neo Revelation;Aipom;41/64
Neo Revelation;Chinchou;42/64
Neo Revelation;Farfetch'd;43/64
Neo Revelation;Geodude;44/64
Neo Revelation;Goldeen;45/64
Neo Revelation;Murkrow;46/64
Neo Revelation;Paras;47/64
Neo Revelation;Quagsire;48/64
Neo Revelation;Qwilfish;49/64
Neo Revelation;Remoraid;50/64
Neo Revelation;Shuckle;51/64
Neo Revelation;Skiploom;52/64
Neo Revelation;Slugma;53/64
Neo Revelation;Smoochum;54/64
Neo Revelation;Snubbull;55/64
Neo Revelation;Staryu;56/64
Neo Revelation;Swinub;57/64
Neo Revelation;Unown K;58/64
Neo Revelation;Zubat;59/64
Neo Revelation;Bacca Pallone;60/64
Neo Revelation;Campo di Cura;61/64
Neo Revelation;Campi di Allevamento Pok mon;62/64
Neo Revelation;Rifugio Rocket;63/64
Neo Revelation;Amo Vecchio;64/64
Neo Revelation;Shining Gyarados;65/64
Neo Revelation;Shining Magikarp;66/64
Nero e Bianco;Snivy;1/114
Nero e Bianco;Snivy;2/114
Nero e Bianco;Servine;3/114
Nero e Bianco;Servine;4/114
Nero e Bianco;Serperior;5/114
Nero e Bianco;Serperior;6/114
Nero e Bianco;Pansage;7/114
Nero e Bianco;Simisage;8/114
Nero e Bianco;Petilil;9/114
Nero e Bianco;Lilligant;10/114
Nero e Bianco;Maractus;11/114
Nero e Bianco;Maractus;12/114
Nero e Bianco;Deerling;13/114
Nero e Bianco;Sawsbuck;14/114
Nero e Bianco;Tepig;15/114
Nero e Bianco;Tepig;16/114
Nero e Bianco;Pignite;17/114
Nero e Bianco;Pignite;18/114
Nero e Bianco;Emboar;19/114
Nero e Bianco;Emboar;20/114
Nero e Bianco;Pansear;21/114
Nero e Bianco;Simisear;22/114
Nero e Bianco;Darumaka;23/114
Nero e Bianco;Darumaka;24/114
Nero e Bianco;Darmanitan;25/114
Nero e Bianco;Reshiram;26/114
Nero e Bianco;Oshawott;27/114
Nero e Bianco;Oshawott;28/114
Nero e Bianco;Dewott;29/114
Nero e Bianco;Dewott;30/114
Nero e Bianco;Samurott;31/114
Nero e Bianco;Samurott;32/114
Nero e Bianco;Panpour;33/114
Nero e Bianco;Simipour;34/114
Nero e Bianco;Basculin;35/114
Nero e Bianco;Ducklett;36/114
Nero e Bianco;Swanna;37/114
Nero e Bianco;Alomomola;38/114
Nero e Bianco;Alomomola;39/114
Nero e Bianco;Blitzle;40/114
Nero e Bianco;Blitzle;41/114
Nero e Bianco;Zebstrika;42/114
Nero e Bianco;Zebstrika;43/114
Nero e Bianco;Joltik;44/114
Nero e Bianco;Joltik;45/114
Nero e Bianco;Galvantula;46/114
Nero e Bianco;Zekrom;47/114
Nero e Bianco;Munna;48/114
Nero e Bianco;Musharna;49/114
Nero e Bianco;Woobat;50/114
Nero e Bianco;Swoobat;51/114
Nero e Bianco;Venipede;52/114
Nero e Bianco;Whirlipede;53/114
Nero e Bianco;Scolipede;54/114
Nero e Bianco;Solosis;55/114
Nero e Bianco;Duosion;56/114
Nero e Bianco;Reuniclus;57/114
Nero e Bianco;Timburr;58/114
Nero e Bianco;Timburr;59/114
Nero e Bianco;Gurdurr;60/114
Nero e Bianco;Throh;61/114
Nero e Bianco;Sawk;62/114
Nero e Bianco;Sandile;63/114
Nero e Bianco;Krokorok;64/114
Nero e Bianco;Krookodile;65/114
Nero e Bianco;Purrloin;66/114
Nero e Bianco;Liepard;67/114
Nero e Bianco;Scraggy;68/114
Nero e Bianco;Scrafty;69/114
Nero e Bianco;Zorua;70/114
Nero e Bianco;Zoroark;71/114
Nero e Bianco;Vullaby;72/114
Nero e Bianco;Mandibuzz;73/114
Nero e Bianco;Klink;74/114
Nero e Bianco;Klang;75/114
Nero e Bianco;Klinklang;76/114
Nero e Bianco;Patrat;77/114
Nero e Bianco;Patrat;78/114
Nero e Bianco;Watchog;79/114
Nero e Bianco;Lillipup;80/114
Nero e Bianco;Lillipup;81/114
Nero e Bianco;Herdier;82/114
Nero e Bianco;Stoutland;83/114
Nero e Bianco;Pidove;84/114
Nero e Bianco;Tranquill;85/114
Nero e Bianco;Unfezant;86/114
Nero e Bianco;Audino;87/114
Nero e Bianco;Minccino;88/114
Nero e Bianco;Cinccino;89/114
Nero e Bianco;Bouffalant;90/114
Nero e Bianco;Bouffalant;91/114
Nero e Bianco;Recupero di Energia;92/114
Nero e Bianco;Ricerca di Energia;93/114
Nero e Bianco;Scambio di Energia;94/114
Nero e Bianco;Recupero Totale;95/114
Nero e Bianco;PlusPotenza;96/114
Nero e Bianco;Pok Ball;97/114
Nero e Bianco;Pok dex;98/114
Nero e Bianco;Comunicazione Pok mon;99/114
Nero e Bianco;Pozione;100/114
Nero e Bianco;Prof.ssa Aralia;101/114
Nero e Bianco;Revitalizzante;102/114
Nero e Bianco;Super Recupero;103/114
Nero e Bianco;Scambio;104/114
Nero e Bianco;Energia Erba;105/114
Nero e Bianco;Energia Fuoco;106/114
Nero e Bianco;Energia Acqua;107/114
Nero e Bianco;Energia Lampo;108/114
Nero e Bianco;Energia Psiche;109/114
Nero e Bianco;Energia Combattimento;110/114
Nero e Bianco;Energia Oscurit;111/114
Nero e Bianco;Energia Metallo;112/114
Nero e Bianco;Reshiram;113/114
Nero e Bianco;Zekrom;114/114
Nero e Bianco;Pikachu;115/114
Nuove Forze;Pansage;1/98
Nuove Forze;Simisage;2/98
Nuove Forze;Sewaddle;3/98
Nuove Forze;Sewaddle;4/98
Nuove Forze;Swadloon;5/98
Nuove Forze;Swadloon;6/98
Nuove Forze;Leavanny;7/98
Nuove Forze;Leavanny;8/98
Nuove Forze;Cottonee;9/98
Nuove Forze;Cottonee;10/98
Nuove Forze;Whimsicott;11/98
Nuove Forze;Whimsicott;12/98
Nuove Forze;Petilil;13/98
Nuove Forze;Lilligant;14/98
Nuove Forze;Deerling;15/98
Nuove Forze;Sawsbuck;16/98
Nuove Forze;Virizion;17/98
Nuove Forze;Pansear;18/98
Nuove Forze;Simisear;19/98
Nuove Forze;Darumaka;20/98
Nuove Forze;Darmanitan;21/98
Nuove Forze;Panpour;22/98
Nuove Forze;Simipour;23/98
Nuove Forze;Basculin;24/98
Nuove Forze;Basculin;25/98
Nuove Forze;Ducklett;26/98
Nuove Forze;Swanna;27/98
Nuove Forze;Cubchoo;28/98
Nuove Forze;Cubchoo;29/98
Nuove Forze;Beartic;30/98
Nuove Forze;Beartic;31/98
Nuove Forze;Emolga;32/98
Nuove Forze;Joltik;33/98
Nuove Forze;Galvantula;34/98
Nuove Forze;Thundurus;35/98
Nuove Forze;Woobat;36/98
Nuove Forze;Swoobat;37/98
Nuove Forze;Venipede;38/98
Nuove Forze;Whirlipede;39/98
Nuove Forze;Scolipede;40/98
Nuove Forze;Sigilyph;41/98
Nuove Forze;Sigilyph;42/98
Nuove Forze;Gothita;43/98
Nuove Forze;Gothita;44/98
Nuove Forze;Gothorita;45/98
Nuove Forze;Gothorita;46/98
Nuove Forze;Gothitelle;47/98
Nuove Forze;Gothitelle;48/98
Nuove Forze;Roggenrola;49/98
Nuove Forze;Roggenrola;50/98
Nuove Forze;Boldore;51/98
Nuove Forze;Boldore;52/98
Nuove Forze;Gigalith;53/98
Nuove Forze;Drilbur;54/98
Nuove Forze;Drilbur;55/98
Nuove Forze;Excadrill;56/98
Nuove Forze;Excadrill;57/98
Nuove Forze;Throh;58/98
Nuove Forze;Sawk;59/98
Nuove Forze;Sandile;60/98
Nuove Forze;Krokorok;61/98
Nuove Forze;Krookodile;62/98
Nuove Forze;Terrakion;63/98
Nuove Forze;Purrloin;64/98
Nuove Forze;Liepard;65/98
Nuove Forze;Zorua;66/98
Nuove Forze;Zoroark;67/98
Nuove Forze;Vullaby;68/98
Nuove Forze;Mandibuzz;69/98
Nuove Forze;Ferroseed;70/98
Nuove Forze;Ferroseed;71/98
Nuove Forze;Ferrothorn;72/98
Nuove Forze;Ferrothorn;73/98
Nuove Forze;Klink;74/98
Nuove Forze;Klang;75/98
Nuove Forze;Klinklang;76/98
Nuove Forze;Cobalion;77/98
Nuove Forze;Patrat;78/98
Nuove Forze;Watchog;79/98
Nuove Forze;Pidove;80/98
Nuove Forze;Tranquill;81/98
Nuove Forze;Unfezant;82/98
Nuove Forze;Audino;83/98
Nuove Forze;Minccino;84/98
Nuove Forze;Cinccino;85/98
Nuove Forze;Rufflet;86/98
Nuove Forze;Rufflet;87/98
Nuove Forze;Braviary;88/98
Nuove Forze;Tornadus;89/98
Nuove Forze;Belle;90/98
Nuove Forze;Komor;91/98
Nuove Forze;Martello Dirompente;92/98
Nuove Forze;Mega Ball;93/98
Nuove Forze;Pozione Max;94/98
Nuove Forze;Acchiappa;95/98
Nuove Forze;Riciclo;96/98
Nuove Forze;Thundurus;97/98
Nuove Forze;Tornadus;98/98
Ombre Infuocate;Caterpie;1/147
Ombre Infuocate;Metapod;2/147
Ombre Infuocate;Butterfree;3/147
Ombre Infuocate;Oddish;4/147
Ombre Infuocate;Gloom;5/147
Ombre Infuocate;Vileplume;6/147
Ombre Infuocate;Tangela;7/147
Ombre Infuocate;Tangrowth;8/147
Ombre Infuocate;Ledyba;9/147
Ombre Infuocate;Ledian;10/147
Ombre Infuocate;Heracross;11/147
Ombre Infuocate;Pansage;12/147
Ombre Infuocate;Simisage;13/147
Ombre Infuocate;Dewpider;14/147
Ombre Infuocate;Araquanid;15/147
Ombre Infuocate;Wimpod;16/147
Ombre Infuocate;Golisopod gx;17/147
Ombre Infuocate;Charmander;18/147
Ombre Infuocate;Charmeleon;19/147
Ombre Infuocate;Charizard gx;20/147
Ombre Infuocate;Ho;21/147
Ombre Infuocate;Pansear;22/147
Ombre Infuocate;Simisear;23/147
Ombre Infuocate;Heatmor;24/147
Ombre Infuocate;Salazzle gx;25/147
Ombre Infuocate;Turtonator;26/147
Ombre Infuocate;Vulpix di Alola;27/147
Ombre Infuocate;Ninetales di Alola;28/147
Ombre Infuocate;Horsea;29/147
Ombre Infuocate;Seadra;30/147
Ombre Infuocate;Kingdra;31/147
Ombre Infuocate;Magikarp;32/147
Ombre Infuocate;Gyarados;33/147
Ombre Infuocate;Marill;34/147
Ombre Infuocate;Azumarill;35/147
Ombre Infuocate;Panpour;36/147
Ombre Infuocate;Simipour;37/147
Ombre Infuocate;Bruxish;38/147
Ombre Infuocate;Tapu Fini gx;39/147
Ombre Infuocate;Pikachu;40/147
Ombre Infuocate;Raichu;41/147
Ombre Infuocate;Electabuzz;42/147
Ombre Infuocate;Electivire;43/147
Ombre Infuocate;Tynamo;44/147
Ombre Infuocate;Eelektrik;45/147
Ombre Infuocate;Eelektross;46/147
Ombre Infuocate;Togedemaru;47/147
Ombre Infuocate;Slowking;48/147
Ombre Infuocate;Wobbuffet;49/147
Ombre Infuocate;Seviper;50/147
Ombre Infuocate;Duskull;51/147
Ombre Infuocate;Dusclops;52/147
Ombre Infuocate;Dusknoir;53/147
Ombre Infuocate;Croagunk;54/147
Ombre Infuocate;Toxicroak;55/147
Ombre Infuocate;Venipede;56/147
Ombre Infuocate;Whirlipede;57/147
Ombre Infuocate;Scolipede;58/147
Ombre Infuocate;Espurr;59/147
Ombre Infuocate;Meowstic;60/147
Ombre Infuocate;Sandygast;61/147
Ombre Infuocate;Palossand;62/147
Ombre Infuocate;Necrozma gx;63/147
Ombre Infuocate;Machamp gx;64/147
Ombre Infuocate;Rhyhorn;65/147
Ombre Infuocate;Rhydon;66/147
Ombre Infuocate;Rhyperior;67/147
Ombre Infuocate;Lunatone;68/147
Ombre Infuocate;Solrock;69/147
Ombre Infuocate;Riolu;70/147
Ombre Infuocate;Lucario;71/147
Ombre Infuocate;Sawk;72/147
Ombre Infuocate;Crabrawler;73/147
Ombre Infuocate;Crabominable;74/147
Ombre Infuocate;Lycanroc;75/147
Ombre Infuocate;Lycanroc;76/147
Ombre Infuocate;Mudbray;77/147
Ombre Infuocate;Mudsdale;78/147
Ombre Infuocate;Passimian;79/147
Ombre Infuocate;Marshadow gx;80/147
Ombre Infuocate;Rattata di Alola;81/147
Ombre Infuocate;Raticate di Alola;82/147
Ombre Infuocate;Grimer di Alola;83/147
Ombre Infuocate;Muk di Alola gx;84/147
Ombre Infuocate;Sneasel;85/147
Ombre Infuocate;Weavile;86/147
Ombre Infuocate;Darkrai;87/147
Ombre Infuocate;Darkrai gx;88/147
Ombre Infuocate;Inkay;89/147
Ombre Infuocate;Malamar;90/147
Ombre Infuocate;Ralts;91/147
Ombre Infuocate;Kirlia;92/147
Ombre Infuocate;Gardevoir gx;93/147
Ombre Infuocate;Diancie;94/147
Ombre Infuocate;Cutiefly;95/147
Ombre Infuocate;Ribombee;96/147
Ombre Infuocate;Morelull;97/147
Ombre Infuocate;Shiinotic;98/147
Ombre Infuocate;Noivern gx;99/147
Ombre Infuocate;Zygarde;100/147
Ombre Infuocate;Meowth;101/147
Ombre Infuocate;Persian;102/147
Ombre Infuocate;Porygon;103/147
Ombre Infuocate;Porygon2;104/147
Ombre Infuocate;Porygon;105/147
Ombre Infuocate;Hoothoot;106/147
Ombre Infuocate;Noctowl;107/147
Ombre Infuocate;Bouffalant;108/147
Ombre Infuocate;Noibat;109/147
Ombre Infuocate;Stufful;110/147
Ombre Infuocate;Bewear;111/147
Ombre Infuocate;Malpi;112/147
Ombre Infuocate;Manubri del Culturista;113/147
Ombre Infuocate;Fune di Fuga;114/147
Ombre Infuocate;Guzman;115/147
Ombre Infuocate;Kawe;116/147
Ombre Infuocate;Suiren;117/147
Ombre Infuocate;Monte Lanakila;118/147
Ombre Infuocate;Alyxia;119/147
Ombre Infuocate;Plumeria;120/147
Ombre Infuocate;Poh;121/147
Ombre Infuocate;Pok dex Rotom;122/147
Ombre Infuocate;Chrys;123/147
Ombre Infuocate;Super Recupero;124/147
Ombre Infuocate;Spray Attaccabrighe;125/147
Ombre Infuocate;Vulneropolizza;126/147
Ombre Infuocate;Ciceria;127/147
Ombre Infuocate;Testimone della Speranza;128/147
Ombre Infuocate;Golisopod gx;129/147
Ombre Infuocate;Tapu Bulu gx;130/147
Ombre Infuocate;Ho;131/147
Ombre Infuocate;Salazzle gx;132/147
Ombre Infuocate;Tapu Fini gx;133/147
Ombre Infuocate;Necrozma gx;134/147
Ombre Infuocate;Machamp gx;135/147
Ombre Infuocate;Lycanroc gx;136/147
Ombre Infuocate;Marshadow gx;137/147
Ombre Infuocate;Muk di Alola gx;138/147
Ombre Infuocate;Darkrai gx;139/147
Ombre Infuocate;Gardevoir gx;140/147
Ombre Infuocate;Noivern gx;141/147
Ombre Infuocate;Malpi;142/147
Ombre Infuocate;Guzman;143/147
Ombre Infuocate;Kawe;144/147
Ombre Infuocate;Plumeria;145/147
Ombre Infuocate;Chrys;146/147
Ombre Infuocate;Ciceria;147/147
Ombre Infuocate;Golisopod gx;148/147
Ombre Infuocate;Tapu Bulu gx;149/147
Ombre Infuocate;Charizard gx;150/147
Ombre Infuocate;Salazzle gx;151/147
Ombre Infuocate;Tapu Fini gx;152/147
Ombre Infuocate;Necrozma gx;153/147
Ombre Infuocate;Machamp gx;154/147
Ombre Infuocate;Lycanroc gx;155/147
Ombre Infuocate;Marshadow gx;156/147
Ombre Infuocate;Muk di Alola gx;157/147
Ombre Infuocate;Darkrai gx;158/147
Ombre Infuocate;Gardevoir gx;159/147
Ombre Infuocate;Noivern gx;160/147
Ombre Infuocate;Manubri del Culturista;161/147
Ombre Infuocate;Bendascelta;162/147
Ombre Infuocate;Fune di Fuga;163/147
Ombre Infuocate;Scambio Multiplo;164/147
Ombre Infuocate;Barella;165/147
Ombre Infuocate;Super Recupero;166/147
Ombre Infuocate;Energia Fuoco;167/147
Ombre Infuocate;Energia Oscurit;168/147
Ombre Infuocate;Energia Folletto;169/147
Origine Perduta;Oddish;1/196
Origine Perduta;Gloom;2/196
Origine Perduta;Vileplume;3/196
Origine Perduta;Paras;4/196
Origine Perduta;Parasect;5/196
Origine Perduta;Wurmple;6/196
Origine Perduta;Silcoon;7/196
Origine Perduta;Beautifly;8/196
Origine Perduta;Cascoon;9/196
Origine Perduta;Dustox;10/196
Origine Perduta;Seedot;11/196
Origine Perduta;Nuzleaf;12/196
Origine Perduta;Shiftry;13/196
Origine Perduta;Roselia;14/196
Origine Perduta;Roserade;15/196
Origine Perduta;Phantump;16/196
Origine Perduta;Trevenant;17/196
Origine Perduta;Blipbug;18/196
Origine Perduta;Dottler;19/196
Origine Perduta;Orbeetle;20/196
Origine Perduta;Slugma;21/196
Origine Perduta;Magcargo;22/196
Origine Perduta;Torkoal;23/196
Origine Perduta;Litwick;24/196
Origine Perduta;Lampent;25/196
Origine Perduta;Chandelure;26/196
Origine Perduta;Delphox;27/196
Origine Perduta;Litleo;28/196
Origine Perduta;Pyroar;29/196
Origine Perduta;Poliwag;30/196
Origine Perduta;Poliwhirl;31/196
Origine Perduta;Politoed;32/196
Origine Perduta;Seel;33/196
Origine Perduta;Dewgong;34/196
Origine Perduta;Horsea;35/196
Origine Perduta;Seadra;36/196
Origine Perduta;Kingdra;37/196
Origine Perduta;Luvdisc;38/196
Origine Perduta;Shellos;39/196
Origine Perduta;Finneon;40/196
Origine Perduta;Lumineon;41/196
Origine Perduta;Snover;42/196
Origine Perduta;Abomasnow;43/196
Origine Perduta;Basculin di Hisui;44/196
Origine Perduta;Basculegion di Hisui;45/196
Origine Perduta;Ducklett;46/196
Origine Perduta;Swanna;47/196
Origine Perduta;Kyurem;48/196
Origine Perduta;Kyurem;49/196
Origine Perduta;Cramorant;50/196
Origine Perduta;Glastrier;51/196
Origine Perduta;Pikachu;52/196
Origine Perduta;Raichu;53/196
Origine Perduta;Electrike;54/196
Origine Perduta;Manectric;55/196
Origine Perduta;Magnezone;56/196
Origine Perduta;Magnezone;57/196
Origine Perduta;Rotom;58/196
Origine Perduta;Tynamo;59/196
Origine Perduta;Eelektrik;60/196
Origine Perduta;Eelektross;61/196
Origine Perduta;Clefairy;62/196
Origine Perduta;Clefable;63/196
Origine Perduta;Gastly;64/196
Origine Perduta;Haunter;65/196
Origine Perduta;Gengar;66/196
Origine Perduta;Mr. Mime;67/196
Origine Perduta;Jynx;68/196
Origine Perduta;Gardevoir Lucente;69/196
Origine Perduta;Sableye;70/196
Origine Perduta;Mawile;71/196
Origine Perduta;Shuppet;72/196
Origine Perduta;Banette;73/196
Origine Perduta;Cresselia;74/196
Origine Perduta;Zorua di Hisui;75/196
Origine Perduta;Zoroark di Hisui;76/196
Origine Perduta;Inkay;77/196
Origine Perduta;Malamar;78/196
Origine Perduta;Comfey;79/196
Origine Perduta;Mimikyu;80/196
Origine Perduta;Spectrier;81/196
Origine Perduta;Enamorus;82/196
Origine Perduta;Growlithe di Hisui;83/196
Origine Perduta;Arcanine di Hisui;84/196
Origine Perduta;Poliwrath;85/196
Origine Perduta;Machop;86/196
Origine Perduta;Machoke;87/196
Origine Perduta;Machamp;88/196
Origine Perduta;Rhyhorn;89/196
Origine Perduta;Rhydon;90/196
Origine Perduta;Rhyperior;91/196
Origine Perduta;Aerodactyl;92/196
Origine Perduta;Aerodactyl;93/196
Origine Perduta;Sudowoodo;94/196
Origine Perduta;Gligar;95/196
Origine Perduta;Gliscor;96/196
Origine Perduta;Makuhita;97/196
Origine Perduta;Hariyama;98/196
Origine Perduta;Meditite;99/196
Origine Perduta;Medicham;100/196
Origine Perduta;Relicanth;101/196
Origine Perduta;Gastrodon;102/196
Origine Perduta;Mienfoo;103/196
Origine Perduta;Mienshao;104/196
Origine Perduta;Landorus;105/196
Origine Perduta;Binacle;106/196
Origine Perduta;Barbaracle;107/196
Origine Perduta;Carbink;108/196
Origine Perduta;Rockruff;109/196
Origine Perduta;Falinks;110/196
Origine Perduta;Stonjourner;111/196
Origine Perduta;Spinarak;112/196
Origine Perduta;Ariados;113/196
Origine Perduta;Murkrow;114/196
Origine Perduta;Honchkrow;115/196
Origine Perduta;Seviper;116/196
Origine Perduta;Spiritomb;117/196
Origine Perduta;Drapion;118/196
Origine Perduta;Drapion;119/196
Origine Perduta;Darkrai;120/196
Origine Perduta;Inkay;121/196
Origine Perduta;Hoopa;122/196
Origine Perduta;Sneasler di Hisui Lucente;123/196
Origine Perduta;Steelix Lucente;124/196
Origine Perduta;Bronzor;125/196
Origine Perduta;Bronzong;126/196
Origine Perduta;Stunfisk di Galar;127/196
Origine Perduta;Magearna;128/196
Origine Perduta;Perrserker di Galar;129/196
Origine Perduta;Giratina;130/196
Origine Perduta;Giratina;131/196
Origine Perduta;Goomy;132/196
Origine Perduta;Sliggoo di Hisui;133/196
Origine Perduta;Goodra di Hisui;134/196
Origine Perduta;Goodra di Hisui;135/196
Origine Perduta;Goodra di Hisui;136/196
Origine Perduta;Pidgeot;137/196
Origine Perduta;Lickitung;138/196
Origine Perduta;Lickilicky;139/196
Origine Perduta;Porygon;140/196
Origine Perduta;Porygon2;141/196
Origine Perduta;Porygon;142/196
Origine Perduta;Snorlax;143/196
Origine Perduta;Aipom;144/196
Origine Perduta;Ambipom;145/196
Origine Perduta;Zoroark di Hisui;146/196
Origine Perduta;Zoroark di Hisui;147/196
Origine Perduta;Bouffalant;148/196
Origine Perduta;Komala;149/196
Origine Perduta;Skwovet;150/196
Origine Perduta;Greedent;151/196
Origine Perduta;Arceusphone;152/196
Origine Perduta;Maru;153/196
Origine Perduta;Scatola del Disastro;154/196
Origine Perduta;Esperimento di Acromio;155/196
Origine Perduta;Pompadanni;156/196
Origine Perduta;Fannie;157/196
Origine Perduta;Sinen;158/196
Origine Perduta;Lady;159/196
Origine Perduta;Acutezza Lacustre;160/196
Origine Perduta;Citt Perduta;161/196
Origine Perduta;Aspiratore Perduto;162/196
Origine Perduta;Portalemiraggio;163/196
Origine Perduta;Sorelle Florido;164/196
Origine Perduta;Maschera di Panico;165/196
Origine Perduta;Marisio;166/196
Origine Perduta;Spino;167/196
Origine Perduta;Cassetta degli Attrezzi;168/196
Origine Perduta;Ethelo;169/196
Origine Perduta;Braccio Caricato;170/196
Origine Perduta;Energia Regalo;171/196
Origine Perduta;Electrode di Hisui;172/196
Origine Perduta;Delphox;173/196
Origine Perduta;Kyurem;174/196
Origine Perduta;Magnezone;175/196
Origine Perduta;Rotom;176/196
Origine Perduta;Rotom;177/196
Origine Perduta;Enamorus;178/196
Origine Perduta;Aerodactyl;179/196
Origine Perduta;Aerodactyl;180/196
Origine Perduta;Gallade;181/196
Origine Perduta;Drapion;182/196
Origine Perduta;Perrserker di Galar;183/196
Origine Perduta;Perrserker di Galar;184/196
Origine Perduta;Giratina;185/196
Origine Perduta;Giratina;186/196
Origine Perduta;Goodra di Hisui;187/196
Origine Perduta;Pidgeot;188/196
Origine Perduta;Maru;189/196
Origine Perduta;Esperimento di Acromio;190/196
Origine Perduta;Fannie;191/196
Origine Perduta;Sinen;192/196
Origine Perduta;Lady;193/196
Origine Perduta;Sorelle Florido;194/196
Origine Perduta;Spino;195/196
Origine Perduta;Ethelo;196/196
Origine Perduta;Kyurem;197/196
Origine Perduta;Magnezone;198/196
Origine Perduta;Aerodactyl;199/196
Origine Perduta;Drapion;200/196
Origine Perduta;Giratina;201/196
Origine Perduta;Goodra di Hisui;202/196
Origine Perduta;Zoroark di Hisui;203/196
Origine Perduta;Maru;204/196
Origine Perduta;Esperimento di Acromio;205/196
Origine Perduta;Fannie;206/196
Origine Perduta;Sinen;207/196
Origine Perduta;Lady;208/196
Origine Perduta;Sorelle Florido;209/196
Origine Perduta;Spino;210/196
Origine Perduta;Ethelo;211/196
Origine Perduta;Giratina;212/196
Origine Perduta;Zoroark di Hisui;213/196
Origine Perduta;Scatola del Disastro;214/196
Origine Perduta;Macerie dello Stadio;215/196
Origine Perduta;Distintivo Oscuro;216/196
Origine Perduta;Aspiratore Perduto;217/196
Ossidiana Infuocata;Oddish;1/197
Ossidiana Infuocata;Gloom;2/197
Ossidiana Infuocata;Bellossom;3/197
Ossidiana Infuocata;Scyther;4/197
Ossidiana Infuocata;Shuckle;5/197
Ossidiana Infuocata;Surskit;6/197
Ossidiana Infuocata;Masquerain;7/197
Ossidiana Infuocata;Combee;8/197
Ossidiana Infuocata;Foongus;9/197
Ossidiana Infuocata;Amoonguss;10/197
Ossidiana Infuocata;Phantump;11/197
Ossidiana Infuocata;Trevenant;12/197
Ossidiana Infuocata;Rowlet;13/197
Ossidiana Infuocata;Dartrix;14/197
Ossidiana Infuocata;Decidueye;15/197
Ossidiana Infuocata;Bounsweet;16/197
Ossidiana Infuocata;Steenee;17/197
Ossidiana Infuocata;Tsareena;18/197
Ossidiana Infuocata;Smoliv;19/197
Ossidiana Infuocata;Dolliv;20/197
Ossidiana Infuocata;Arboliva;21/197
Ossidiana Infuocata;Toedscruel;22/197
Ossidiana Infuocata;Capsakid;23/197
Ossidiana Infuocata;Capsakid;24/197
Ossidiana Infuocata;Scovillain;25/197
Ossidiana Infuocata;Charmander;26/197
Ossidiana Infuocata;Charmeleon;27/197
Ossidiana Infuocata;Vulpix;28/197
Ossidiana Infuocata;Ninetales;29/197
Ossidiana Infuocata;Entei;30/197
Ossidiana Infuocata;Numel;31/197
Ossidiana Infuocata;Camerupt;32/197
Ossidiana Infuocata;Victini;33/197
Ossidiana Infuocata;Darumaka;34/197
Ossidiana Infuocata;Darmanitan;35/197
Ossidiana Infuocata;Litwick;36/197
Ossidiana Infuocata;Lampent;37/197
Ossidiana Infuocata;Chandelure;38/197
Ossidiana Infuocata;Heatmor;39/197
Ossidiana Infuocata;Larvesta;40/197
Ossidiana Infuocata;Volcarona;41/197
Ossidiana Infuocata;Eiscue;42/197
Ossidiana Infuocata;Charcadet;43/197
Ossidiana Infuocata;Armarouge;44/197
Ossidiana Infuocata;Lapras;45/197
Ossidiana Infuocata;Carvanha;46/197
Ossidiana Infuocata;Sharpedo;47/197
Ossidiana Infuocata;Buizel;48/197
Ossidiana Infuocata;Floatzel;49/197
Ossidiana Infuocata;Tympole;50/197
Ossidiana Infuocata;Palpitoad;51/197
Ossidiana Infuocata;Seismitoad;52/197
Ossidiana Infuocata;Cubchoo;53/197
Ossidiana Infuocata;Beartic;54/197
Ossidiana Infuocata;Cryogonal;55/197
Ossidiana Infuocata;Froakie;56/197
Ossidiana Infuocata;Frogadier;57/197
Ossidiana Infuocata;Wiglett;58/197
Ossidiana Infuocata;Wugtrio;59/197
Ossidiana Infuocata;Finizen;60/197
Ossidiana Infuocata;Finizen;61/197
Ossidiana Infuocata;Palafin;62/197
Ossidiana Infuocata;Magnemite;63/197
Ossidiana Infuocata;Magneton;64/197
Ossidiana Infuocata;Magnezone;65/197
Ossidiana Infuocata;Tyranitar;66/197
Ossidiana Infuocata;Tynamo;67/197
Ossidiana Infuocata;Eelektrik;68/197
Ossidiana Infuocata;Eelektross;69/197
Ossidiana Infuocata;Thundurus;70/197
Ossidiana Infuocata;Toxel;71/197
Ossidiana Infuocata;Toxtricity;72/197
Ossidiana Infuocata;Pawmot;73/197
Ossidiana Infuocata;Tadbulb;74/197
Ossidiana Infuocata;Tadbulb;75/197
Ossidiana Infuocata;Tadbulb;76/197
Ossidiana Infuocata;Bellibolt;77/197
Ossidiana Infuocata;Bellibolt;78/197
Ossidiana Infuocata;Miraidon;79/197
Ossidiana Infuocata;Cleffa;80/197
Ossidiana Infuocata;Clefairy;81/197
Ossidiana Infuocata;Clefable;82/197
Ossidiana Infuocata;Togepi;83/197
Ossidiana Infuocata;Togetic;84/197
Ossidiana Infuocata;Togekiss;85/197
Ossidiana Infuocata;Espeon;86/197
Ossidiana Infuocata;Snubbul;87/197
Ossidiana Infuocata;Granbull;88/197
Ossidiana Infuocata;Mawile;89/197
Ossidiana Infuocata;Spoink;90/197
Ossidiana Infuocata;Grumpig;91/197
Ossidiana Infuocata;Lunatone;92/197
Ossidiana Infuocata;Solrock;93/197
Ossidiana Infuocata;Baltoy;94/197
Ossidiana Infuocata;Claydol;95/197
Ossidiana Infuocata;Vespiquen;96/197
Ossidiana Infuocata;Sinistea;97/197
Ossidiana Infuocata;Polteageist;98/197
Ossidiana Infuocata;Greavard;99/197
Ossidiana Infuocata;Greavard;100/197
Ossidiana Infuocata;Houndstone;101/197
Ossidiana Infuocata;Houndstone;102/197
Ossidiana Infuocata;Diglett;103/197
Ossidiana Infuocata;Dugtrio;104/197
Ossidiana Infuocata;Larvitar;105/197
Ossidiana Infuocata;Pupitar;106/197
Ossidiana Infuocata;Nosepass;107/197
Ossidiana Infuocata;Barboach;108/197
Ossidiana Infuocata;Wishcash;109/197
Ossidiana Infuocata;Bonsly;110/197
Ossidiana Infuocata;Drilbur;111/197
Ossidiana Infuocata;Stunfisk;112/197
Ossidiana Infuocata;Diggersby;113/197
Ossidiana Infuocata;Crabrawler;114/197
Ossidiana Infuocata;Crabominable;115/197
Ossidiana Infuocata;Rockruff;116/197
Ossidiana Infuocata;Lycanroc;117/197
Ossidiana Infuocata;Toedscool;118/197
Ossidiana Infuocata;Toedscruel;119/197
Ossidiana Infuocata;Klawf;120/197
Ossidiana Infuocata;Glimmet;121/197
Ossidiana Infuocata;Glimmet;122/197
Ossidiana Infuocata;Glimmora;123/197
Ossidiana Infuocata;Koraidon;124/197
Ossidiana Infuocata;Charizard;125/197
Ossidiana Infuocata;Wooper di Paldea;126/197
Ossidiana Infuocata;Wooper di Paldea;127/197
Ossidiana Infuocata;Clodsire;128/197
Ossidiana Infuocata;Clodsire;129/197
Ossidiana Infuocata;Umbreon;130/197
Ossidiana Infuocata;Houndour;131/197
Ossidiana Infuocata;Houndour;132/197
Ossidiana Infuocata;Hundoom;133/197
Ossidiana Infuocata;Houndoom;134/197
Ossidiana Infuocata;Absol;135/197
Ossidiana Infuocata;Darkrai;136/197
Ossidiana Infuocata;Inkay;137/197
Ossidiana Infuocata;Malamar;138/197
Ossidiana Infuocata;Salandit;139/197
Ossidiana Infuocata;Salazzle;140/197
Ossidiana Infuocata;Scizor;141/197
Ossidiana Infuocata;Skarmory;142/197
Ossidiana Infuocata;Mawile;143/197
Ossidiana Infuocata;Bronzor;144/197
Ossidiana Infuocata;Bronzong;145/197
Ossidiana Infuocata;Probopass;146/197
Ossidiana Infuocata;Excadrill;147/197
Ossidiana Infuocata;Pawniard;148/197
Ossidiana Infuocata;Bisharp;149/197
Ossidiana Infuocata;Kingambit;150/197
Ossidiana Infuocata;Togedemaru;151/197
Ossidiana Infuocata;Meltan;152/197
Ossidiana Infuocata;Melmetal;153/197
Ossidiana Infuocata;Varoom;154/197
Ossidiana Infuocata;Varoom;155/197
Ossidiana Infuocata;Revavroom;156/197
Ossidiana Infuocata;Dratini;157/197
Ossidiana Infuocata;Dragonair;158/197
Ossidiana Infuocata;Dragonite;159/197
Ossidiana Infuocata;Altaria;160/197
Ossidiana Infuocata;Drampa;161/197
Ossidiana Infuocata;Pidgey;162/197
Ossidiana Infuocata;Pidgeotto;163/197
Ossidiana Infuocata;Pidgeot;164/197
Ossidiana Infuocata;Kangashkan;165/197
Ossidiana Infuocata;Eevee;166/197
Ossidiana Infuocata;Zigzagoon;167/197
Ossidiana Infuocata;Linoone;168/197
Ossidiana Infuocata;Swablu;169/197
Ossidiana Infuocata;Lillipup;170/197
Ossidiana Infuocata;Herdier;171/197
Ossidiana Infuocata;Stoutland;172/197
Ossidiana Infuocata;Audino;173/197
Ossidiana Infuocata;Bouffalant;174/197
Ossidiana Infuocata;Bunnelby;175/197
Ossidiana Infuocata;Yungoos;176/197
Ossidiana Infuocata;Gumshoos;177/197
Ossidiana Infuocata;Skwovet;178/197
Ossidiana Infuocata;Greedent;179/197
Ossidiana Infuocata;Lechonk;180/197
Ossidiana Infuocata;Lechonk;181/197
Ossidiana Infuocata;Lechonk;182/197
Ossidiana Infuocata;Oinkologne;183/197
Ossidiana Infuocata;Oinkologne;184/197
Ossidiana Infuocata;Flamigo;185/197
Ossidiana Infuocata;Pepe;186/197
Ossidiana Infuocata;Brassius;187/197
Ossidiana Infuocata;Alisma;188/197
Ossidiana Infuocata;Lettera di Incoraggiamento;189/197
Ossidiana Infuocata;Ortiz;190/197
Ossidiana Infuocata;Cappello da Pattuglia;191/197
Ossidiana Infuocata;Quartier Generale della Lega Pok mon;192/197
Ossidiana Infuocata;Verina;193/197
Ossidiana Infuocata;Lima;194/197
Ossidiana Infuocata;Recluta del Team Star;195/197
Ossidiana Infuocata;Negozio Cittadino;196/197
Ossidiana Infuocata;Pugno Vendicativo;197/197
Ossidiana Infuocata;Gloom;198/197
Ossidiana Infuocata;Ninetales;199/197
Ossidiana Infuocata;Palafin;200/197
Ossidiana Infuocata;Bellibolt;201/197
Ossidiana Infuocata;Cleffa;202/197
Ossidiana Infuocata;Larvitar;203/197
Ossidiana Infuocata;Houndour;204/197
Ossidiana Infuocata;Scizor;205/197
Ossidiana Infuocata;Varoom;206/197
Ossidiana Infuocata;Pidgey;207/197
Ossidiana Infuocata;Pidgeotto;208/197
Ossidiana Infuocata;Lechonk;209/197
Ossidiana Infuocata;Eiscue;210/197
Ossidiana Infuocata;Tyranitar;211/197
Ossidiana Infuocata;Vespiquen;212/197
Ossidiana Infuocata;Glimmora;213/197
Ossidiana Infuocata;Absol;214/197
Ossidiana Infuocata;Charizard;215/197
Ossidiana Infuocata;Revavroom;216/197
Ossidiana Infuocata;Pidgeot;217/197
Ossidiana Infuocata;Alisma;218/197
Ossidiana Infuocata;Ortiz;219/197
Ossidiana Infuocata;Verina;220/197
Ossidiana Infuocata;Lima;221/197
Ossidiana Infuocata;Eiscue;222/197
Ossidiana Infuocata;Charizard;223/197
Ossidiana Infuocata;Revavroom;224/197
Ossidiana Infuocata;Pidgeot;225/197
Ossidiana Infuocata;Alisma;226/197
Ossidiana Infuocata;Verina;227/197
Ossidiana Infuocata;Charizard;228/197
Ossidiana Infuocata;Las Brasas;229/197
Ossidiana Infuocata;Energia base Fuoco;230/197
Platino;Ampharos;1/127
Platino;Blastoise;2/127
Platino;Blaziken;3/127
Platino;Delcatty;4/127
Platino;Dialga;5/127
Platino;Dialga;6/127
Platino;Dialga;7/127
Platino;Gardevoir;8/127
Platino;Giratina;9/127
Platino;Giratina;10/127
Platino;Manectric;11/127
Platino;Palkia;12/127
Platino;Rampardos;13/127
Platino;Shaymin;14/127
Platino;Shaymin;15/127
Platino;Slaking;16/127
Platino;Weavile;17/127
Platino;Altaria;18/127
Platino;Banette;19/127
Platino;Bastiodon;20/127
Platino;Beautifly;21/127
Platino;Blissey;22/127
Platino;Dialga;23/127
Platino;Dugtrio;24/127
Platino;Dustox;25/127
Platino;Empoleon;26/127
Platino;Giratina;27/127
Platino;Giratina;28/127
Platino;Golduck;29/127
Platino;Gyarados;30/127
Platino;Infernape;31/127
Platino;Kricketune;32/127
Platino;Lickilicky;33/127
Platino;Ludicolo;34/127
Platino;Luvdisc;35/127
Platino;Ninetales;36/127
Platino;Palkia;37/127
Platino;Shaymin;38/127
Platino;Torterra;39/127
Platino;Toxicroak;40/127
Platino;Bronzong;41/127
Platino;Cacturne;42/127
Platino;Carnivine;43/127
Platino;Cascoon;44/127
Platino;Combusken;45/127
Platino;Cranidos;46/127
Platino;Crobat;47/127
Platino;Flaaffy;48/127
Platino;Grotle;49/127
Platino;Houndoom;50/127
Platino;Kirlia;51/127
Platino;Lombre;52/127
Platino;Lucario;53/127
Platino;Mightyena;54/127
Platino;Mismagius;55/127
Platino;Monferno;56/127
Platino;Muk;57/127
Platino;Octillery;58/127
Platino;Prinplup;59/127
Platino;Probopass;60/127
Platino;Seviper;61/127
Platino;Shieldon;62/127
Platino;Silcoon;63/127
Platino;Vigoroth;64/127
Platino;Wartortle;65/127
Platino;Zangoose;66/127
Platino;Cacnea;67/127
Platino;Carnivine;68/127
Platino;Chansey;69/127
Platino;Chimchar;70/127
Platino;Combee;71/127
Platino;Diglett;72/127
Platino;Dunsparce;73/127
Platino;Electrike;74/127
Platino;Grimer;75/127
Platino;Happiny;76/127
Platino;Honchkrow;77/127
Platino;Kricketot;78/127
Platino;Lapras;79/127
Platino;Lickitung;80/127
Platino;Lotad;81/127
Platino;Mareep;82/127
Platino;Misdreavus;83/127
Platino;Nosepass;84/127
Platino;Piplup;85/127
Platino;Poochyena;86/127
Platino;Psyduck;87/127
Platino;Purugly;88/127
Platino;Ralts;89/127
Platino;Remoraid;90/127
Platino;Riolu;91/127
Platino;Shuppet;92/127
Platino;Skitty;93/127
Platino;Skuntank;94/127
Platino;Slakoth;95/127
Platino;Squirtle;96/127
Platino;Swablu;97/127
Platino;Tauros;98/127
Platino;Torchic;99/127
Platino;Torkoal;100/127
Platino;Turtwig;101/127
Platino;Vulpix;102/127
Platino;Wurmple;103/127
Platino;Rottura Spazio;104/127
Platino;Congiura di Cyrus;105/127
Platino;Quartier Generale Galassia;106/127
Platino;Livello Max;107/127
Platino;Erba Vita;108/127
Platino;Indagini di Bellocchio;109/127
Platino;Bacca Memoria;110/127
Platino;Valle Miasma;111/127
Platino;PlusPotenza;112/127
Platino;Pok Ball;113/127
Platino;Pok dex HANDY 910is;114/127
Platino;Salvataggio di Pok mon;115/127
Platino;Invenzione Team Galassia G;116/127
Platino;Invenzione Team Galassia G;117/127
Platino;Invenzione Team Galassia G;118/127
Platino;Fossilscudo;119/127
Platino;Fossilcranio;120/127
Platino;Energia Arcobaleno;121/127
Platino;Dialga LIV.X;122/127
Platino;Drapion LIV.X;123/127
Platino;Giratina LIV.X;124/127
Platino;Palkia LIV.X;125/127
Platino;Shaymin LIV.X;126/127
Platino;Shaymin LIV.X;127/127
Platino;Electabuzz;128/127
Platino;Hitmonchan;129/127
Platino;Scyther;130/127
Prodigi Segreti;Ampharos;1/132
Prodigi Segreti;Blastoise;2/132
Prodigi Segreti;Charizard;3/132
Prodigi Segreti;Entei;4/132
Prodigi Segreti;Flygon;5/132
Prodigi Segreti;Gallade;6/132
Prodigi Segreti;Gardevoir;7/132
Prodigi Segreti;Gastrodon Mare Est;8/132
Prodigi Segreti;Gastrodon Mare Ovest;9/132
Prodigi Segreti;Ho;10/132
Prodigi Segreti;Jumpluff;11/132
Prodigi Segreti;Lickilicky;12/132
Prodigi Segreti;Ludicolo;13/132
Prodigi Segreti;Lugia;14/132
Prodigi Segreti;Mew;15/132
Prodigi Segreti;Raikou;16/132
Prodigi Segreti;Roserade;17/132
Prodigi Segreti;Salamence;18/132
Prodigi Segreti;Suicune;19/132
Prodigi Segreti;Venusaur;20/132
Prodigi Segreti;Absol;21/132
Prodigi Segreti;Arcanine;22/132
Prodigi Segreti;Banette;23/132
Prodigi Segreti;Dugtrio;24/132
Prodigi Segreti;Electivire;25/132
Prodigi Segreti;Electrode;26/132
Prodigi Segreti;Furret;27/132
Prodigi Segreti;Golduck;28/132
Prodigi Segreti;Golem;29/132
Prodigi Segreti;Jynx;30/132
Prodigi Segreti;Magmortar;31/132
Prodigi Segreti;Minun;32/132
Prodigi Segreti;Mothim;33/132
Prodigi Segreti;Nidoking;34/132
Prodigi Segreti;Pidgeot;35/132
Prodigi Segreti;Plusle;36/132
Prodigi Segreti;Sharpedo;37/132
Prodigi Segreti;Sunflora;38/132
Prodigi Segreti;Unown S;39/132
Prodigi Segreti;Weavile;40/132
Prodigi Segreti;Wormadam Manto Pianta;41/132
Prodigi Segreti;Wormadam Manto Sabbia;42/132
Prodigi Segreti;Wormadam Manto Scarti;43/132
Prodigi Segreti;Xatu;44/132
Prodigi Segreti;Breloom;45/132
Prodigi Segreti;Charmeleon;46/132
Prodigi Segreti;Cloyster;47/132
Prodigi Segreti;Donphan;48/132
Prodigi Segreti;Farfetch'd;49/132
Prodigi Segreti;Flaaffy;50/132
Prodigi Segreti;Ivysaur;51/132
Prodigi Segreti;Kecleon;52/132
Prodigi Segreti;Kirlia;53/132
Prodigi Segreti;Lombre;54/132
Prodigi Segreti;Miltank;55/132
Prodigi Segreti;Muk;56/132
Prodigi Segreti;Nidorino;57/132
Prodigi Segreti;Pidgeotto;58/132
Prodigi Segreti;Pinsir;59/132
Prodigi Segreti;Quagsire;60/132
Prodigi Segreti;Raticate;61/132
Prodigi Segreti;Roselia;62/132
Prodigi Segreti;Sableye;63/132
Prodigi Segreti;Shelgon;64/132
Prodigi Segreti;Skiploom;65/132
Prodigi Segreti;Smeargle;66/132
Prodigi Segreti;Smoochum;67/132
Prodigi Segreti;Unown K;68/132
Prodigi Segreti;Unown N;69/132
Prodigi Segreti;Unown O;70/132
Prodigi Segreti;Unown X;71/132
Prodigi Segreti;Unown Z;72/132
Prodigi Segreti;Venomoth;73/132
Prodigi Segreti;Vibrava;74/132
Prodigi Segreti;Wartortle;75/132
Prodigi Segreti;Bagon;76/132
Prodigi Segreti;Bulbasaur;77/132
Prodigi Segreti;Burmy Manto Pianta;78/132
Prodigi Segreti;Burmy Manto Sabbia;79/132
Prodigi Segreti;Burmy Manto Scarti;80/132
Prodigi Segreti;Carvanha;81/132
Prodigi Segreti;Charmander;82/132
Prodigi Segreti;Clefairy;83/132
Prodigi Segreti;Corsola;84/132
Prodigi Segreti;Diglett;85/132
Prodigi Segreti;Duskull;86/132
Prodigi Segreti;Electabuzz;87/132
Prodigi Segreti;Grimer;88/132
Prodigi Segreti;Growlithe;89/132
Prodigi Segreti;Hoppip;90/132
Prodigi Segreti;Lickitung;91/132
Prodigi Segreti;Lotad;92/132
Prodigi Segreti;Magmar;93/132
Prodigi Segreti;Mareep;94/132
Prodigi Segreti;Murkrow;95/132
Prodigi Segreti;Natu;96/132
Prodigi Segreti;Nidoran?;97/132
Prodigi Segreti;Phanpy;98/132
Prodigi Segreti;Pidgey;99/132
Prodigi Segreti;Psyduck;100/132
Prodigi Segreti;Qwilfish;101/132
Prodigi Segreti;Ralts;102/132
Prodigi Segreti;Rattata;103/132
Prodigi Segreti;Sentret;104/132
Prodigi Segreti;Shellder;105/132
Prodigi Segreti;Shellos Mare Est;106/132
Prodigi Segreti;Shellos Mare Ovest;107/132
Prodigi Segreti;Shroomish;108/132
Prodigi Segreti;Shuckle;109/132
Prodigi Segreti;Shuppet;110/132
Prodigi Segreti;Spinda;111/132
Prodigi Segreti;Squirtle;112/132
Prodigi Segreti;Stantler;113/132
Prodigi Segreti;Sunkern;114/132
Prodigi Segreti;Trapinch;115/132
Prodigi Segreti;Venonat;116/132
Prodigi Segreti;Voltorb;117/132
Prodigi Segreti;Wooper;118/132
Prodigi Segreti;Ricerca di Bebe;119/132
Prodigi Segreti;Manutenzione Notturna;120/132
Prodigi Segreti;PlusPotenza;121/132
Prodigi Segreti;Visita del Professor Oak;122/132
Prodigi Segreti;Professor Rowan;123/132
Prodigi Segreti;Rivale;124/132
Prodigi Segreti;Ricerca di Rosabella;125/132
Prodigi Segreti;Martes del Team Galassia;126/132
Prodigi Segreti;Pozione Magica;127/132
Prodigi Segreti;Scambio;128/132
Prodigi Segreti;Energia Oscurit;129/132
Prodigi Segreti;Energia Metallo;130/132
Prodigi Segreti;Gardevoir LIV.X;131/132
Prodigi Segreti;Honchkrow LIV.X;132/132
Regno Glaciale;Weedle;1/198
Regno Glaciale;Kakuna;2/198
Regno Glaciale;Beedrill;3/198
Regno Glaciale;Ledyba;4/198
Regno Glaciale;Ledian;5/198
Regno Glaciale;Heracross;6/198
Regno Glaciale;Celebi;7/198
Regno Glaciale;Celebi;8/198
Regno Glaciale;Snover;9/198
Regno Glaciale;Abomasnow;10/198
Regno Glaciale;Deerling;11/198
Regno Glaciale;Sawsbuck;12/198
Regno Glaciale;Bounsweet;13/198
Regno Glaciale;Steenee;14/198
Regno Glaciale;Tsareena;15/198
Regno Glaciale;Grookey;16/198
Regno Glaciale;Thwackey;17/198
Regno Glaciale;Rillaboom;18/198
Regno Glaciale;Zarude;19/198
Regno Glaciale;Blaziken;20/198
Regno Glaciale;Blaziken;21/198
Regno Glaciale;Castform Forma Sole;22/198
Regno Glaciale;Larvesta;23/198
Regno Glaciale;Volcarona;24/198
Regno Glaciale;Volcanion;25/198
Regno Glaciale;Scorbunny;26/198
Regno Glaciale;Raboot;27/198
Regno Glaciale;Cinderace;28/198
Regno Glaciale;Lapras;29/198
Regno Glaciale;Sneasel;30/198
Regno Glaciale;Weavile;31/198
Regno Glaciale;Delibird;32/198
Regno Glaciale;Castform Forma Pioggia;33/198
Regno Glaciale;Castform Forma Nuvola di Neve;34/198
Regno Glaciale;Snorunt;35/198
Regno Glaciale;Froslass;36/198
Regno Glaciale;Spheal;37/198
Regno Glaciale;Sealeo;38/198
Regno Glaciale;Walrein;39/198
Regno Glaciale;Tapu Fini;40/198
Regno Glaciale;Sobble;41/198
Regno Glaciale;Drizzile;42/198
Regno Glaciale;Inteleon;43/198
Regno Glaciale;Urshifu Pluricolpo;44/198
Regno Glaciale;Calyrex Cavaliere Glaciale;45/198
Regno Glaciale;Calyrex Cavaliere Glaciale;46/198
Regno Glaciale;Mareep;47/198
Regno Glaciale;Flaaffy;48/198
Regno Glaciale;Ampharos;49/198
Regno Glaciale;Blitzle;50/198
Regno Glaciale;Zebstrika;51/198
Regno Glaciale;Thundurus;52/198
Regno Glaciale;Zeraora;53/198
Regno Glaciale;Slowpoke di Galar;54/198
Regno Glaciale;Gastly;55/198
Regno Glaciale;Haunter;56/198
Regno Glaciale;Gengar;57/198
Regno Glaciale;Articuno di Galar;58/198
Regno Glaciale;Ralts;59/198
Regno Glaciale;Kirlia;60/198
Regno Glaciale;Gardevoir;61/198
Regno Glaciale;Shuppet;62/198
Regno Glaciale;Banette;63/198
Regno Glaciale;Cresselia;64/198
Regno Glaciale;Golett;65/198
Regno Glaciale;Golurk;66/198
Regno Glaciale;Swirlix;67/198
Regno Glaciale;Slurpuff;68/198
Regno Glaciale;Inkay;69/198
Regno Glaciale;Malamar;70/198
Regno Glaciale;Hatenna;71/198
Regno Glaciale;Hattrem;72/198
Regno Glaciale;Hatterene;73/198
Regno Glaciale;Calyrex Cavaliere Spettrale;74/198
Regno Glaciale;Calyrex Cavaliere Spettrale;75/198
Regno Glaciale;Diglett;76/198
Regno Glaciale;Dugtrio;77/198
Regno Glaciale;Farfetch'd di Galar;78/198
Regno Glaciale;Sirfetch'd di Galar;79/198
Regno Glaciale;Zapdos di Galar;80/198
Regno Glaciale;Gallade;81/198
Regno Glaciale;Yamask di Galar;82/198
Regno Glaciale;Runerigus di Galar;83/198
Regno Glaciale;Crabrawler;84/198
Regno Glaciale;Crabominable;85/198
Regno Glaciale;Rockruff;86/198
Regno Glaciale;Lycanroc;87/198
Regno Glaciale;Passimian;88/198
Regno Glaciale;Sandaconda;89/198
Regno Glaciale;Sandaconda;90/198
Regno Glaciale;Clobbopus;91/198
Regno Glaciale;Grapploct;92/198
Regno Glaciale;Kubfu;93/198
Regno Glaciale;Koffing;94/198
Regno Glaciale;Weezing;95/198
Regno Glaciale;Weezing di Galar;96/198
Regno Glaciale;Moltres di Galar;97/198
Regno Glaciale;Slowking di Galar;98/198
Regno Glaciale;Slowking di Galar;99/198
Regno Glaciale;Slowking di Galar;100/198
Regno Glaciale;Qwilfish;101/198
Regno Glaciale;Seviper;102/198
Regno Glaciale;Spiritomb;103/198
Regno Glaciale;Liepard;104/198
Regno Glaciale;Venipede;105/198
Regno Glaciale;Whirlipede;106/198
Regno Glaciale;Scolipede;107/198
Regno Glaciale;Urshifu Singolcolpo;108/198
Regno Glaciale;Aron;109/198
Regno Glaciale;Lairon;110/198
Regno Glaciale;Aggron;111/198
Regno Glaciale;Metagross;112/198
Regno Glaciale;Metagross;113/198
Regno Glaciale;Cobalion;114/198
Regno Glaciale;Tauros;115/198
Regno Glaciale;Porygon;116/198
Regno Glaciale;Porygon2;117/198
Regno Glaciale;Porygon;118/198
Regno Glaciale;Blissey;119/198
Regno Glaciale;Zangoose;120/198
Regno Glaciale;Castform;121/198
Regno Glaciale;Kecleon;122/198
Regno Glaciale;Shaymin;123/198
Regno Glaciale;Tornadus;124/198
Regno Glaciale;Tornadus;125/198
Regno Glaciale;Furfrou;126/198
Regno Glaciale;Skwovet;127/198
Regno Glaciale;Greedent;128/198
Regno Glaciale;Agatha;129/198
Regno Glaciale;Savory;130/198
Regno Glaciale;Rudi;131/198
Regno Glaciale;Catlina;132/198
Regno Glaciale;Guanti Spaccatutto;133/198
Regno Glaciale;Medico;134/198
Regno Glaciale;Collina Dynalbero;135/198
Regno Glaciale;Corno Echeggiante;136/198
Regno Glaciale;Completo da esplorazione;137/198
Regno Glaciale;Guanti Ignifughi;138/198
Regno Glaciale;Fiammetta;139/198
Regno Glaciale;Cristallo di Bruma;140/198
Regno Glaciale;Pettorale di Galar;141/198
Regno Glaciale;Tania;142/198
Regno Glaciale;Guanti della Giustizia;143/198
Regno Glaciale;Fermezza di Karen;144/198
Regno Glaciale;Sofora;145/198
Regno Glaciale;Melania;146/198
Regno Glaciale;Cimitero Antico;147/198
Regno Glaciale;Sentiero Biancacima;148/198
Regno Glaciale;Nia;149/198
Regno Glaciale;Peony;150/198
Regno Glaciale;Rotolo dei Cieli Colpo Rapido;151/198
Regno Glaciale;Robustelmo;152/198
Regno Glaciale;Narciso;153/198
Regno Glaciale;Rotolo della Perforazione Colpo Singolo;154/198
Regno Glaciale;Guanti da Giardinaggio;155/198
Regno Glaciale;Lanterna di Benvenuto;156/198
Regno Glaciale;Energia Impatto;157/198
Regno Glaciale;Energia Fortuna;158/198
Regno Glaciale;Energia Spirale;159/198
Regno Glaciale;Celebi;160/198
Regno Glaciale;Blaziken;161/198
Regno Glaciale;Volcanion;162/198
Regno Glaciale;Calyrex Cavaliere Glaciale;163/198
Regno Glaciale;Calyrex Cavaliere Glaciale;164/198
Regno Glaciale;Zeraora;165/198
Regno Glaciale;Zeraora;166/198
Regno Glaciale;Rapidash di Galar;167/198
Regno Glaciale;Rapidash di Galar;168/198
Regno Glaciale;Articuno di Galar;169/198
Regno Glaciale;Articuno di Galar;170/198
Regno Glaciale;Calyrex Cavaliere Spettrale;171/198
Regno Glaciale;Calyrex Cavaliere Spettrale;172/198
Regno Glaciale;Zapdos di Galar;173/198
Regno Glaciale;Zapdos di Galar;174/198
Regno Glaciale;Sandaconda;175/198
Regno Glaciale;Moltres di Galar;176/198
Regno Glaciale;Moltres di Galar;177/198
Regno Glaciale;Slowking di Galar;178/198
Regno Glaciale;Slowking di Galar;179/198
Regno Glaciale;Liepard;180/198
Regno Glaciale;Metagross;181/198
Regno Glaciale;Blissey;182/198
Regno Glaciale;Blissey;183/198
Regno Glaciale;Tornadus;184/198
Regno Glaciale;Tornadus;185/198
Regno Glaciale;Agatha;186/198
Regno Glaciale;Savory;187/198
Regno Glaciale;Rudi;188/198
Regno Glaciale;Catlina;189/198
Regno Glaciale;Medico;190/198
Regno Glaciale;Fiammetta;191/198
Regno Glaciale;Tania;192/198
Regno Glaciale;Fermezza di Karen;193/198
Regno Glaciale;Sofora;194/198
Regno Glaciale;Melania;195/198
Regno Glaciale;Nia;196/198
Regno Glaciale;Peony;197/198
Regno Glaciale;Narciso;198/198
Regno Glaciale;Celebi;199/198
Regno Glaciale;Blaziken;200/198
Regno Glaciale;Blaziken;201/198
Regno Glaciale;Calyrex Cavaliere Glaciale;202/198
Regno Glaciale;Calyrex Cavaliere Glaciale;203/198
Regno Glaciale;Calyrex Cavaliere Spettrale;204/198
Regno Glaciale;Calyrex Cavaliere Spettrale;205/198
Regno Glaciale;Sandaconda;206/198
Regno Glaciale;Slowking di Galar;207/198
Regno Glaciale;Metagross;208/198
Regno Glaciale;Tornadus;209/198
Regno Glaciale;Agatha;210/198
Regno Glaciale;Savory;211/198
Regno Glaciale;Rudi;212/198
Regno Glaciale;Catlina;213/198
Regno Glaciale;Medico;214/198
Regno Glaciale;Fiammetta;215/198
Regno Glaciale;Fermezza di Karen;216/198
Regno Glaciale;Sofora;217/198
Regno Glaciale;Melania;218/198
Regno Glaciale;Nia;219/198
Regno Glaciale;Peony;220/198
Regno Glaciale;Narciso;221/198
Regno Glaciale;Electrode;222/198
Regno Glaciale;Bronzong;223/198
Regno Glaciale;Snorlax;224/198
Regno Glaciale;Corno Echeggiante;225/198
Regno Glaciale;Ventaglio delle Onde;226/198
Regno Glaciale;Cristallo di Bruma;227/198
Regno Glaciale;Robustelmo;228/198
Regno Glaciale;Urna del Vigore;229/198
Regno Glaciale;Lanterna di Benvenuto;230/198
Regno Glaciale;Energia Acqua;231/198
Regno Glaciale;Energia Psiche;232/198
Regno Glaciale;Energia Combattimento;233/198
Richiamo delle Leggende;Clefable;1/95
Richiamo delle Leggende;Deoxys;2/95
Richiamo delle Leggende;Dialga;3/95
Richiamo delle Leggende;Espeon;4/95
Richiamo delle Leggende;Forretress;5/95
Richiamo delle Leggende;Groudon;6/95
Richiamo delle Leggende;Gyarados;7/95
Richiamo delle Leggende;Hitmontop;8/95
Richiamo delle Leggende;Ho;9/95
Richiamo delle Leggende;Houndoom;10/95
Richiamo delle Leggende;Jirachi;11/95
Richiamo delle Leggende;Kyogre;12/95
Richiamo delle Leggende;Leafeon;13/95
Richiamo delle Leggende;Lucario;14/95
Richiamo delle Leggende;Lugia;15/95
Richiamo delle Leggende;Magmortar;16/95
Richiamo delle Leggende;Ninetales;17/95
Richiamo delle Leggende;Pachirisu;18/95
Richiamo delle Leggende;Palkia;19/95
Richiamo delle Leggende;Rayquaza;20/95
Richiamo delle Leggende;Smeargle;21/95
Richiamo delle Leggende;Umbreon;22/95
Richiamo delle Leggende;Ampharos;23/95
Richiamo delle Leggende;Cleffa;24/95
Richiamo delle Leggende;Feraligatr;25/95
Richiamo delle Leggende;Granbull;26/95
Richiamo delle Leggende;Meganium;27/95
Richiamo delle Leggende;Mismagius;28/95
Richiamo delle Leggende;Mr. Mime;29/95
Richiamo delle Leggende;Pidgeot;30/95
Richiamo delle Leggende;Skarmory;31/95
Richiamo delle Leggende;Slowking;32/95
Richiamo delle Leggende;Snorlax;33/95
Richiamo delle Leggende;Tangrowth;34/95
Richiamo delle Leggende;Typhlosion;35/95
Richiamo delle Leggende;Tyrogue;36/95
Richiamo delle Leggende;Ursaring;37/95
Richiamo delle Leggende;Weezing;38/95
Richiamo delle Leggende;Zangoose;39/95
Richiamo delle Leggende;Bayleef;40/95
Richiamo delle Leggende;Croconaw;41/95
Richiamo delle Leggende;Donphan;42/95
Richiamo delle Leggende;Flaaffy;43/95
Richiamo delle Leggende;Flareon;44/95
Richiamo delle Leggende;Jolteon;45/95
Richiamo delle Leggende;Magby;46/95
Richiamo delle Leggende;Mime Jr.;47/95
Richiamo delle Leggende;Pidgeotto;48/95
Richiamo delle Leggende;Quilava;49/95
Richiamo delle Leggende;Riolu;50/95
Richiamo delle Leggende;Seviper;51/95
Richiamo delle Leggende;Vaporeon;52/95
Richiamo delle Leggende;Chikorita;53/95
Richiamo delle Leggende;Clefairy;54/95
Richiamo delle Leggende;Cyndaquil;55/95
Richiamo delle Leggende;Eevee;56/95
Richiamo delle Leggende;Hitmonchan;57/95
Richiamo delle Leggende;Hitmonlee;58/95
Richiamo delle Leggende;Houndour;59/95
Richiamo delle Leggende;Koffing;60/95
Richiamo delle Leggende;Magikarp;61/95
Richiamo delle Leggende;Magmar;62/95
Richiamo delle Leggende;Mareep;63/95
Richiamo delle Leggende;Mawile;64/95
Richiamo delle Leggende;Misdreavus;65/95
Richiamo delle Leggende;Phanpy;66/95
Richiamo delle Leggende;Pidgey;67/95
Richiamo delle Leggende;Pineco;68/95
Richiamo delle Leggende;Relicanth;69/95
Richiamo delle Leggende;Slowpoke;70/95
Richiamo delle Leggende;Snubbull;71/95
Richiamo delle Leggende;Tangela;72/95
Richiamo delle Leggende;Teddiursa;73/95
Richiamo delle Leggende;Totodile;74/95
Richiamo delle Leggende;Vulpix;75/95
Richiamo delle Leggende;Incoraggiamento della Cheerleader;76/95
Richiamo delle Leggende;Copiona;77/95
Richiamo delle Leggende;Palla Doppia;78/95
Richiamo delle Leggende;Domande dell'Intervistatrice;79/95
Richiamo delle Leggende;Rimozione Perduta;80/95
Richiamo delle Leggende;Mondo Perduto;81/95
Richiamo delle Leggende;Sistema d'Allenamento del Prof. Elm;82/95
Richiamo delle Leggende;Nuova Teoria del Professor Oak;83/95
Richiamo delle Leggende;Registro delle Ricerche;84/95
Richiamo delle Leggende;Addestramento del Saggio;85/95
Richiamo delle Leggende;Energia Oscurit;86/95
Richiamo delle Leggende;Energia Metallo;87/95
Richiamo delle Leggende;Energia Erba;88/95
Richiamo delle Leggende;Energia Fuoco;89/95
Richiamo delle Leggende;Energia Acqua;90/95
Richiamo delle Leggende;Energia Lampo;91/95
Richiamo delle Leggende;Energia Psiche;92/95
Richiamo delle Leggende;Energia Combattimento;93/95
Richiamo delle Leggende;Energia Oscurit;94/95
Richiamo delle Leggende;Energia Metallo;95/95
Rivali Predestinati;Pinsir di Armonio;1/182
Rivali Predestinati;Yanma;2/182
Rivali Predestinati;Yanmega EX;3/182
Rivali Predestinati;Pineco;4/182
Rivali Predestinati;Shroomish;5/182
Rivali Predestinati;Breloom;6/182
Rivali Predestinati;Roselia di Camilla;7/182
Rivali Predestinati;Roserade di Camilla;8/182
Rivali Predestinati;Rotom Taglio;9/182
Rivali Predestinati;Shaymin;10/182
Rivali Predestinati;Dwebble;11/182
Rivali Predestinati;Crustle;12/182
Rivali Predestinati;Fomantis;13/182
Rivali Predestinati;Lurantis;14/182
Rivali Predestinati;Blipbug del Team Rocket;15/182
Rivali Predestinati;Applin;16/182
Rivali Predestinati;Dipplin;17/182
Rivali Predestinati;Hydrapple;18/182
Rivali Predestinati;Tarountula del Team Rocket;19/182
Rivali Predestinati;Spidops del Team Rocket;20/182
Rivali Predestinati;Smoliv;21/182
Rivali Predestinati;Dolliv;22/182
Rivali Predestinati;Arboliva EX;23/182
Rivali Predestinati;Rellor;24/182
Rivali Predestinati;Rabsca EX;25/182
Rivali Predestinati;Ogerpon Maschera Turchese;26/182
Rivali Predestinati;Growlithe;27/182
Rivali Predestinati;Arcanine;28/182
Rivali Predestinati;Ponyta;29/182
Rivali Predestinati;Rapidash;30/182
Rivali Predestinati;Moltres del Team Rocket EX;31/182
Rivali Predestinati;Cyndaquil di Armonio;32/182
Rivali Predestinati;Quilava di Armonio;33/182
Rivali Predestinati;Typhlosion di Armonio;34/182
Rivali Predestinati;Slugma di Armonio;35/182
Rivali Predestinati;Magcargo di Armonio;36/182
Rivali Predestinati;Houndour del Team Rocket;37/182
Rivali Predestinati;Houndoom del Team Rocket;38/182
Rivali Predestinati;Ho;39/182
Rivali Predestinati;Torchic;40/182
Rivali Predestinati;Combusken;41/182
Rivali Predestinati;Blaziken;42/182
Rivali Predestinati;Rotom Calore;43/182
Rivali Predestinati;Ogerpon Maschera Focolare;44/182
Rivali Predestinati;Psyduck di Misty;45/182
Rivali Predestinati;Staryu di Misty;46/182
Rivali Predestinati;Starmie di Misty;47/182
Rivali Predestinati;Magikarp di Misty;48/182
Rivali Predestinati;Gyarados di Misty;49/182
Rivali Predestinati;Lapras di Misty;50/182
Rivali Predestinati;Articuno del Team Rocket;51/182
Rivali Predestinati;Feebas di Camilla;52/182
Rivali Predestinati;Milotic di Camilla;53/182
Rivali Predestinati;Clamperl;54/182
Rivali Predestinati;Huntail;55/182
Rivali Predestinati;Gorebyss;56/182
Rivali Predestinati;Buizel;57/182
Rivali Predestinati;Floatzel;58/182
Rivali Predestinati;Snover;59/182
Rivali Predestinati;Abomasnow;60/182
Rivali Predestinati;Rotom Lavaggio;61/182
Rivali Predestinati;Arrokuda;62/182
Rivali Predestinati;Barraskewda;63/182
Rivali Predestinati;Cetoddle;64/182
Rivali Predestinati;Cetitan EX;65/182
Rivali Predestinati;Dondozo EX;66/182
Rivali Predestinati;Ogerpon Maschera Pozzo;67/182
Rivali Predestinati;Electabuzz;68/182
Rivali Predestinati;Electivire EX;69/182
Rivali Predestinati;Zapdos del Team Rocket;70/182
Rivali Predestinati;Pichu di Armonio;71/182
Rivali Predestinati;Mareep del Team Rocket;72/182
Rivali Predestinati;Flaaffy del Team Rocket;73/182
Rivali Predestinati;Ampharos del Team Rocket;74/182
Rivali Predestinati;Electrike;75/182
Rivali Predestinati;Manectric;76/182
Rivali Predestinati;Rotom;77/182
Rivali Predestinati;Zeraora;78/182
Rivali Predestinati;Drowzee del Team Rocket;79/182
Rivali Predestinati;Hypno del Team Rocket;80/182
Rivali Predestinati;Mewtwo del Team Rocket EX;81/182
Rivali Predestinati;Wobbuffet del Team Rocket;82/182
Rivali Predestinati;Baltoy di Rocco;83/182
Rivali Predestinati;Claydol di Rocco;84/182
Rivali Predestinati;Chingling del Team Rocket;85/182
Rivali Predestinati;Carbink di Rocco;86/182
Rivali Predestinati;Mimikyu del Team Rocket;87/182
Rivali Predestinati;Dottler del Team Rocket;88/182
Rivali Predestinati;Orbeetle del Team Rocket;89/182
Rivali Predestinati;Mankey;90/182
Rivali Predestinati;Primeape;91/182
Rivali Predestinati;Annihilape;92/182
Rivali Predestinati;Sudowoodo di Armonio;93/182
Rivali Predestinati;Larvitar del Team Rocket;94/182
Rivali Predestinati;Pupitar del Team Rocket;95/182
Rivali Predestinati;Tyranitar del Team Rocket;96/182
Rivali Predestinati;Nosepass;97/182
Rivali Predestinati;Probopass;98/182
Rivali Predestinati;Meditite;99/182
Rivali Predestinati;Medicham;100/182
Rivali Predestinati;Regirock EX;101/182
Rivali Predestinati;Gible di Camilla;102/182
Rivali Predestinati;Gabite di Camilla;103/182
Rivali Predestinati;Garchomp di Camilla EX;104/182
Rivali Predestinati;Hippopotas;105/182
Rivali Predestinati;Hippowdon;106/182
Rivali Predestinati;Mudbray;107/182
Rivali Predestinati;Mudsdale;108/182
Rivali Predestinati;Toedscool di Pepe;109/182
Rivali Predestinati;Toedscruel di Pepe;110/182
Rivali Predestinati;Ogerpon Maschera Fondamenta;111/182
Rivali Predestinati;Ekans del Team Rocket;112/182
Rivali Predestinati;Arbok del Team Rocket;113/182
Rivali Predestinati;Nidoran? del Team Rocket;114/182
Rivali Predestinati;Nidorina del Team Rocket;115/182
Rivali Predestinati;Nidoqueen del Team Rocket;116/182
Rivali Predestinati;Nidoran? del Team Rocket;117/182
Rivali Predestinati;Nidorino del Team Rocket;118/182
Rivali Predestinati;Nidoking del Team Rocket EX;119/182
Rivali Predestinati;Zubat del Team Rocket;120/182
Rivali Predestinati;Golbat del Team Rocket;121/182
Rivali Predestinati;Crobat del Team Rocket EX;122/182
Rivali Predestinati;Grimer del Team Rocket;123/182
Rivali Predestinati;Muk del Team Rocket;124/182
Rivali Predestinati;Koffing del Team Rocket;125/182
Rivali Predestinati;Weezing del Team Rocket;126/182
Rivali Predestinati;Murkrow del Team Rocket;127/182
Rivali Predestinati;Sneasel del Team Rocket;128/182
Rivali Predestinati;Spiritomb di Camilla;129/182
Rivali Predestinati;Purrloin di Mary;130/182
Rivali Predestinati;Liepard di Mary;131/182
Rivali Predestinati;Scraggy di Mary;132/182
Rivali Predestinati;Scrafty di Mary;133/182
Rivali Predestinati;Impidimp di Mary;134/182
Rivali Predestinati;Morgrem di Mary;135/182
Rivali Predestinati;Grimmsnarl di Mary EX;136/182
Rivali Predestinati;Morpeko di Mary;137/182
Rivali Predestinati;Maschiff di Pepe;138/182
Rivali Predestinati;Mabosstiff di Pepe EX;139/182
Rivali Predestinati;Forretress;140/182
Rivali Predestinati;Skarmory;141/182
Rivali Predestinati;Skarmory di Rocco;142/182
Rivali Predestinati;Beldum di Rocco;143/182
Rivali Predestinati;Metang di Rocco;144/182
Rivali Predestinati;Metagross di Rocco EX;145/182
Rivali Predestinati;Zamazenta;146/182
Rivali Predestinati;Rattata del Team Rocket;147/182
Rivali Predestinati;Raticate del Team Rocket;148/182
Rivali Predestinati;Meowth del Team Rocket;149/182
Rivali Predestinati;Persian del Team Rocket EX;150/182
Rivali Predestinati;Kangaskhan;151/182
Rivali Predestinati;Tauros;152/182
Rivali Predestinati;Porygon del Team Rocket;153/182
Rivali Predestinati;Porygon2 del Team Rocket;154/182
Rivali Predestinati;Porygon;155/182
Rivali Predestinati;Taillow;156/182
Rivali Predestinati;Swellow;157/182
Rivali Predestinati;Skwovet di Pepe;158/182
Rivali Predestinati;Greedent di Pepe;159/182
Rivali Predestinati;Squawkabilly;160/182
Rivali Predestinati;Panino di Pepe;161/182
Rivali Predestinati;Vigorpeso di Camilla;162/182
Rivali Predestinati;Entusiasmo di Emcee;163/182
Rivali Predestinati;Riciclaggio di Energia;164/182
Rivali Predestinati;Avventura di Armonio;165/182
Rivali Predestinati;Grotta Pietrosa;166/182
Rivali Predestinati;Arbitro;167/182
Rivali Predestinati;Cenere magica;168/182
Rivali Predestinati;Palestra di Spikeville;169/182
Rivali Predestinati;Archer del Team Rocket;170/182
Rivali Predestinati;Atena del Team Rocket;171/182
Rivali Predestinati;Disturbot del Team Rocket;172/182
Rivali Predestinati;Fabbrica del Team Rocket;173/182
Rivali Predestinati;Giovanni del Team Rocket;174/182
Rivali Predestinati;Mega Ball del Team Rocket;175/182
Rivali Predestinati;Maxus del Team Rocket;176/182
Rivali Predestinati;Milas del Team Rocket;177/182
Rivali Predestinati;Ricetrasmettitore del Team Rocket;178/182
Rivali Predestinati;Bomba Azzardata del Team Rocket;179/182
Rivali Predestinati;Torre di Guardia del Team Rocket;180/182
Rivali Predestinati;Macchina MT;181/182
Rivali Predestinati;Energia del Team Rocket;182/182
Rivali Predestinati;Yanma;183/182
Rivali Predestinati;Roserade di Camilla;184/182
Rivali Predestinati;Shaymin;185/182
Rivali Predestinati;Crustle;186/182
Rivali Predestinati;Spidops del Team Rocket;187/182
Rivali Predestinati;Hydrapple;188/182
Rivali Predestinati;Rapidash;189/182
Rivali Predestinati;Typhlosion di Armonio;190/182
Rivali Predestinati;Houndoom del Team Rocket;191/182
Rivali Predestinati;Blaziken;192/182
Rivali Predestinati;Psyduck di Misty;193/182
Rivali Predestinati;Lapras di Misty;194/182
Rivali Predestinati;Clamperl;195/182
Rivali Predestinati;Electrike;196/182
Rivali Predestinati;Rotom;197/182
Rivali Predestinati;Orbeetle del Team Rocket;198/182
Rivali Predestinati;Weezing del Team Rocket;199/182
Rivali Predestinati;Murkrow del Team Rocket;200/182
Rivali Predestinati;Zamazenta;201/182
Rivali Predestinati;Raticate del Team Rocket;202/182
Rivali Predestinati;Meowth del Team Rocket;203/182
Rivali Predestinati;Kangaskhan;204/182
Rivali Predestinati;Greedent di Pepe;205/182
Rivali Predestinati;Yanmega EX;206/182
Rivali Predestinati;Arboliva EX;207/182
Rivali Predestinati;Moltres del Team Rocket EX;208/182
Rivali Predestinati;Ho;209/182
Rivali Predestinati;Cetitan EX;210/182
Rivali Predestinati;Dondozo EX;211/182
Rivali Predestinati;Electivire EX;212/182
Rivali Predestinati;Mewtwo del Team Rocket EX;213/182
Rivali Predestinati;Regirock EX;214/182
Rivali Predestinati;Garchomp di Camilla EX;215/182
Rivali Predestinati;Nidoking del Team Rocket EX;216/182
Rivali Predestinati;Crobat del Team Rocket EX;217/182
Rivali Predestinati;Mabosstiff di Pepe EX;218/182
Rivali Predestinati;Persian del Team Rocket EX;219/182
Rivali Predestinati;Entusiasmo di Emcee;220/182
Rivali Predestinati;Avventura di Armonio;221/182
Rivali Predestinati;Arbitro;222/182
Rivali Predestinati;Archer del Team Rocket;223/182
Rivali Predestinati;Atena del Team Rocket;224/182
Rivali Predestinati;Giovanni del Team Rocket;225/182
Rivali Predestinati;Maxus del Team Rocket;226/182
Rivali Predestinati;Milas del Team Rocket;227/182
Rivali Predestinati;Yanmega EX;228/182
Rivali Predestinati;Moltres del Team Rocket EX;229/182
Rivali Predestinati;Ho;230/182
Rivali Predestinati;Mewtwo del Team Rocket EX;231/182
Rivali Predestinati;Garchomp di Camilla EX;232/182
Rivali Predestinati;Nidoking del Team Rocket EX;233/182
Rivali Predestinati;Crobat del Team Rocket EX;234/182
Rivali Predestinati;Mabosstiff di Pepe EX;235/182
Rivali Predestinati;Avventura di Armonio;236/182
Rivali Predestinati;Atena del Team Rocket;237/182
Rivali Predestinati;Giovanni del Team Rocket;238/182
Rivali Predestinati;Ho;239/182
Rivali Predestinati;Mewtwo del Team Rocket EX;240/182
Rivali Predestinati;Garchomp di Camilla EX;241/182
Rivali Predestinati;Crobat del Team Rocket EX;242/182
Rivali Predestinati;Torre di Interferenza;243/182
Rivali Predestinati;Leudapoli;244/182
Scarlatto e Violetto;Pineco;1/198
Scarlatto e Violetto;Heracross;2/198
Scarlatto e Violetto;Shroomish;3/198
Scarlatto e Violetto;Breloom;4/198
Scarlatto e Violetto;Cacnea;5/198
Scarlatto e Violetto;Cacturne;6/198
Scarlatto e Violetto;Tropius;7/198
Scarlatto e Violetto;Scatterbug;8/198
Scarlatto e Violetto;Spewpa;9/198
Scarlatto e Violetto;Vivillon;10/198
Scarlatto e Violetto;Skiddo;11/198
Scarlatto e Violetto;Gogoat;12/198
Scarlatto e Violetto;Sprigatito;13/198
Scarlatto e Violetto;Floragato;14/198
Scarlatto e Violetto;Meowscarada;15/198
Scarlatto e Violetto;Tarountula;16/198
Scarlatto e Violetto;Tarountula;17/198
Scarlatto e Violetto;Tarountula;18/198
Scarlatto e Violetto;Spidops;19/198
Scarlatto e Violetto;Smoliv;20/198
Scarlatto e Violetto;Smoliv;21/198
Scarlatto e Violetto;Dolliv;22/198
Scarlatto e Violetto;Arboliva;23/198
Scarlatto e Violetto;Toedscool;24/198
Scarlatto e Violetto;Toedscool;25/198
Scarlatto e Violetto;Toedscruel;26/198
Scarlatto e Violetto;Capsakid;27/198
Scarlatto e Violetto;Capsakid;28/198
Scarlatto e Violetto;Scovillain;29/198
Scarlatto e Violetto;Growlithe;30/198
Scarlatto e Violetto;Growlithe;31/198
Scarlatto e Violetto;Arcanine;32/198
Scarlatto e Violetto;Houndour;33/198
Scarlatto e Violetto;Houndoom;34/198
Scarlatto e Violetto;Torkoal;35/198
Scarlatto e Violetto;Fuecoco;36/198
Scarlatto e Violetto;Crocalor;37/198
Scarlatto e Violetto;Skeledirge;38/198
Scarlatto e Violetto;Charcadet;39/198
Scarlatto e Violetto;Charcadet;40/198
Scarlatto e Violetto;Armarouge;41/198
Scarlatto e Violetto;Slowpoke;42/198
Scarlatto e Violetto;Slowbro;43/198
Scarlatto e Violetto;Magikarp;44/198
Scarlatto e Violetto;Gyarados;45/198
Scarlatto e Violetto;Buizel;46/198
Scarlatto e Violetto;Floatzel;47/198
Scarlatto e Violetto;Alomomola;48/198
Scarlatto e Violetto;Clauncher;49/198
Scarlatto e Violetto;Clawitzer;50/198
Scarlatto e Violetto;Bruxish;51/198
Scarlatto e Violetto;Quaxly;52/198
Scarlatto e Violetto;Quaxwell;53/198
Scarlatto e Violetto;Quaquaval;54/198
Scarlatto e Violetto;Wiglett;55/198
Scarlatto e Violetto;Wiglett;56/198
Scarlatto e Violetto;Wugtrio;57/198
Scarlatto e Violetto;Cetoddle;58/198
Scarlatto e Violetto;Cetoddle;59/198
Scarlatto e Violetto;Cetitan;60/198
Scarlatto e Violetto;Dondozo;61/198
Scarlatto e Violetto;Tatsugiri;62/198
Scarlatto e Violetto;Magnemite;63/198
Scarlatto e Violetto;Magneton;64/198
Scarlatto e Violetto;Magnezone;65/198
Scarlatto e Violetto;Mareep;66/198
Scarlatto e Violetto;Flaaffy;67/198
Scarlatto e Violetto;Pachirisu;68/198
Scarlatto e Violetto;Rotom;69/198
Scarlatto e Violetto;Rotom;70/198
Scarlatto e Violetto;Toxel;71/198
Scarlatto e Violetto;Toxtricity;72/198
Scarlatto e Violetto;Pawmi;73/198
Scarlatto e Violetto;Pawmi;74/198
Scarlatto e Violetto;Pawmo;75/198
Scarlatto e Violetto;Pawmot;76/198
Scarlatto e Violetto;Wattrel;77/198
Scarlatto e Violetto;Wattrel;78/198
Scarlatto e Violetto;Kilowattrel;79/198
Scarlatto e Violetto;Miraidon;80/198
Scarlatto e Violetto;Miraidon;81/198
Scarlatto e Violetto;Drowzee;82/198
Scarlatto e Violetto;Hypno;83/198
Scarlatto e Violetto;Ralts;84/198
Scarlatto e Violetto;Kirlia;85/198
Scarlatto e Violetto;Gardevoir;86/198
Scarlatto e Violetto;Shuppet;87/198
Scarlatto e Violetto;Banette;88/198
Scarlatto e Violetto;Drifloon;89/198
Scarlatto e Violetto;Drifblim;90/198
Scarlatto e Violetto;Flab b;91/198
Scarlatto e Violetto;Floette;92/198
Scarlatto e Violetto;Florges;93/198
Scarlatto e Violetto;Dedenne;94/198
Scarlatto e Violetto;Dedenne;95/198
Scarlatto e Violetto;Klefki;96/198
Scarlatto e Violetto;Fidough;97/198
Scarlatto e Violetto;Fidough;98/198
Scarlatto e Violetto;Dachsbun;99/198
Scarlatto e Violetto;Flittle;100/198
Scarlatto e Violetto;Flittle;101/198
Scarlatto e Violetto;Flittle;102/198
Scarlatto e Violetto;Espathra;103/198
Scarlatto e Violetto;Greavard;104/198
Scarlatto e Violetto;Greavard;105/198
Scarlatto e Violetto;Houndstone;106/198
Scarlatto e Violetto;Mankey;107/198
Scarlatto e Violetto;Primeape;108/198
Scarlatto e Violetto;Annihilape;109/198
Scarlatto e Violetto;Meditite;110/198
Scarlatto e Violetto;Medicham;111/198
Scarlatto e Violetto;Riolu;112/198
Scarlatto e Violetto;Riolu;113/198
Scarlatto e Violetto;Lucario;114/198
Scarlatto e Violetto;Sandile;115/198
Scarlatto e Violetto;Krokorok;116/198
Scarlatto e Violetto;Krookodile;117/198
Scarlatto e Violetto;Hawlucha;118/198
Scarlatto e Violetto;Silicobra;119/198
Scarlatto e Violetto;Sandaconda;120/198
Scarlatto e Violetto;Stonjourner;121/198
Scarlatto e Violetto;Klawf;122/198
Scarlatto e Violetto;Grandizanne;123/198
Scarlatto e Violetto;Koraidon;124/198
Scarlatto e Violetto;Koraidon;125/198
Scarlatto e Violetto;Grimer;126/198
Scarlatto e Violetto;Muk;127/198
Scarlatto e Violetto;Seviper;128/198
Scarlatto e Violetto;Spiritomb;129/198
Scarlatto e Violetto;Croagunk;130/198
Scarlatto e Violetto;Toxicroak;131/198
Scarlatto e Violetto;Pawniard;132/198
Scarlatto e Violetto;Bisharp;133/198
Scarlatto e Violetto;Kingambit;134/198
Scarlatto e Violetto;Maschiff;135/198
Scarlatto e Violetto;Maschiff;136/198
Scarlatto e Violetto;Mabosstiff;137/198
Scarlatto e Violetto;Bombirdier;138/198
Scarlatto e Violetto;Forretress;139/198
Scarlatto e Violetto;Varoom;140/198
Scarlatto e Violetto;Varoom;141/198
Scarlatto e Violetto;Revavroom;142/198
Scarlatto e Violetto;Solcoferreo;143/198
Scarlatto e Violetto;Chansey;144/198
Scarlatto e Violetto;Blissey;145/198
Scarlatto e Violetto;Zangoose;146/198
Scarlatto e Violetto;Zangoose;147/198
Scarlatto e Violetto;Starly;148/198
Scarlatto e Violetto;Staravia;149/198
Scarlatto e Violetto;Staraptor;150/198
Scarlatto e Violetto;Skwovet;151/198
Scarlatto e Violetto;Greedent;152/198
Scarlatto e Violetto;Indeedee;153/198
Scarlatto e Violetto;Lechonk;154/198
Scarlatto e Violetto;Lechonk;155/198
Scarlatto e Violetto;Lechonk;156/198
Scarlatto e Violetto;Oinkologne;157/198
Scarlatto e Violetto;Oinkologne;158/198
Scarlatto e Violetto;Tandemaus;159/198
Scarlatto e Violetto;Tandemaus;160/198
Scarlatto e Violetto;Maushold;161/198
Scarlatto e Violetto;Squawkabilly;162/198
Scarlatto e Violetto;Cyclizar;163/198
Scarlatto e Violetto;Cyclizar;164/198
Scarlatto e Violetto;Flamigo;165/198
Scarlatto e Violetto;Pepe;166/198
Scarlatto e Violetto;Campo in Spiaggia;167/198
Scarlatto e Violetto;Martello Dirompente;168/198
Scarlatto e Violetto;Bendasfida;169/198
Scarlatto e Violetto;Generatore di Elettricit;170/198
Scarlatto e Violetto;Recupero di Energia;171/198
Scarlatto e Violetto;Ricerca di Energia;172/198
Scarlatto e Violetto;Scambio di Energia;173/198
Scarlatto e Violetto;Condividi Esperienza;174/198
Scarlatto e Violetto;Zim;175/198
Scarlatto e Violetto;Arbitro;176/198
Scarlatto e Violetto;Aceria;177/198
Scarlatto e Violetto;Mesapoli;178/198
Scarlatto e Violetto;Mimosa;179/198
Scarlatto e Violetto;Nemi;180/198
Scarlatto e Violetto;Minor Ball;181/198
Scarlatto e Violetto;Blocco amici;182/198
Scarlatto e Violetto;Penny;183/198
Scarlatto e Violetto;Cestino da Picnic;184/198
Scarlatto e Violetto;Pok Ball;185/198
Scarlatto e Violetto;Pok gear 3.0;186/198
Scarlatto e Violetto;Acchiappa;187/198
Scarlatto e Violetto;Pozione;188/198
Scarlatto e Violetto;Ricerca Accademica (Prof.ssa Olim);189/198
Scarlatto e Violetto;Ricerca Accademica (Professor Turum);190/198
Scarlatto e Violetto;Caramella Rara;191/198
Scarlatto e Violetto;Pettorale di Roccia;192/198
Scarlatto e Violetto;Bitorzolelmo;193/198
Scarlatto e Violetto;Scambio;194/198
Scarlatto e Violetto;Recluta del Team Star;195/198
Scarlatto e Violetto;Ultra Ball;196/198
Scarlatto e Violetto;Bendavitale;197/198
Scarlatto e Violetto;Marmocchio;198/198
Scarlatto e Violetto;Tarountula;199/198
Scarlatto e Violetto;Dolliv;200/198
Scarlatto e Violetto;Toedscool;201/198
Scarlatto e Violetto;Scovillain;202/198
Scarlatto e Violetto;Armarouge;203/198
Scarlatto e Violetto;Slowpoke;204/198
Scarlatto e Violetto;Clauncher;205/198
Scarlatto e Violetto;Wiglett;206/198
Scarlatto e Violetto;Dondozo;207/198
Scarlatto e Violetto;Pachirisu;208/198
Scarlatto e Violetto;Pawmot;209/198
Scarlatto e Violetto;Drowzee;210/198
Scarlatto e Violetto;Ralts;211/198
Scarlatto e Violetto;Kirlia;212/198
Scarlatto e Violetto;Fidough;213/198
Scarlatto e Violetto;Greavard;214/198
Scarlatto e Violetto;Riolu;215/198
Scarlatto e Violetto;Sandile;216/198
Scarlatto e Violetto;Klawf;217/198
Scarlatto e Violetto;Mabosstiff;218/198
Scarlatto e Violetto;Bombirdier;219/198
Scarlatto e Violetto;Kingambit;220/198
Scarlatto e Violetto;Starly;221/198
Scarlatto e Violetto;Skwovet;222/198
Scarlatto e Violetto;Spidops;223/198
Scarlatto e Violetto;Arcanine;224/198
Scarlatto e Violetto;Gyarados;225/198
Scarlatto e Violetto;Magnezone;226/198
Scarlatto e Violetto;Miraidon;227/198
Scarlatto e Violetto;Gardevoir;228/198
Scarlatto e Violetto;Banette;229/198
Scarlatto e Violetto;Grandizanne;230/198
Scarlatto e Violetto;Koraidon;231/198
Scarlatto e Violetto;Toxicroak;232/198
Scarlatto e Violetto;Solcoferreo;233/198
Scarlatto e Violetto;Oinkologne;234/198
Scarlatto e Violetto;Pepe;235/198
Scarlatto e Violetto;Zim;236/198
Scarlatto e Violetto;Aceria;237/198
Scarlatto e Violetto;Mimosa;238/198
Scarlatto e Violetto;Penny;239/198
Scarlatto e Violetto;Ricerca Accademica (Prof.ssa Olim);240/198
Scarlatto e Violetto;Ricerca Accademica (Professor Turum);241/198
Scarlatto e Violetto;Recluta del Team Star;242/198
Scarlatto e Violetto;Spidops;243/198
Scarlatto e Violetto;Miraidon;244/198
Scarlatto e Violetto;Gardevoir;245/198
Scarlatto e Violetto;Grandizanne;246/198
Scarlatto e Violetto;Koraidon;247/198
Scarlatto e Violetto;Solcoferreo;248/198
Scarlatto e Violetto;Pepe;249/198
Scarlatto e Violetto;Zim;250/198
Scarlatto e Violetto;Mimosa;251/198
Scarlatto e Violetto;Penny;252/198
Scarlatto e Violetto;Miraidon;253/198
Scarlatto e Violetto;Koraidon;254/198
Scarlatto e Violetto;Minor Ball;255/198
Scarlatto e Violetto;Caramella Rara;256/198
Scarlatto e Violetto;Energia base lampo;257/198
Scarlatto e Violetto;Energia base combattimento;258/198
Scontro Primordiale;Weedle;1/160
Scontro Primordiale;Kakuna;2/160
Scontro Primordiale;Beedrill;3/160
Scontro Primordiale;Tangela;4/160
Scontro Primordiale;Tangrowth;5/160
Scontro Primordiale;Treecko;6/160
Scontro Primordiale;Grovyle;7/160
Scontro Primordiale;Sceptile;8/160
Scontro Primordiale;Sceptile;9/160
Scontro Primordiale;Lotad;10/160
Scontro Primordiale;Lombre;11/160
Scontro Primordiale;Ludicolo;12/160
Scontro Primordiale;Surskit;13/160
Scontro Primordiale;Masquerain;14/160
Scontro Primordiale;Shroomish;15/160
Scontro Primordiale;Breloom;16/160
Scontro Primordiale;Volbeat;17/160
Scontro Primordiale;Illumise;18/160
Scontro Primordiale;Trevenant ex;19/160
Scontro Primordiale;Vulpix;20/160
Scontro Primordiale;Ninetales;21/160
Scontro Primordiale;Slugma;22/160
Scontro Primordiale;Magcargo;23/160
Scontro Primordiale;Magcargo;24/160
Scontro Primordiale;Torchic;25/160
Scontro Primordiale;Torchic;26/160
Scontro Primordiale;Combusken;27/160
Scontro Primordiale;Blaziken;28/160
Scontro Primordiale;Camerupt ex;29/160
Scontro Primordiale;Horsea;30/160
Scontro Primordiale;Seadra;31/160
Scontro Primordiale;Staryu;32/160
Scontro Primordiale;Mudkip;33/160
Scontro Primordiale;Marshtomp;34/160
Scontro Primordiale;Swampert;35/160
Scontro Primordiale;Swampert;36/160
Scontro Primordiale;Ludicolo;37/160
Scontro Primordiale;Wailord ex;38/160
Scontro Primordiale;Barboach;39/160
Scontro Primordiale;Whiscash;40/160
Scontro Primordiale;Whiscash;41/160
Scontro Primordiale;Corphish;42/160
Scontro Primordiale;Feebas;43/160
Scontro Primordiale;Milotic;44/160
Scontro Primordiale;Spheal;45/160
Scontro Primordiale;Spheal;46/160
Scontro Primordiale;Sealeo;47/160
Scontro Primordiale;Walrein;48/160
Scontro Primordiale;Clamperl;49/160
Scontro Primordiale;Huntail;50/160
Scontro Primordiale;Gorebyss;51/160
Scontro Primordiale;Gorebyss;52/160
Scontro Primordiale;Kyogre;53/160
Scontro Primordiale;Kyogre ex;54/160
Scontro Primordiale;Archeo Kyogre ex;55/160
Scontro Primordiale;Manaphy;56/160
Scontro Primordiale;Chinchou;57/160
Scontro Primordiale;Lanturn;58/160
Scontro Primordiale;Electrike;59/160
Scontro Primordiale;Electrike;60/160
Scontro Primordiale;Manectric;61/160
Scontro Primordiale;Tynamo;62/160
Scontro Primordiale;Eelektrik;63/160
Scontro Primordiale;Eelektrik;64/160
Scontro Primordiale;Eelektross;65/160
Scontro Primordiale;Nidoran?;66/160
Scontro Primordiale;Nidorina;67/160
Scontro Primordiale;Nidoqueen;68/160
Scontro Primordiale;Nidoqueen;69/160
Scontro Primordiale;Tentacool;70/160
Scontro Primordiale;Tentacool;71/160
Scontro Primordiale;Tentacruel;72/160
Scontro Primordiale;Starmie;73/160
Scontro Primordiale;Rhyhorn;74/160
Scontro Primordiale;Rhydon;75/160
Scontro Primordiale;Rhyperior;76/160
Scontro Primordiale;Rhyperior;77/160
Scontro Primordiale;Nosepass;78/160
Scontro Primordiale;Meditite;79/160
Scontro Primordiale;Medicham;80/160
Scontro Primordiale;Medicham;81/160
Scontro Primordiale;Trapinch;82/160
Scontro Primordiale;Solrock;83/160
Scontro Primordiale;Groudon;84/160
Scontro Primordiale;Groudon ex;85/160
Scontro Primordiale;Archeo Groudon ex;86/160
Scontro Primordiale;Hippopotas;87/160
Scontro Primordiale;Hippowdon;88/160
Scontro Primordiale;Drilbur;89/160
Scontro Primordiale;Diggersby;90/160
Scontro Primordiale;Sharpedo ex;91/160
Scontro Primordiale;Crawdaunt;92/160
Scontro Primordiale;Aggron ex;93/106
Scontro Primordiale;Aggron ex;94/160
Scontro Primordiale;Probopass;95/160
Scontro Primordiale;Excadrill;96/160
Scontro Primordiale;Excadrill;97/160
Scontro Primordiale;Honedge;98/160
Scontro Primordiale;Doublade;99/160
Scontro Primordiale;Aegislash;100/160
Scontro Primordiale;Mr. Mime;101/160
Scontro Primordiale;Marill;102/160
Scontro Primordiale;Azumarill;103/160
Scontro Primordiale;Azumarill;104/160
Scontro Primordiale;Gardevoir ex;105/160
Scontro Primordiale;MGardevoir ex;106/160
Scontro Primordiale;Kingdra;107/160
Scontro Primordiale;Kingdra;108/160
Scontro Primordiale;Vibrava;109/160
Scontro Primordiale;Flygon;110/160
Scontro Primordiale;Zigzagoon;111/160
Scontro Primordiale;Linoone;112/160
Scontro Primordiale;Skitty;113/160
Scontro Primordiale;Delcatty;114/160
Scontro Primordiale;Spinda;115/160
Scontro Primordiale;Bidoof;116/160
Scontro Primordiale;Bidoof;117/160
Scontro Primordiale;Bibarel;118/160
Scontro Primordiale;Bouffalant;119/160
Scontro Primordiale;Bunnelby;120/160
Scontro Primordiale;Bunnelby;121/160
Scontro Primordiale;Bici da cross;122/160
Scontro Primordiale;Legame Mentale con Aggron;123/160
Scontro Primordiale;Asso nella Manica di Ivan;124/160
Scontro Primordiale;Sub Ball;125/160
Scontro Primordiale;Recupero di Energia;126/160
Scontro Primordiale;Fune di Fuga;127/160
Scontro Primordiale;Condividi Esperienza;128/160
Scontro Primordiale;Set di Acqua Fresca;129/160
Scontro Primordiale;Legame Mentale con Gardevoir;130/160
Scontro Primordiale;Legame Mentale con Groudon;131/160
Scontro Primordiale;Legame Mentale con Kyogre;132/160
Scontro Primordiale;Doppio Passo di Max;133/160
Scontro Primordiale;Parere del Professor Birch;134/160
Scontro Primordiale;Caramella Rara;135/160
Scontro Primordiale;Bis Ball;136/160
Scontro Primordiale;Mare Mosso;137/160
Scontro Primordiale;Terra Infuocata;138/160
Scontro Primordiale;Ara dei Ricordi;139/160
Scontro Primordiale;Studio Insonorizzato;140/160
Scontro Primordiale;Senior & Junior;141/160
Scontro Primordiale;Vulneropolizza;142/160
Scontro Primordiale;Energia Scudo;143/160
Scontro Primordiale;Energia Meraviglia;144/160
Scontro Primordiale;Trevenant ex;145/160
Scontro Primordiale;Camerupt ex;146/160
Scontro Primordiale;Wailord ex;147/160
Scontro Primordiale;Kyogre ex;148/160
Scontro Primordiale;Archeo Kyogre ex;149/160
Scontro Primordiale;Groudon ex;150/160
Scontro Primordiale;Archeo Groudon ex;151/160
Scontro Primordiale;Sharpedo ex;152/160
Scontro Primordiale;Aggron ex;153/106
Scontro Primordiale;MAggron ex;154/160
Scontro Primordiale;Gardevoir ex;155/160
Scontro Primordiale;MGardevoir ex;156/160
Scontro Primordiale;Asso nella Manica di Ivan;157/160
Scontro Primordiale;Doppio Passo di Max;158/160
Scontro Primordiale;Parere del Professor Birch;159/160
Scontro Primordiale;Senior & Junior;160/160
Scontro Primordiale;Sub Ball;161/160
Scontro Primordiale;Supermartello;162/160
Scontro Primordiale;Scambio;163/160
Scontro Primordiale;Vulneropolizza;164/160
Senza Paura;Bellossom;1/90
Senza Paura;Espeon;2/90
Senza Paura;Forretress;3/90
Senza Paura;Gliscor;4/90
Senza Paura;Houndoom;5/90
Senza Paura;Magcargo;6/90
Senza Paura;Scizor;7/90
Senza Paura;Smeargle;8/90
Senza Paura;Togekiss;9/90
Senza Paura;Umbreon;10/90
Senza Paura;Dodrio;11/90
Senza Paura;Drifblim;12/90
Senza Paura;Forretress;13/90
Senza Paura;Hariyama;14/90
Senza Paura;Honchkrow;15/90
Senza Paura;Honchkrow;16/90
Senza Paura;Leafeon;17/90
Senza Paura;Metagross;18/90
Senza Paura;Mismagius;19/90
Senza Paura;Rotom;20/90
Senza Paura;Skarmory;21/90
Senza Paura;Tropius;22/90
Senza Paura;Vespiquen;23/90
Senza Paura;Vileplume;24/90
Senza Paura;Weavile;25/90
Senza Paura;Flareon;26/90
Senza Paura;Gloom;27/90
Senza Paura;Jolteon;28/90
Senza Paura;Lairon;29/90
Senza Paura;Metang;30/90
Senza Paura;Muk;31/90
Senza Paura;Pinsir;32/90
Senza Paura;Raichu;33/90
Senza Paura;Raticate;34/90
Senza Paura;Sableye;35/90
Senza Paura;Scyther;36/90
Senza Paura;Skuntank;37/90
Senza Paura;Slowbro;38/90
Senza Paura;Togetic;39/90
Senza Paura;Unown;40/90
Senza Paura;Vaporeon;41/90
Senza Paura;Aron;42/90
Senza Paura;Beldum;43/90
Senza Paura;Combee;44/90
Senza Paura;Doduo;45/90
Senza Paura;Drifloon;46/90
Senza Paura;Eevee;47/90
Senza Paura;Eevee;48/90
Senza Paura;Gligar;49/90
Senza Paura;Grimer;50/90
Senza Paura;Hitmonchan;51/90
Senza Paura;Hitmonlee;52/90
Senza Paura;Houndour;53/90
Senza Paura;Houndour;54/90
Senza Paura;Makuhita;55/90
Senza Paura;Mawile;56/90
Senza Paura;Misdreavus;57/90
Senza Paura;Murkrow;58/90
Senza Paura;Murkrow;59/90
Senza Paura;Oddish;60/90
Senza Paura;Pikachu;61/90
Senza Paura;Pineco;62/90
Senza Paura;Pineco;63/90
Senza Paura;Rattata;64/90
Senza Paura;Scyther;65/90
Senza Paura;Slowpoke;66/90
Senza Paura;Slugma;67/90
Senza Paura;Sneasel;68/90
Senza Paura;Stunky;69/90
Senza Paura;Togepi;70/90
Senza Paura;Torre Bruciata;71/90
Senza Paura;Difensore;72/90
Senza Paura;Convertitore di Energia;73/90
Senza Paura;Fioraia;74/90
Senza Paura;Scrigno Leggenda;75/90
Senza Paura;Rovine d'Alfa;76/90
Senza Paura;Addestramento del Saggio;77/90
Senza Paura;Tranello del Team Rocket;78/90
Senza Paura;Energia Oscurit;79/90
Senza Paura;Energia Metallo;80/90
Senza Paura;Espeon;81/90
Senza Paura;Houndoom;82/90
Senza Paura;Raichu;83/90
Senza Paura;Scizor;84/90
Senza Paura;Slowking;85/90
Senza Paura;Umbreon;86/90
Senza Paura;Kyogre & Groudon;87/90
Senza Paura;Kyogre & Groudon;88/90
Senza Paura;Rayquaza & Deoxys;89/90
Senza Paura;Rayquaza & Deoxys;90/90
Set Base;Alakazam;1/102
Set Base;Blastoise;2/102
Set Base;Chansey;3/102
Set Base;Charizard;4/102
Set Base;Clefairy;5/102
Set Base;Gyarados;6/102
Set Base;Hitmonchan;7/102
Set Base;Machamp;8/102
Set Base;Magneton;9/102
Set Base;Mewtwo;10/102
Set Base;Nidoking;11/102
Set Base;Ninetales;12/102
Set Base;Poliwrath;13/102
Set Base;Raichu;14/102
Set Base;Venusaur;15/102
Set Base;Zapdos;16/102
Set Base;Beedrill;17/102
Set Base;Dragonair;18/102
Set Base;Dugtrio;19/102
Set Base;Electabuzz;20/102
Set Base;Electrode;21/102
Set Base;Pidgeotto;22/102
Set Base;Arcanine;23/102
Set Base;Charmeleon;24/102
Set Base;Dewgong;25/102
Set Base;Dratini;26/102
Set Base;Farfetch'd;27/102
Set Base;Growlithe;28/102
Set Base;Haunter;29/102
Set Base;Ivysaur;30/102
Set Base;Jynx;31/102
Set Base;Kadabra;32/102
Set Base;Kakuna;33/102
Set Base;Machoke;34/102
Set Base;Magikarp;35/102
Set Base;Magmar;36/102
Set Base;Nidorino;37/102
Set Base;Poliwhirl;38/102
Set Base;Porygon;39/102
Set Base;Raticate;40/102
Set Base;Seel;41/102
Set Base;Wartortle;42/102
Set Base;Abra;43/102
Set Base;Bulbasaur;44/102
Set Base;Caterpie;45/102
Set Base;Charmander;46/102
Set Base;Diglett;47/102
Set Base;Doduo;48/102
Set Base;Drowzee;49/102
Set Base;Gastly;50/102
Set Base;Koffing;51/102
Set Base;Machop;52/102
Set Base;Magnemite;53/102
Set Base;Metapod;54/102
Set Base;Nidoran?;55/102
Set Base;Onix;56/102
Set Base;Pidgey;57/102
Set Base;Pikachu;58/102
Set Base;Poliwag;59/102
Set Base;Ponyta;60/102
Set Base;Rattata;61/102
Set Base;Sandshrew;62/102
Set Base;Squirtle;63/102
Set Base;Starmie;64/102
Set Base;Staryu;65/102
Set Base;Tangela;66/102
Set Base;Voltorb;67/102
Set Base;Vulpix;68/102
Set Base;Weedle;69/102
Set Base;Clefairy Doll;70/102
Set Base;Ricerca Computerizzata;71/102
Set Base;Getto di Involuzione;72/102
Set Base;Professor Oak, l'impostore;73/102
Set Base;Oggetti Smarriti;74/102
Set Base;Pupa;75/102
Set Base;Allevatore di Pok mon;76/102
Set Base;Scambio di Pok mon;77/102
Set Base;Recupero;78/102
Set Base;Super;79/102
Set Base;Difensore;80/102
Set Base;Recupero di Energia;81/102
Set Base;Recupero Totale;82/102
Set Base;Manutenzione;83/102
Set Base;PlusPotenza;84/102
Set Base;Centro Pok mon;85/102
Set Base;Pok Flauto;86/102
Set Base;Pok dex;87/102
Set Base;Professor Oak;88/102
Set Base;Revitalizzazione;89/102
Set Base;Super Pozione Magica;90/102
Set Base;Bill;91/102
Set Base;Distruzione di Energia;92/102
Set Base;Ventata;93/102
Set Base;Pozione Magica;94/102
Set Base;Scambio;95/102
Set Base;Energia Incolore Doppia;96/102
Set Base;Energia Combattimento;97/102
Set Base;Energia Fuoco;98/102
Set Base;Energia Erba;99/102
Set Base;Energia Lampo;100/102
Set Base;Energia Psiche;101/102
Set Base;Energia Acqua;102/102
Sintonia Mentale;Rowlet e Exeggutor di Alola gx;1/236
Sintonia Mentale;Yanma;2/236
Sintonia Mentale;Yanmega;3/236
Sintonia Mentale;Celebi;4/236
Sintonia Mentale;Shroomish;5/236
Sintonia Mentale;Sewaddle;6/236
Sintonia Mentale;Sewaddle;7/236
Sintonia Mentale;Swadloon;8/236
Sintonia Mentale;Leavanny;9/236
Sintonia Mentale;Dwebble;10/236
Sintonia Mentale;Crustle;11/236
Sintonia Mentale;Karrablast;12/236
Sintonia Mentale;Foongus;13/236
Sintonia Mentale;Amoonguss;14/236
Sintonia Mentale;Fomantis;15/236
Sintonia Mentale;Lurantis;16/236
Sintonia Mentale;Bounsweet;17/236
Sintonia Mentale;Steenee;18/236
Sintonia Mentale;Tsareena;19/236
Sintonia Mentale;Dhelmise;20/236
Sintonia Mentale;Magmar;21/236
Sintonia Mentale;Magmortar;22/236
Sintonia Mentale;Numel;23/236
Sintonia Mentale;Camerupt;24/236
Sintonia Mentale;Heatran gx;25/236
Sintonia Mentale;Victini;26/236
Sintonia Mentale;Litwick;27/236
Sintonia Mentale;Litwick;28/236
Sintonia Mentale;Lampent;29/236
Sintonia Mentale;Chandelure;30/236
Sintonia Mentale;Fletchinder;31/236
Sintonia Mentale;Talonflame;32/236
Sintonia Mentale;Salandit;33/236
Sintonia Mentale;Salazzle;34/236
Sintonia Mentale;Slowpoke e Psyduck gx;35/236
Sintonia Mentale;Lapras;36/236
Sintonia Mentale;Snorunt;37/236
Sintonia Mentale;Froslass;38/236
Sintonia Mentale;Finneon;39/236
Sintonia Mentale;Lumineon;40/236
Sintonia Mentale;Snover;41/236
Sintonia Mentale;Abomasnow;42/236
Sintonia Mentale;Basculin;43/236
Sintonia Mentale;Tirtouga;44/236
Sintonia Mentale;Carracosta;45/236
Sintonia Mentale;Cryogonal;46/236
Sintonia Mentale;Keldeo gx;47/236
Sintonia Mentale;Dewpider;48/236
Sintonia Mentale;Araquanid;49/236
Sintonia Mentale;Wimpod;50/236
Sintonia Mentale;Golisopod;51/236
Sintonia Mentale;Pyukumuku;52/236
Sintonia Mentale;Tapu Fini;53/236
Sintonia Mentale;Raichu e Raichu di Alola gx;54/236
Sintonia Mentale;Pikachu;55/236
Sintonia Mentale;Pikachu;56/236
Sintonia Mentale;Raichu di Alola;57/236
Sintonia Mentale;Magnemite;58/236
Sintonia Mentale;Magneton;59/236
Sintonia Mentale;Magnezone;60/236
Sintonia Mentale;Joltik;61/236
Sintonia Mentale;Galvantula;62/236
Sintonia Mentale;Tynamo;63/236
Sintonia Mentale;Tynamo;64/236
Sintonia Mentale;Eelektrik;65/236
Sintonia Mentale;Eelektross;66/236
Sintonia Mentale;Stunfisk;67/236
Sintonia Mentale;Thundurus;68/236
Sintonia Mentale;Tapu Koko;69/236
Sintonia Mentale;Xurkitree;70/236
Sintonia Mentale;Mewtwo e Mew gx;71/236
Sintonia Mentale;Espeon e Deoxys gx;72/236
Sintonia Mentale;Exeggcute;73/236
Sintonia Mentale;Exeggutor;74/236
Sintonia Mentale;Marowak di Alola;75/236
Sintonia Mentale;Jynx;76/236
Sintonia Mentale;Wynaut;77/236
Sintonia Mentale;Latios gx;78/236
Sintonia Mentale;Jirachi gx;79/236
Sintonia Mentale;Drifloon;80/236
Sintonia Mentale;Drifblim;81/236
Sintonia Mentale;Skorupi;82/236
Sintonia Mentale;Uxie;83/236
Sintonia Mentale;Mesprit;84/236
Sintonia Mentale;Azelf;85/236
Sintonia Mentale;Giratina;86/236
Sintonia Mentale;Cresselia;87/236
Sintonia Mentale;Munna;88/236
Sintonia Mentale;Musharna;89/236
Sintonia Mentale;Elgyem;90/236
Sintonia Mentale;Beheeyem;91/236
Sintonia Mentale;Honedge;92/236
Sintonia Mentale;Honedge;93/236
Sintonia Mentale;Doublade;94/236
Sintonia Mentale;Aegislash;95/236
Sintonia Mentale;Mareanie;96/236
Sintonia Mentale;Toxapex;97/236
Sintonia Mentale;Salandit;98/236
Sintonia Mentale;Salazzle;99/236
Sintonia Mentale;Cosmog;100/236
Sintonia Mentale;Necrozma;101/236
Sintonia Mentale;Poipole;102/236
Sintonia Mentale;Onix;103/236
Sintonia Mentale;Steelix;104/236
Sintonia Mentale;Cubone;105/236
Sintonia Mentale;Aerodactyl gx;106/236
Sintonia Mentale;Heracross;107/236
Sintonia Mentale;Breloom;108/236
Sintonia Mentale;Meditite;109/236
Sintonia Mentale;Medicham;110/236
Sintonia Mentale;Relicanth;111/236
Sintonia Mentale;Gible;112/236
Sintonia Mentale;Gabite;113/236
Sintonia Mentale;Garchomp;114/236
Sintonia Mentale;Riolu;115/236
Sintonia Mentale;Riolu;116/236
Sintonia Mentale;Lucario;117/236
Sintonia Mentale;Drilbur;118/236
Sintonia Mentale;Excadrill;119/236
Sintonia Mentale;Archen;120/236
Sintonia Mentale;Archeops;121/236
Sintonia Mentale;Terrakion;122/236
Sintonia Mentale;Meloetta;123/236
Sintonia Mentale;Zygarde;124/236
Sintonia Mentale;Umbreon e Darkrai gx;125/236
Sintonia Mentale;Mega Sableye e Tyranitar gx;126/236
Sintonia Mentale;Grimer di Alola;127/236
Sintonia Mentale;Murkrow;128/236
Sintonia Mentale;Murkrow;129/236
Sintonia Mentale;Honchkrow;130/236
Sintonia Mentale;Sneasel;131/236
Sintonia Mentale;Weavile;132/236
Sintonia Mentale;Sableye;133/236
Sintonia Mentale;Drapion;134/236
Sintonia Mentale;Purrloin;135/236
Sintonia Mentale;Liepard;136/236
Sintonia Mentale;Scraggy;137/236
Sintonia Mentale;Scrafty;138/236
Sintonia Mentale;Yveltal;139/236
Sintonia Mentale;Hoopa;140/236
Sintonia Mentale;Mawile gx;141/236
Sintonia Mentale;Escavalier;142/236
Sintonia Mentale;Cottonee;143/236
Sintonia Mentale;Whimsicott;144/236
Sintonia Mentale;Dedenne;145/236
Sintonia Mentale;Garchomp e Giratina gx;146/236
Sintonia Mentale;Dratini;147/236
Sintonia Mentale;Dratini;148/236
Sintonia Mentale;Dragonair;149/236
Sintonia Mentale;Dragonair;150/236
Sintonia Mentale;Dragonite;151/236
Sintonia Mentale;Dragonite gx;152/236
Sintonia Mentale;Latias;153/236
Sintonia Mentale;Axew;154/236
Sintonia Mentale;Fraxure;155/236
Sintonia Mentale;Haxorus;156/236
Sintonia Mentale;Druddigon;157/236
Sintonia Mentale;Noibat;158/236
Sintonia Mentale;Noivern;159/236
Sintonia Mentale;Naganadel gx;160/236
Sintonia Mentale;Lickitung;161/236
Sintonia Mentale;Lickilicky;162/236
Sintonia Mentale;Kangaskhan;163/236
Sintonia Mentale;Tauros;164/236
Sintonia Mentale;Hoothoot;165/236
Sintonia Mentale;Noctowl;166/236
Sintonia Mentale;Slakoth;167/236
Sintonia Mentale;Slakoth;168/236
Sintonia Mentale;Vigoroth;169/236
Sintonia Mentale;Slaking;170/236
Sintonia Mentale;Bidoof;171/236
Sintonia Mentale;Bibarel;172/236
Sintonia Mentale;Munchlax;173/236
Sintonia Mentale;Pidove;174/236
Sintonia Mentale;Tranquill;175/236
Sintonia Mentale;Unfezant;176/236
Sintonia Mentale;Audino;177/236
Sintonia Mentale;Tornadus;178/236
Sintonia Mentale;Fletchling;179/236
Sintonia Mentale;Yungoos;180/236
Sintonia Mentale;Gumshoos;181/236
Sintonia Mentale;Oranguru;182/236
Sintonia Mentale;Tipo Zero;183/236
Sintonia Mentale;Silvally;184/236
Sintonia Mentale;Komala;185/236
Sintonia Mentale;Quiz di Blaine;186/236
Sintonia Mentale;Citt Polare;187/236
Sintonia Mentale;Tattica di Blu;188/236
Sintonia Mentale;Pigliamosche;189/236
Sintonia Mentale;Medium;190/236
Sintonia Mentale;Pregio Ball;191/236
Sintonia Mentale;Coach;192/236
Sintonia Mentale;Citt Oscura;193/236
Sintonia Mentale;Campana Assordante;194/236
Sintonia Mentale;Volantium Z: Eterelama;195/236
Sintonia Mentale;Bomba Gigante;196/236
Sintonia Mentale;Focolare Gigante;197/236
Sintonia Mentale;Gran Pozione;198/236
Sintonia Mentale;Mirton;199/236
Sintonia Mentale;Hapi;200/236
Sintonia Mentale;Cintura da Karate;201/236
Sintonia Mentale;Cortesia di Misty;202/236
Sintonia Mentale;Normium Z: Azione;203/236
Sintonia Mentale;Pok fanatico;204/236
Sintonia Mentale;Laboratorio Pok mon;205/236
Sintonia Mentale;Timbro Reset;206/236
Sintonia Mentale;Foresta Sonnecchiosa;207/236
Sintonia Mentale;Navigatore Stadio;208/236
Sintonia Mentale;Scambio Alleato;209/236
Sintonia Mentale;Fossile Sconosciuto;210/236
Sintonia Mentale;Tavola da Inversione;211/236
Sintonia Mentale;Energia Riciclo;212/236
Sintonia Mentale;Energia Blocco Debolezza;213/236
Sintonia Mentale;Rowlet e Exeggutor di Alola gx;214/236
Sintonia Mentale;Rowlet e Exeggutor di Alola gx;215/236
Sintonia Mentale;Heatran gx;216/236
Sintonia Mentale;Slowpoke e Psyduck gx;217/236
Sintonia Mentale;Slowpoke e Psyduck gx;218/236
Sintonia Mentale;Keldeo gx;219/236
Sintonia Mentale;Raichu e Raichu di Alola gx;220/236
Sintonia Mentale;Raichu e Raichu di Alola gx;221/236
Sintonia Mentale;Mewtwo e Mew gx;222/236
Sintonia Mentale;Latios gx;223/236
Sintonia Mentale;Aerodactyl gx;224/236
Sintonia Mentale;Mega Sableye e Tyranitar gx;225/236
Sintonia Mentale;Mega Sableye e Tyranitar gx;226/236
Sintonia Mentale;Mawile gx;227/236
Sintonia Mentale;Garchomp e Giratina gx;228/236
Sintonia Mentale;Dragonite gx;229/236
Sintonia Mentale;Naganadel gx;230/236
Sintonia Mentale;Tattica di Blu;231/236
Sintonia Mentale;Medium;232/236
Sintonia Mentale;Coach;233/236
Sintonia Mentale;Mirton;234/236
Sintonia Mentale;Cortesia di Misty;235/236
Sintonia Mentale;Pok fanatico;236/236
Sintonia Mentale;Rowlet e Exeggutor di Alola gx;237/236
Sintonia Mentale;Heatran gx;238/236
Sintonia Mentale;Slowpoke e Psyduck gx;239/236
Sintonia Mentale;Keldeo gx;240/236
Sintonia Mentale;Raichu e Raichu di Alola gx;241/236
Sintonia Mentale;Mewtwo e Mew gx;242/236
Sintonia Mentale;Latios gx;243/236
Sintonia Mentale;Aerodactyl gx;244/236
Sintonia Mentale;Mega Sableye e Tyranitar gx;245/236
Sintonia Mentale;Mawile gx;246/236
Sintonia Mentale;Garchomp e Giratina gx;247/236
Sintonia Mentale;Dragonite gx;248/236
Sintonia Mentale;Naganadel gx;249/236
Sintonia Mentale;Pregio Ball;250/236
Sintonia Mentale;Bomba Gigante;251/236
Sintonia Mentale;Cintura da Karate;252/236
Sintonia Mentale;Timbro Reset;253/236
Sintonia Mentale;Scambio Alleato;254/236
Sintonia Mentale;Tavola da Inversione;255/236
Sintonia Mentale;Bosco Smeraldo;256/236
Sintonia Mentale;Energia Riciclo;257/236
Sintonia Mentale;Energia Blocco Debolezza;258/236
Skyridge;Aerodactyl;1/144
Skyridge;Alakazam;2/144
Skyridge;Arcanine;3/144
Skyridge;Articuno;4/144
Skyridge;Beedrill;5/144
Skyridge;Crobat;6/144
Skyridge;Dewgong;7/144
Skyridge;Flareon;8/144
Skyridge;Forretress;9/144
Skyridge;Gengar;10/144
Skyridge;Gyarados;11/144
Skyridge;Houndoom;12/144
Skyridge;Jolteon;13/144
Skyridge;Kabutops;14/144
Skyridge;Ledian;15/144
Skyridge;Machamp;16/144
Skyridge;Magcargo;17/144
Skyridge;Magcargo;18/144
Skyridge;Magneton;19/144
Skyridge;Magneton;20/144
Skyridge;Moltres;21/144
Skyridge;Nidoqueen;22/144
Skyridge;Omastar;23/144
Skyridge;Piloswine;24/144
Skyridge;Politoed;25/144
Skyridge;Poliwrath;26/144
Skyridge;Raichu;27/144
Skyridge;Raikou;28/144
Skyridge;Rhydon;29/144
Skyridge;Starmie;30/144
Skyridge;Steelix;31/144
Skyridge;Umbreon;32/144
Skyridge;Vaporeon;33/144
Skyridge;Wigglytuff;34/144
Skyridge;Xatu;35/144
Skyridge;Electrode;36/144
Skyridge;Kabuto;37/144
Skyridge;Machoke;38/144
Skyridge;Misdreavus;39/144
Skyridge;Noctowl;40/144
Skyridge;Omanyte;41/144
Skyridge;Persian;42/144
Skyridge;Piloswine;43/144
Skyridge;Starmie;44/144
Skyridge;Wobbuffet;45/144
Skyridge;Abra;46/144
Skyridge;Buried Fossil;47/144
Skyridge;Cleffa;48/144
Skyridge;Delibird;49/144
Skyridge;Diglett;50/144
Skyridge;Ditto;51/144
Skyridge;Dugtrio;52/144
Skyridge;Dunsparce;53/144
Skyridge;Eevee;54/144
Skyridge;Farfetch'd;55/144
Skyridge;Forretress;56/144
Skyridge;Gastly;57/144
Skyridge;Girafarig;58/144
Skyridge;Gligar;59/144
Skyridge;Golbat;60/144
Skyridge;Granbull;61/144
Skyridge;Growlithe;62/144
Skyridge;Haunter;63/144
Skyridge;Heracross;64/144
Skyridge;Hoothoot;65/144
Skyridge;Houndour;66/144
Skyridge;Igglybuff;67/144
Skyridge;Jigglypuff;68/144
Skyridge;Kadabra;69/144
Skyridge;Kakuna;70/144
Skyridge;Lapras;71/144
Skyridge;Ledyba;72/144
Skyridge;Ledyba;73/144
Skyridge;Machop;74/144
Skyridge;Magikarp;75/144
Skyridge;Magnemite;76/144
Skyridge;Mantine;77/144
Skyridge;Meowth;78/144
Skyridge;Murkrow;79/144
Skyridge;Natu;80/144
Skyridge;Nidoran?;81/144
Skyridge;Nidoran?;82/144
Skyridge;Nidorina;83/144
Skyridge;Pikachu;84/144
Skyridge;Pineco;85/144
Skyridge;Pineco;86/144
Skyridge;Poliwag;87/144
Skyridge;Poliwhirl;88/144
Skyridge;Raticate;89/144
Skyridge;Rattata;90/144
Skyridge;Rhyhorn;91/144
Skyridge;Sandshrew;92/144
Skyridge;Sandslash;93/144
Skyridge;Seel;94/144
Skyridge;Seel;95/144
Skyridge;Shuckle;96/144
Skyridge;Skarmory;97/144
Skyridge;Slugma;98/144
Skyridge;Slugma;99/144
Skyridge;Snorlax;100/144
Skyridge;Snubbull;101/144
Skyridge;Stantler;102/144
Skyridge;Staryu;103/144
Skyridge;Staryu;104/144
Skyridge;Sunflora;105/144
Skyridge;Sunkern;106/144
Skyridge;Swinub;107/144
Skyridge;Swinub;108/144
Skyridge;Teddiursa;109/144
Skyridge;Ursaring;110/144
Skyridge;Venomoth;111/144
Skyridge;Venonat;112/144
Skyridge;Voltorb;113/144
Skyridge;Weedle;114/144
Skyridge;Weedle;115/144
Skyridge;Yanma;116/144
Skyridge;Zubat;117/144
Skyridge;Zubat;118/144
Skyridge;Rovine Antiche;119/144
Skyridge;Cacciatore di Reliquie;120/144
Skyridge;Costruttore di Apricorn;121/144
Skyridge;Frammento Cristallino;122/144
Skyridge;Shamano del Deserto;123/144
Skyridge;Palla Rapida;124/144
Skyridge;Pescatore;125/144
Skyridge;Palla Amica;126/144
Skyridge;Iper Pozione Magica;127/144
Skyridge;Palla Esca;128/144
Skyridge;Sfera Miracolosa a;129/144
Skyridge;Sfera Miracolosa;130/144
Skyridge;Sfera Miracolosa ?;131/144
Skyridge;Stadio Miraggio;132/144
Skyridge;Piatto Misterioso a;133/144
Skyridge;Piatto Misterioso;134/144
Skyridge;Piatto Misterioso ?;135/144
Skyridge;Piatto Misterioso d;136/144
Skyridge;Zona del Mistero;137/144
Skyridge;Oracolo;138/144
Skyridge;Pezzo di Stella;139/144
Skyridge;Spedizione Sotterranea;140/144
Skyridge;Lago Sotterraneo;141/144
Skyridge;Energia Rimbalzo;142/144
Skyridge;Energia Ciclone;143/144
Skyridge;Energia Retro;144/144
Skyridge;Celebi;145/144
Skyridge;Charizard;146/144
Skyridge;Crobat;147/144
Skyridge;Golem;148/144
Skyridge;Ho;149/144
Skyridge;Kabutops;150/144
Sole e Luna;Caterpie;1/149
Sole e Luna;Metapod;2/149
Sole e Luna;Butterfree;3/149
Sole e Luna;Paras;4/149
Sole e Luna;Parasect;5/149
Sole e Luna;Pinsir;6/149
Sole e Luna;Surskit;7/149
Sole e Luna;Masquerain;8/149
Sole e Luna;Rowlet;9/149
Sole e Luna;Dartrix;10/149
Sole e Luna;Decidueye;11/149
Sole e Luna;Decidueye gx;12/149
Sole e Luna;Grubbin;13/149
Sole e Luna;Fomantis;14/149
Sole e Luna;Lurantis gx;15/149
Sole e Luna;Morelull;16/149
Sole e Luna;Shiinotic;17/149
Sole e Luna;Bounsweet;18/149
Sole e Luna;Steenee;19/149
Sole e Luna;Tsareena;20/149
Sole e Luna;Growlithe;21/149
Sole e Luna;Arcanine;22/149
Sole e Luna;Torkoal;23/149
Sole e Luna;Litten;24/149
Sole e Luna;Torracat;25/149
Sole e Luna;Incineroar;26/149
Sole e Luna;Incineroar gx;27/149
Sole e Luna;Psyduck;28/149
Sole e Luna;Golduck;29/149
Sole e Luna;Poliwag;30/149
Sole e Luna;Poliwhirl;31/149
Sole e Luna;Poliwrath;32/149
Sole e Luna;Shellder;33/149
Sole e Luna;Cloyster;34/149
Sole e Luna;Lapras gx;35/149
Sole e Luna;Corsola;36/149
Sole e Luna;Wingull;37/149
Sole e Luna;Pelipper;38/149
Sole e Luna;Popplio;39/149
Sole e Luna;Brionne;40/149
Sole e Luna;Primarina;41/149
Sole e Luna;Primarina gx;42/149
Sole e Luna;Crabominable;43/149
Sole e Luna;Wishiwashi;44/149
Sole e Luna;Dewpider;45/149
Sole e Luna;Araquanid;46/149
Sole e Luna;Pyukumuku;47/149
Sole e Luna;Bruxish;48/149
Sole e Luna;Chinchou;49/149
Sole e Luna;Lanturn;50/149
Sole e Luna;Charjabug;51/149
Sole e Luna;Vikavolt;52/149
Sole e Luna;Togedemaru;53/149
Sole e Luna;Zubat;54/149
Sole e Luna;Golbat;55/149
Sole e Luna;Crobat;56/149
Sole e Luna;Grimer di Alola;57/149
Sole e Luna;Muk di Alola;58/149
Sole e Luna;Drowzee;59/149
Sole e Luna;Hypno;60/149
Sole e Luna;Espeon gx;61/149
Sole e Luna;Mareanie;62/149
Sole e Luna;Toxapex;63/149
Sole e Luna;Cosmog;64/149
Sole e Luna;Cosmoem;65/149
Sole e Luna;Lunala gx;66/149
Sole e Luna;Makuhita;67/149
Sole e Luna;Hariyama;68/149
Sole e Luna;Roggenrola;69/149
Sole e Luna;Boldore;70/149
Sole e Luna;Gigalith;71/149
Sole e Luna;Crabrawler;72/149
Sole e Luna;Passimian;73/149
Sole e Luna;Sandygast;74/149
Sole e Luna;Palossand;75/149
Sole e Luna;Rattata di Alola;76/149
Sole e Luna;Raticate di Alola;77/149
Sole e Luna;Meowth di Alola;78/149
Sole e Luna;Persian di Alola;79/149
Sole e Luna;Umbreon gx;80/149
Sole e Luna;Carvanha;81/149
Sole e Luna;Sharpedo;82/149
Sole e Luna;Sandile;83/149
Sole e Luna;Krokorok;84/149
Sole e Luna;Krookodile;85/149
Sole e Luna;Diglett di Alola;86/149
Sole e Luna;Dugtrio di Alola;87/149
Sole e Luna;Skarmory;88/149
Sole e Luna;Solgaleo gx;89/149
Sole e Luna;Snubbull;90/149
Sole e Luna;Granbull;91/149
Sole e Luna;Cutiefly;92/149
Sole e Luna;Ribombee;93/149
Sole e Luna;Dratini;94/149
Sole e Luna;Dragonair;95/149
Sole e Luna;Dragonite;96/149
Sole e Luna;Spearow;97/149
Sole e Luna;Fearow;98/149
Sole e Luna;Kangaskhan;99/149
Sole e Luna;Tauros gx;100/149
Sole e Luna;Eevee;101/149
Sole e Luna;Spinda;102/149
Sole e Luna;Lillipup;103/149
Sole e Luna;Herdier;104/149
Sole e Luna;Stoutland;105/149
Sole e Luna;Pikipek;106/149
Sole e Luna;Trumbeak;107/149
Sole e Luna;Toucannon;108/149
Sole e Luna;Yungoos;109/149
Sole e Luna;Gumshoos gx;110/149
Sole e Luna;Stufful;111/149
Sole e Luna;Bewear;112/149
Sole e Luna;Oranguru;113/149
Sole e Luna;Malasada maxi;114/149
Sole e Luna;Martello Dirompente;115/149
Sole e Luna;Recupero di Energia;116/149
Sole e Luna;Scambio di Energia;117/149
Sole e Luna;Condividi Esperienza;118/149
Sole e Luna;Mega Ball;119/149
Sole e Luna;Hau;120/149
Sole e Luna;Liam;121/149
Sole e Luna;Lylia;122/149
Sole e Luna;Minor Ball;123/149
Sole e Luna;Velenaculeo;124/149
Sole e Luna;Pok Ball;125/149
Sole e Luna;Acchiappa;126/149
Sole e Luna;Pozione;127/149
Sole e Luna;Professor Kukui;128/149
Sole e Luna;Caramella Rara;129/149
Sole e Luna;Repellente;130/149
Sole e Luna;Pok dex Rotom;131/149
Sole e Luna;Scambio;132/149
Sole e Luna;Recluta del Team Skull;133/149
Sole e Luna;Timer Ball;134/149
Sole e Luna;Ultra Ball;135/149
Sole e Luna;Energia Incolore Doppia;136/149
Sole e Luna;Energia Arcobaleno;137/149
Sole e Luna;Lurantis gx;138/149
Sole e Luna;Lapras gx;139/149
Sole e Luna;Espeon gx;140/149
Sole e Luna;Lunala gx;141/149
Sole e Luna;Umbreon gx;142/149
Sole e Luna;Solgaleo gx;143/149
Sole e Luna;Tauros gx;144/149
Sole e Luna;Gumshoos gx;145/149
Sole e Luna;Liam;146/149
Sole e Luna;Lylia;147/149
Sole e Luna;Professor Kukui;148/149
Sole e Luna;Recluta del Team Skull;149/149
Sole e Luna;Lurantis gx;150/149
Sole e Luna;Lapras gx;151/149
Sole e Luna;Espeon gx;152/149
Sole e Luna;Lunala gx;153/149
Sole e Luna;Umbreon gx;154/149
Sole e Luna;Solgaleo gx;155/149
Sole e Luna;Tauros gx;156/149
Sole e Luna;Gumshoos gx;157/149
Sole e Luna;Minor Ball;158/149
Sole e Luna;Pok dex Rotom;159/149
Sole e Luna;Scambio;160/149
Sole e Luna;Ultra Ball;161/149
Sole e Luna;Energia Psiche;162/149
Sole e Luna;Energia Metallo;163/149
Spada e Scudo;Celebi V;1/202
Spada e Scudo;Roselia;2/202
Spada e Scudo;Roselia;3/202
Spada e Scudo;Roserade;4/202
Spada e Scudo;Cottonee;5/202
Spada e Scudo;Whimsicott;6/202
Spada e Scudo;Maractus;7/202
Spada e Scudo;Durant;8/202
Spada e Scudo;Dhelmise V;9/202
Spada e Scudo;Grookey;10/202
Spada e Scudo;Grookey;11/202
Spada e Scudo;Thwackey;12/202
Spada e Scudo;Thwackey;13/202
Spada e Scudo;Rillaboom;14/202
Spada e Scudo;Rillaboom;15/202
Spada e Scudo;Blipbug;16/202
Spada e Scudo;Blipbug;17/202
Spada e Scudo;Dottler;18/202
Spada e Scudo;Orbeetle;19/202
Spada e Scudo;Gossifleur;20/202
Spada e Scudo;Eldegoss;21/202
Spada e Scudo;Vulpix;22/202
Spada e Scudo;Ninetales;23/202
Spada e Scudo;Torkoal V;24/202
Spada e Scudo;Victini V;25/202
Spada e Scudo;Heatmor;26/202
Spada e Scudo;Salandit;27/202
Spada e Scudo;Salazzle;28/202
Spada e Scudo;Turtonator;29/202
Spada e Scudo;Scorbunny;30/202
Spada e Scudo;Scorbunny;31/202
Spada e Scudo;Raboot;32/202
Spada e Scudo;Raboot;33/202
Spada e Scudo;Cinderace;34/202
Spada e Scudo;Cinderace;35/202
Spada e Scudo;Cinderace;36/202
Spada e Scudo;Sizzlipede;37/202
Spada e Scudo;Sizzlipede;38/202
Spada e Scudo;Centiskorch;39/202
Spada e Scudo;Shellder;40/202
Spada e Scudo;Cloyster;41/202
Spada e Scudo;Krabby;42/202
Spada e Scudo;Krabby;43/202
Spada e Scudo;Kingler;44/202
Spada e Scudo;Goldeen;45/202
Spada e Scudo;Goldeen;46/202
Spada e Scudo;Seaking;47/202
Spada e Scudo;Lapras;48/202
Spada e Scudo;Lapras V;49/202
Spada e Scudo;Lapras VMAX;50/202
Spada e Scudo;Qwilfish;51/202
Spada e Scudo;Mantine;52/202
Spada e Scudo;Keldeo V;53/202
Spada e Scudo;Sobble;54/202
Spada e Scudo;Sobble;55/202
Spada e Scudo;Drizzile;56/202
Spada e Scudo;Drizzile;57/202
Spada e Scudo;Inteleon;58/202
Spada e Scudo;Inteleon;59/202
Spada e Scudo;Chewtle;60/202
Spada e Scudo;Drednaw;61/202
Spada e Scudo;Cramorant;62/202
Spada e Scudo;Snom;63/202
Spada e Scudo;Frosmoth;64/202
Spada e Scudo;Pikachu;65/202
Spada e Scudo;Raichu;66/202
Spada e Scudo;Chinchou;67/202
Spada e Scudo;Chinchou;68/202
Spada e Scudo;Lanturn;69/202
Spada e Scudo;Joltik;70/202
Spada e Scudo;Galvantula;71/202
Spada e Scudo;Tapu Koko V;72/202
Spada e Scudo;Yamper;73/202
Spada e Scudo;Yamper;74/202
Spada e Scudo;Boltund;75/202
Spada e Scudo;Boltund;76/202
Spada e Scudo;Pincurchin;77/202
Spada e Scudo;Morpeko;78/202
Spada e Scudo;Morpeko V;79/202
Spada e Scudo;Morpeko VMAX;80/202
Spada e Scudo;Ponyta di Galar;81/202
Spada e Scudo;Rapidash di Galar;82/202
Spada e Scudo;Gastly;83/202
Spada e Scudo;Haunter;84/202
Spada e Scudo;Gengar;85/202
Spada e Scudo;Wobbuffet V;86/202
Spada e Scudo;Munna;87/202
Spada e Scudo;Musharna;88/202
Spada e Scudo;Sinistea;89/202
Spada e Scudo;Polteageist;90/202
Spada e Scudo;Indeedee V;91/202
Spada e Scudo;Diglett;92/202
Spada e Scudo;Dugtrio;93/202
Spada e Scudo;Hitmonlee;94/202
Spada e Scudo;Hitmonchan;95/202
Spada e Scudo;Rhyhorn;96/202
Spada e Scudo;Rhyhorn;97/202
Spada e Scudo;Rhydon;98/202
Spada e Scudo;Rhyperior;99/202
Spada e Scudo;Sudowoodo;100/202
Spada e Scudo;Baltoy;101/202
Spada e Scudo;Baltoy;102/202
Spada e Scudo;Claydol;103/202
Spada e Scudo;Regirock V;104/202
Spada e Scudo;Mudbray;105/202
Spada e Scudo;Mudsdale;106/202
Spada e Scudo;Silicobra;107/202
Spada e Scudo;Silicobra;108/202
Spada e Scudo;Sandaconda;109/202
Spada e Scudo;Sandaconda;110/202
Spada e Scudo;Clobbopus;111/202
Spada e Scudo;Clobbopus;112/202
Spada e Scudo;Grapploct;113/202
Spada e Scudo;Stonjourner;114/202
Spada e Scudo;Stonjourner V;115/202
Spada e Scudo;Stonjourner VMAX;116/202
Spada e Scudo;Zigzagoon di Galar;117/202
Spada e Scudo;Linoone di Galar;118/202
Spada e Scudo;Obstagoon di Galar;119/202
Spada e Scudo;Sableye V;120/202
Spada e Scudo;Skorupi;121/202
Spada e Scudo;Drapion;122/202
Spada e Scudo;Croagunk;123/202
Spada e Scudo;Toxicroak;124/202
Spada e Scudo;Nickit;125/202
Spada e Scudo;Thievul;126/202
Spada e Scudo;Meowth di Galar;127/202
Spada e Scudo;Perrserker di Galar;128/202
Spada e Scudo;Mawile;129/202
Spada e Scudo;Ferroseed;130/202
Spada e Scudo;Ferrothorn;131/202
Spada e Scudo;Stunfisk di Galar;132/202
Spada e Scudo;Pawniard;133/202
Spada e Scudo;Bisharp;134/202
Spada e Scudo;Corviknight;135/202
Spada e Scudo;Cufant;136/202
Spada e Scudo;Copperajah;137/202
Spada e Scudo;Zacian V;138/202
Spada e Scudo;Zamazenta V;139/202
Spada e Scudo;Snorlax;140/202
Spada e Scudo;Snorlax V;141/202
Spada e Scudo;Snorlax VMAX;142/202
Spada e Scudo;Hoothoot;143/202
Spada e Scudo;Noctowl;144/202
Spada e Scudo;Minccino;145/202
Spada e Scudo;Minccino;146/202
Spada e Scudo;Cinccino;147/202
Spada e Scudo;Oranguru;148/202
Spada e Scudo;Drampa;149/202
Spada e Scudo;Rookidee;150/202
Spada e Scudo;Corvisquire;151/202
Spada e Scudo;Wooloo;152/202
Spada e Scudo;Wooloo;153/202
Spada e Scudo;Dubwool;154/202
Spada e Scudo;Cramorant V;155/202
Spada e Scudo;Palloncino;156/202
Spada e Scudo;Beet;157/202
Spada e Scudo;Amuleto Grande;158/202
Spada e Scudo;Martello Dirompente;159/202
Spada e Scudo;Recupero di Energia;160/202
Spada e Scudo;Ricerca di Energia;161/202
Spada e Scudo;Scambio di Energia;162/202
Spada e Scudo;Evoaroma;163/202
Spada e Scudo;Mega Ball;164/202
Spada e Scudo;Hop;165/202
Spada e Scudo;Iperpozione;166/202
Spada e Scudo;Fortunuovo;167/202
Spada e Scudo;Baccaprugna;168/202
Spada e Scudo;Mary;169/202
Spada e Scudo;Piatto di Metallo;170/202
Spada e Scudo;Amo Normale;171/202
Spada e Scudo;Blocco Amici;172/202
Spada e Scudo;Pok Bimbo;173/202
Spada e Scudo;Pok gear 3.0;174/202
Spada e Scudo;Acchiappa;175/202
Spada e Scudo;Addetta del Centro Pok mon;176/202
Spada e Scudo;Pozione;177/202
Spada e Scudo;Ricerca Accademica [Professoressa Flora];178/202
Spada e Scudo;Velox Ball;179/202
Spada e Scudo;Caramella Rara;180/202
Spada e Scudo;Bici Rotom;181/202
Spada e Scudo;Baccacedro;182/202
Spada e Scudo;Scambio;183/202
Spada e Scudo;Recluta del Team Yell;184/202
Spada e Scudo;Bendavitale;185/202
Spada e Scudo;Energia Aurora;186/202
Spada e Scudo;Dhelmise V;187/202
Spada e Scudo;Torkoal V;188/202
Spada e Scudo;Lapras V;189/202
Spada e Scudo;Morpeko V;190/202
Spada e Scudo;Wobbuffet V;191/202
Spada e Scudo;Indeedee V;192/202
Spada e Scudo;Stonjourner V;193/202
Spada e Scudo;Sableye V;194/202
Spada e Scudo;Zacian V;195/202
Spada e Scudo;Zamazenta V;196/202
Spada e Scudo;Snorlax V;197/202
Spada e Scudo;Cramorant V;198/202
Spada e Scudo;Beet;199/202
Spada e Scudo;Mary;200/202
Spada e Scudo;Ricerca Accademica [Professoressa Flora];201/202
Spada e Scudo;Recluta del Team Yell;202/202
Spada e Scudo;Lapras VMAX;203/202
Spada e Scudo;Morpeko VMAX;204/202
Spada e Scudo;Stonjourner VMAX;205/202
Spada e Scudo;Snorlax VMAX;206/202
Spada e Scudo;Beet;207/202
Spada e Scudo;Mary;208/202
Spada e Scudo;Ricerca Accademica [Professoressa Flora];209/202
Spada e Scudo;Recluta del Team Yell;210/202
Spada e Scudo;Zacian V;211/202
Spada e Scudo;Zamazenta V;212/202
Spada e Scudo;Palloncino;213/202
Spada e Scudo;Piatto di Metallo;214/202
Spada e Scudo;Amo Normale;215/202
Spada e Scudo;Velox Ball;216/202
Stili di Lotta;Bellsprout;1/163
Stili di Lotta;Weepinbell;2/163
Stili di Lotta;Victreebel;3/163
Stili di Lotta;Cacnea;4/163
Stili di Lotta;Cacturne;5/163
Stili di Lotta;Kricketune;6/163
Stili di Lotta;Cherubi;7/163
Stili di Lotta;Cherrim;8/163
Stili di Lotta;Carnivine;9/163
Stili di Lotta;Durant;10/163
Stili di Lotta;Scatterbug;11/163
Stili di Lotta;Spewpa;12/163
Stili di Lotta;Vivillon;13/163
Stili di Lotta;Fomantis;14/163
Stili di Lotta;Lurantis;15/163
Stili di Lotta;Tapu Bulu;16/163
Stili di Lotta;Blipbug;17/163
Stili di Lotta;Flapple;18/163
Stili di Lotta;Flapple;19/163
Stili di Lotta;Entei;20/163
Stili di Lotta;Victini;21/163
Stili di Lotta;Victini;22/163
Stili di Lotta;Tepig;23/163
Stili di Lotta;Pignite;24/163
Stili di Lotta;Emboar;25/163
Stili di Lotta;Heatmor;26/163
Stili di Lotta;Salandit;27/163
Stili di Lotta;Salazzle;28/163
Stili di Lotta;Sizzlipede;29/163
Stili di Lotta;Centiskorch;30/163
Stili di Lotta;Horsea;31/163
Stili di Lotta;Seadra;32/163
Stili di Lotta;Kingdra;33/163
Stili di Lotta;Mr. Mime di Galar;34/163
Stili di Lotta;Mr. Rime di Galar;35/163
Stili di Lotta;Remoraid;36/163
Stili di Lotta;Octillery;37/163
Stili di Lotta;Corphish;38/163
Stili di Lotta;Crawdaunt;39/163
Stili di Lotta;Empoleon;40/163
Stili di Lotta;Frillish;41/163
Stili di Lotta;Jellicent;42/163
Stili di Lotta;Bruxish;43/163
Stili di Lotta;Electabuzz;44/163
Stili di Lotta;Electivire;45/163
Stili di Lotta;Shinx;46/163
Stili di Lotta;Luxio;47/163
Stili di Lotta;Luxray;48/163
Stili di Lotta;Pachirisu;49/163
Stili di Lotta;Tapu Koko;50/163
Stili di Lotta;Tapu Koko;51/163
Stili di Lotta;Yamper;52/163
Stili di Lotta;Boltund;53/163
Stili di Lotta;Slowpoke di Galar;54/163
Stili di Lotta;Spoink;55/163
Stili di Lotta;Grumpig;56/163
Stili di Lotta;Baltoy;57/163
Stili di Lotta;Claydol;58/163
Stili di Lotta;Chimecho;59/163
Stili di Lotta;Espurr;60/163
Stili di Lotta;Meowstic;61/163
Stili di Lotta;Mimikyu;62/163
Stili di Lotta;Necrozma;63/163
Stili di Lotta;Dottler;64/163
Stili di Lotta;Orbeetle;65/163
Stili di Lotta;Mankey;66/163
Stili di Lotta;Primeape;67/163
Stili di Lotta;Onix;68/163
Stili di Lotta;Cubone;69/163
Stili di Lotta;Marowak;70/163
Stili di Lotta;Gligar;71/163
Stili di Lotta;Gliscor;72/163
Stili di Lotta;Timburr;73/163
Stili di Lotta;Gurdurr;74/163
Stili di Lotta;Conkeldurr;75/163
Stili di Lotta;Mienfoo;76/163
Stili di Lotta;Mienshao;77/163
Stili di Lotta;Rolycoly;78/163
Stili di Lotta;Carkol;79/163
Stili di Lotta;Coalossal;80/163
Stili di Lotta;Silicobra;81/163
Stili di Lotta;Sandaconda;82/163
Stili di Lotta;Falinks;83/163
Stili di Lotta;Stonjourner;84/163
Stili di Lotta;Urshifu Singolcolpo;85/163
Stili di Lotta;Urshifu Singolcolpo;86/163
Stili di Lotta;Urshifu Pluricolpo;87/163
Stili di Lotta;Urshifu Pluricolpo;88/163
Stili di Lotta;Zubat;89/163
Stili di Lotta;Golbat;90/163
Stili di Lotta;Crobat;91/163
Stili di Lotta;Slowbro di Galar;92/163
Stili di Lotta;Murkrow;93/163
Stili di Lotta;Honchkrow;94/163
Stili di Lotta;Houndour;95/163
Stili di Lotta;Houndoom;96/163
Stili di Lotta;Tyranitar;97/163
Stili di Lotta;Morpeko;98/163
Stili di Lotta;Steelix;99/163
Stili di Lotta;Mawile;100/163
Stili di Lotta;Bronzor;101/163
Stili di Lotta;Bronzong;102/163
Stili di Lotta;Pawniard;103/163
Stili di Lotta;Bisharp;104/163
Stili di Lotta;Honedge;105/163
Stili di Lotta;Doublade;106/163
Stili di Lotta;Aegislash;107/163
Stili di Lotta;Aegislash;108/163
Stili di Lotta;Corviknight;109/163
Stili di Lotta;Corviknight;110/163
Stili di Lotta;Spearow;111/163
Stili di Lotta;Fearow;112/163
Stili di Lotta;Lickitung;113/163
Stili di Lotta;Lickilicky;114/163
Stili di Lotta;Glameow;115/163
Stili di Lotta;Purugly;116/163
Stili di Lotta;Stoutland;117/163
Stili di Lotta;Bouffalant;118/163
Stili di Lotta;Drampa;119/163
Stili di Lotta;Indeedee;120/163
Stili di Lotta;Bruno;121/163
Stili di Lotta;Kit da campeggio;122/163
Stili di Lotta;Demetra;123/163
Stili di Lotta;Riciclaggio di Energia;124/163
Stili di Lotta;Fune di Fuga;125/163
Stili di Lotta;Condividi Esperienza;126/163
Stili di Lotta;Ventaglio delle Onde;127/163
Stili di Lotta;Impegno di Ornella;128/163
Stili di Lotta;Level Ball;129/163
Stili di Lotta;Ester;130/163
Stili di Lotta;Rotolo dei Vortici Colpo Rapido;131/163
Stili di Lotta;Mustard Stile Pluricolpo;132/163
Stili di Lotta;Rotolo dello Sdegno Colpo Singolo;133/163
Stili di Lotta;Mustard Stile Singolcolpo;134/163
Stili di Lotta;Brandobaldo e Scudobaldo;135/163
Stili di Lotta;Bloccoggetti;136/163
Stili di Lotta;Torre Buio;137/163
Stili di Lotta;Torre Acqua;138/163
Stili di Lotta;Urna del Vigore;139/163
Stili di Lotta;Energia Colpo Rapido;140/163
Stili di Lotta;Energia Colpo Singolo;141/163
Stili di Lotta;Kricketune;142/163
Stili di Lotta;Flapple;143/163
Stili di Lotta;Victini;144/163
Stili di Lotta;Empoleon;145/163
Stili di Lotta;Empoleon;146/163
Stili di Lotta;Tapu Koko;147/163
Stili di Lotta;Mimikyu;148/163
Stili di Lotta;Necrozma;149/163
Stili di Lotta;Urshifu Singolcolpo;150/163
Stili di Lotta;Urshifu Singolcolpo;151/163
Stili di Lotta;Urshifu Pluricolpo;152/163
Stili di Lotta;Urshifu Pluricolpo;153/163
Stili di Lotta;Tyranitar;154/163
Stili di Lotta;Tyranitar;155/163
Stili di Lotta;Corviknight;156/163
Stili di Lotta;Stoutland;157/163
Stili di Lotta;Bruno;158/163
Stili di Lotta;Demetra;159/163
Stili di Lotta;Impegno di Ornella;160/163
Stili di Lotta;Ester;161/163
Stili di Lotta;Mustard Stile Pluricolpo;162/163
Stili di Lotta;Mustard Stile Singolcolpo;163/163
Stili di Lotta;Flapple;164/163
Stili di Lotta;Victini;165/163
Stili di Lotta;Tapu Koko;166/163
Stili di Lotta;Urshifu Singolcolpo;167/163
Stili di Lotta;Urshifu Singolcolpo;168/163
Stili di Lotta;Urshifu Pluricolpo;169/163
Stili di Lotta;Urshifu Pluricolpo;170/163
Stili di Lotta;Corviknight;171/163
Stili di Lotta;Bruno;172/163
Stili di Lotta;Demetra;173/163
Stili di Lotta;Impegno di Ornella;174/163
Stili di Lotta;Ester;175/163
Stili di Lotta;Mustard Stile Pluricolpo;176/163
Stili di Lotta;Mustard Stile Singolcolpo;177/163
Stili di Lotta;Octillery;178/163
Stili di Lotta;Houndoom;179/163
Stili di Lotta;Condividi Esperienza;180/163
Stili di Lotta;Level Ball;181/163
Stili di Lotta;Energia Colpo Rapido;182/163
Stili di Lotta;Energia Colpo Singolo;183/163
Stirpe dei Draghi;Hoppip;1/124
Stirpe dei Draghi;Skiploom;2/124
Stirpe dei Draghi;Jumpluff;3/124
Stirpe dei Draghi;Yanma;4/124
Stirpe dei Draghi;Yanmega;5/124
Stirpe dei Draghi;Wurmple;6/124
Stirpe dei Draghi;Silcoon;7/124
Stirpe dei Draghi;Beautifly;8/124
Stirpe dei Draghi;Cascoon;9/124
Stirpe dei Draghi;Nincada;10/124
Stirpe dei Draghi;Ninjask;11/124
Stirpe dei Draghi;Roselia;12/124
Stirpe dei Draghi;Roselia;13/124
Stirpe dei Draghi;Roserade;14/124
Stirpe dei Draghi;Roserade;15/124
Stirpe dei Draghi;Maractus;16/124
Stirpe dei Draghi;Foongus;17/124
Stirpe dei Draghi;Vulpix;18/124
Stirpe dei Draghi;Ninetales;19/124
Stirpe dei Draghi;Magmar;20/124
Stirpe dei Draghi;Magmortar;21/124
Stirpe dei Draghi;Ho;22/124
Stirpe dei Draghi;Magikarp;23/124
Stirpe dei Draghi;Gyarados;24/124
Stirpe dei Draghi;Wailmer;25/124
Stirpe dei Draghi;Wailord;26/124
Stirpe dei Draghi;Feebas;27/124
Stirpe dei Draghi;Milotic;28/124
Stirpe dei Draghi;Spheal;29/124
Stirpe dei Draghi;Sealeo;30/124
Stirpe dei Draghi;Walrein;31/124
Stirpe dei Draghi;Buizel;32/124
Stirpe dei Draghi;Floatzel;33/124
Stirpe dei Draghi;Tympole;34/124
Stirpe dei Draghi;Palpitoad;35/124
Stirpe dei Draghi;Seismitoad;36/124
Stirpe dei Draghi;Alomomola;37/124
Stirpe dei Draghi;Mareep;38/124
Stirpe dei Draghi;Flaaffy;39/124
Stirpe dei Draghi;Ampharos;40/124
Stirpe dei Draghi;Electrike;41/124
Stirpe dei Draghi;Electrike;42/124
Stirpe dei Draghi;Manectric;43/124
Stirpe dei Draghi;Manectric;44/124
Stirpe dei Draghi;Emolga;45/124
Stirpe dei Draghi;Mew;46/124
Stirpe dei Draghi;Dustox;47/124
Stirpe dei Draghi;Shedinja;48/124
Stirpe dei Draghi;Drifloon;49/124
Stirpe dei Draghi;Drifloon;50/124
Stirpe dei Draghi;Drifblim;51/124
Stirpe dei Draghi;Sigilyph;52/124
Stirpe dei Draghi;Trubbish;53/124
Stirpe dei Draghi;Garbodor;54/124
Stirpe dei Draghi;Gothita;55/124
Stirpe dei Draghi;Gothorita;56/124
Stirpe dei Draghi;Gothitelle;57/124
Stirpe dei Draghi;Golett;58/124
Stirpe dei Draghi;Golurk;59/124
Stirpe dei Draghi;Cubone;60/124
Stirpe dei Draghi;Marowak;61/124
Stirpe dei Draghi;Nosepass;62/124
Stirpe dei Draghi;Baltoy;63/124
Stirpe dei Draghi;Claydol;64/124
Stirpe dei Draghi;Roggenrola;65/124
Stirpe dei Draghi;Boldore;66/124
Stirpe dei Draghi;Gigalith;67/124
Stirpe dei Draghi;Throh;68/124
Stirpe dei Draghi;Sawk;69/124
Stirpe dei Draghi;Stunfisk;70/124
Stirpe dei Draghi;Terrakion;71/124
Stirpe dei Draghi;Murkrow;72/124
Stirpe dei Draghi;Honchkrow;73/124
Stirpe dei Draghi;Houndour;74/124
Stirpe dei Draghi;Houndoom;75/124
Stirpe dei Draghi;Stunky;76/124
Stirpe dei Draghi;Skuntank;77/124
Stirpe dei Draghi;Aron;78/124
Stirpe dei Draghi;Lairon;79/124
Stirpe dei Draghi;Aggron;80/124
Stirpe dei Draghi;Registeel;81/124
Stirpe dei Draghi;Probopass;82/124
Stirpe dei Draghi;Durant;83/124
Stirpe dei Draghi;Altaria;84/124
Stirpe dei Draghi;Rayquaza;85/124
Stirpe dei Draghi;Gible;86/124
Stirpe dei Draghi;Gible;87/124
Stirpe dei Draghi;Gabite;88/124
Stirpe dei Draghi;Gabite;89/124
Stirpe dei Draghi;Garchomp;90/124
Stirpe dei Draghi;Garchomp;91/124
Stirpe dei Draghi;Giratina;92/124
Stirpe dei Draghi;Deino;93/124
Stirpe dei Draghi;Deino;94/124
Stirpe dei Draghi;Zweilous;95/124
Stirpe dei Draghi;Zweilous;96/124
Stirpe dei Draghi;Hydreigon;97/124
Stirpe dei Draghi;Hydreigon;98/124
Stirpe dei Draghi;Aipom;99/124
Stirpe dei Draghi;Ambipom;100/124
Stirpe dei Draghi;Slakoth;101/124
Stirpe dei Draghi;Vigoroth;102/124
Stirpe dei Draghi;Slaking;103/124
Stirpe dei Draghi;Swablu;104/124
Stirpe dei Draghi;Swablu;105/124
Stirpe dei Draghi;Bidoof;106/124
Stirpe dei Draghi;Bibarel;107/124
Stirpe dei Draghi;Audino;108/124
Stirpe dei Draghi;Minccino;109/124
Stirpe dei Draghi;Bouffalant;110/124
Stirpe dei Draghi;Rufflet;111/124
Stirpe dei Draghi;Braviary;112/124
Stirpe dei Draghi;Getto di Involuzione;113/124
Stirpe dei Draghi;Mantello Gigante;114/124
Stirpe dei Draghi;Sciarpa Salvagente;115/124
Stirpe dei Draghi;Scartaoggetti;116/124
Stirpe dei Draghi;Energia Fusione EFPO;117/124
Stirpe dei Draghi;Energia Fusione ALCM;118/124
Stirpe dei Draghi;Ho;119/124
Stirpe dei Draghi;Mew ex;120/124
Stirpe dei Draghi;Terrakion ex;121/124
Stirpe dei Draghi;Registeel ex;122/124
Stirpe dei Draghi;Rayquaza ex;123/124
Stirpe dei Draghi;Giratina ex;124/124
Stirpe dei Draghi;Serperior;125/124
Stirpe dei Draghi;Reuniclus;126/124
Stirpe dei Draghi;Krookodile;127/124
Stirpe dei Draghi;Rayquaza;128/124
Team Rocket;Dark Alakazam;1/82
Team Rocket;Dark Arbok;2/82
Team Rocket;Dark Blastoise;3/82
Team Rocket;Dark Charizard;4/82
Team Rocket;Dark Dragonite;5/82
Team Rocket;Dark Dugtrio;6/82
Team Rocket;Dark Golbat;7/82
Team Rocket;Dark Gyarados;8/82
Team Rocket;Dark Hypno;9/82
Team Rocket;Dark Machamp;10/82
Team Rocket;Dark Magneton;11/82
Team Rocket;Dark Slowbro;12/82
Team Rocket;Dark Vileplume;13/82
Team Rocket;Dark Weezing;14/82
Team Rocket;Arriva il Team Rocket!;15/82
Team Rocket;Attacco a Sorpresa del Team Rocket;16/82
Team Rocket;Energia Arcobaleno;17/82
Team Rocket;Dark Alakazam;18/82
Team Rocket;Dark Arbok;19/82
Team Rocket;Dark Blastoise;20/82
Team Rocket;Dark Charizard;21/82
Team Rocket;Dark Dragonite;22/82
Team Rocket;Dark Dugtrio;23/82
Team Rocket;Dark Golbat;24/82
Team Rocket;Dark Gyarados;25/82
Team Rocket;Dark Hypno;26/82
Team Rocket;Dark Machamp;27/82
Team Rocket;Dark Magneton;28/82
Team Rocket;Dark Slowbro;29/82
Team Rocket;Dark Vileplume;30/82
Team Rocket;Dark Weezing;31/82
Team Rocket;Dark Charmeleon;32/82
Team Rocket;Dark Dragonair;33/82
Team Rocket;Dark Electrode;34/82
Team Rocket;Dark Flareon;35/82
Team Rocket;Dark Gloom;36/82
Team Rocket;Dark Golduck;37/82
Team Rocket;Dark Jolteon;38/82
Team Rocket;Dark Kadabra;39/82
Team Rocket;Dark Machoke;40/82
Team Rocket;Dark Muk;41/82
Team Rocket;Dark Persian;42/82
Team Rocket;Dark Primeape;43/82
Team Rocket;Dark Rapidash;44/82
Team Rocket;Dark Vaporeon;45/82
Team Rocket;Dark Wartortle;46/82
Team Rocket;Magikarp;47/82
Team Rocket;Porygon;48/82
Team Rocket;Abra;49/82
Team Rocket;Charmander;50/82
Team Rocket;Dark Raticate;51/82
Team Rocket;Diglett;52/82
Team Rocket;Dratini;53/82
Team Rocket;Drowzee;54/82
Team Rocket;Eevee;55/82
Team Rocket;Ekans;56/82
Team Rocket;Grimer;57/82
Team Rocket;Koffing;58/82
Team Rocket;Machop;59/82
Team Rocket;Magnemite;60/82
Team Rocket;Mankey;61/82
Team Rocket;Meowth;62/82
Team Rocket;Oddish;63/82
Team Rocket;Ponyta;64/82
Team Rocket;Psyduck;65/82
Team Rocket;Rattata;66/82
Team Rocket;Slowpoke;67/82
Team Rocket;Squirtle;68/82
Team Rocket;Voltorb;69/82
Team Rocket;Zubat;70/82
Team Rocket;Arriva il Team Rocket!;71/82
Team Rocket;Attacco a Sorpresa del Team Rocket;72/82
Team Rocket;Alla Maniera del Capo;73/82
Team Rocket;Sfida!;74/82
Team Rocket;Scavatrappole;75/82
Team Rocket;La Vendetta del Professor Oak, l'Impostore;76/82
Team Rocket;Raccolta Notturna della Spazzatura;77/82
Team Rocket;Gas stupidifero;78/82
Team Rocket;Dormi!;79/82
Team Rocket;Energia Arcobaleno;80/82
Team Rocket;Energia Recupero Totale;81/82
Team Rocket;Energia Pozione Magica;82/82
Team Rocket;Dark Raichu;83/82
Tempesta Argentata;Venonat;1/195
Tempesta Argentata;Venomoth;2/195
Tempesta Argentata;Spinarak;3/195
Tempesta Argentata;Ariados;4/195
Tempesta Argentata;Sunkern;5/195
Tempesta Argentata;Sunflora;6/195
Tempesta Argentata;Serperior;7/195
Tempesta Argentata;Serperior;8/195
Tempesta Argentata;Petilil;9/195
Tempesta Argentata;Lilligant di Hisui;10/195
Tempesta Argentata;Foongus;11/195
Tempesta Argentata;Amoonguss;12/195
Tempesta Argentata;Durant;13/195
Tempesta Argentata;Virizion;14/195
Tempesta Argentata;Chesnaught;15/195
Tempesta Argentata;Tsareena Lucente;16/195
Tempesta Argentata;Vulpix;17/195
Tempesta Argentata;Ninetales;18/195
Tempesta Argentata;Growlithe;19/195
Tempesta Argentata;Arcanine;20/195
Tempesta Argentata;Ponyta;21/195
Tempesta Argentata;Rapidash;22/195
Tempesta Argentata;Victini;23/195
Tempesta Argentata;Reshiram;24/195
Tempesta Argentata;Fennekin;25/195
Tempesta Argentata;Braixen;26/195
Tempesta Argentata;Delphox;27/195
Tempesta Argentata;Fletchinder;28/195
Tempesta Argentata;Talonflame;29/195
Tempesta Argentata;Litten;30/195
Tempesta Argentata;Torracat;31/195
Tempesta Argentata;Incineroar;32/195
Tempesta Argentata;Vulpix di Alola;33/195
Tempesta Argentata;Vulpix di Alola;34/195
Tempesta Argentata;Omastar;35/195
Tempesta Argentata;Articuno;36/195
Tempesta Argentata;Wailmer;37/195
Tempesta Argentata;Wailord;38/195
Tempesta Argentata;Feebas;39/195
Tempesta Argentata;Milotic;40/195
Tempesta Argentata;Snorunt;41/195
Tempesta Argentata;Glalie;42/195
Tempesta Argentata;Froslass;43/195
Tempesta Argentata;Relicanth;44/195
Tempesta Argentata;Phione;45/195
Tempesta Argentata;Keldeo;46/195
Tempesta Argentata;Dewpider;47/195
Tempesta Argentata;Araquanid;48/195
Tempesta Argentata;Pikachu;49/195
Tempesta Argentata;Raichu;50/195
Tempesta Argentata;Chinchou;51/195
Tempesta Argentata;Lanturn;52/195
Tempesta Argentata;Rotom;53/195
Tempesta Argentata;Emolga;54/195
Tempesta Argentata;Stunfisk;55/195
Tempesta Argentata;Zeraora;56/195
Tempesta Argentata;Regieleki;57/195
Tempesta Argentata;Regieleki;58/195
Tempesta Argentata;Alakazam Lucente;59/195
Tempesta Argentata;Drowzee;60/195
Tempesta Argentata;Hypno;61/195
Tempesta Argentata;Jynx;62/195
Tempesta Argentata;Misdreavus;63/195
Tempesta Argentata;Mismagius;64/195
Tempesta Argentata;Unown;65/195
Tempesta Argentata;Unown;66/195
Tempesta Argentata;Ralts;67/195
Tempesta Argentata;Kirlia;68/195
Tempesta Argentata;Gardevoir;69/195
Tempesta Argentata;Mawile;70/195
Tempesta Argentata;Mawile;71/195
Tempesta Argentata;Meditite;72/195
Tempesta Argentata;Medicham;73/195
Tempesta Argentata;Chimecho;74/195
Tempesta Argentata;Sigilyph;75/195
Tempesta Argentata;Solosis;76/195
Tempesta Argentata;Duosion;77/195
Tempesta Argentata;Reuniclus;78/195
Tempesta Argentata;Elgyem;79/195
Tempesta Argentata;Beheeyem;80/195
Tempesta Argentata;Espurr;81/195
Tempesta Argentata;Meowstic;82/195
Tempesta Argentata;Swirlix;83/195
Tempesta Argentata;Slurpuff;84/195
Tempesta Argentata;Dedenne;85/195
Tempesta Argentata;Indeedee;86/195
Tempesta Argentata;Dreepy;87/195
Tempesta Argentata;Drakloak;88/195
Tempesta Argentata;Dragapult;89/195
Tempesta Argentata;Arcanine di Hisui;90/195
Tempesta Argentata;Phanpy;91/195
Tempesta Argentata;Donphan;92/195
Tempesta Argentata;Baltoy;93/195
Tempesta Argentata;Claydol;94/195
Tempesta Argentata;Anorith;95/195
Tempesta Argentata;Armaldo;96/195
Tempesta Argentata;Terrakion;97/195
Tempesta Argentata;Hawlucha;98/195
Tempesta Argentata;Sandygast;99/195
Tempesta Argentata;Palossand;100/195
Tempesta Argentata;Stonjourner;101/195
Tempesta Argentata;Ursaluna;102/195
Tempesta Argentata;Zubat;103/195
Tempesta Argentata;Golbat;104/195
Tempesta Argentata;Crobat;105/195
Tempesta Argentata;Murkrow;106/195
Tempesta Argentata;Honchkrow;107/195
Tempesta Argentata;Skuntank;108/195
Tempesta Argentata;Croagunk;109/195
Tempesta Argentata;Toxicroak;110/195
Tempesta Argentata;Sandile;111/195
Tempesta Argentata;Krokorok;112/195
Tempesta Argentata;Krookodile;113/195
Tempesta Argentata;Mareanie;114/195
Tempesta Argentata;Toxapex;115/195
Tempesta Argentata;Morpeko;116/195
Tempesta Argentata;Beldum;117/195
Tempesta Argentata;Metang;118/195
Tempesta Argentata;Metagross;119/195
Tempesta Argentata;Jirachi Lucente;120/195
Tempesta Argentata;Ferroseed;121/195
Tempesta Argentata;Ferrothorn;122/195
Tempesta Argentata;Klink;123/195
Tempesta Argentata;Klang;124/195
Tempesta Argentata;Klinklang;125/195
Tempesta Argentata;Cobalion;126/195
Tempesta Argentata;Togedemaru;127/195
Tempesta Argentata;Magearna;128/195
Tempesta Argentata;Dratini;129/195
Tempesta Argentata;Dragonair;130/195
Tempesta Argentata;Dragonite;131/195
Tempesta Argentata;Noibat;132/195
Tempesta Argentata;Noivern;133/195
Tempesta Argentata;Zygarde;134/195
Tempesta Argentata;Regidrago;135/195
Tempesta Argentata;Regidrago;136/195
Tempesta Argentata;Smeargle;137/195
Tempesta Argentata;Lugia;138/195
Tempesta Argentata;Lugia;139/195
Tempesta Argentata;Ho;140/195
Tempesta Argentata;Spinda;141/195
Tempesta Argentata;Swablu;142/195
Tempesta Argentata;Altaria;143/195
Tempesta Argentata;Buneary;144/195
Tempesta Argentata;Lopunny;145/195
Tempesta Argentata;Archen;146/195
Tempesta Argentata;Archeops;147/195
Tempesta Argentata;Rufflet;148/195
Tempesta Argentata;Braviary di Hisui;149/195
Tempesta Argentata;Fletchling;150/195
Tempesta Argentata;Baldo;151/195
Tempesta Argentata;Bianca;152/195
Tempesta Argentata;Catturaroma;153/195
Tempesta Argentata;Sigillo Terrestre;154/195
Tempesta Argentata;Spuntino di Emergenza;155/195
Tempesta Argentata;Sigillo Forestale;156/195
Tempesta Argentata;Ragazza in kimono;157/195
Tempesta Argentata;Allenatore della Palestra;158/195
Tempesta Argentata;Lance;159/195
Tempesta Argentata;Fogliaponcho Mimetico;160/195
Tempesta Argentata;Altare Primordiale;161/195
Tempesta Argentata;Professor Laven;162/195
Tempesta Argentata;Tetrapietra;163/195
Tempesta Argentata;Serena;164/195
Tempesta Argentata;Fossile Sconosciuto;165/195
Tempesta Argentata;Adriano;166/195
Tempesta Argentata;Lavoratrice;167/195
Tempesta Argentata;Energia Rigenerante;168/195
Tempesta Argentata;Energia Difesa V;169/195
Tempesta Argentata;Serperior;170/195
Tempesta Argentata;Chesnaught;171/195
Tempesta Argentata;Reshiram;172/195
Tempesta Argentata;Vulpix di Alola;173/195
Tempesta Argentata;Omastar;174/195
Tempesta Argentata;Regieleki;175/195
Tempesta Argentata;Unown;176/195
Tempesta Argentata;Unown;177/195
Tempesta Argentata;Mawile;178/195
Tempesta Argentata;Arcanine di Hisui;179/195
Tempesta Argentata;Skuntank;180/195
Tempesta Argentata;Skuntank;181/195
Tempesta Argentata;Magearna;182/195
Tempesta Argentata;Regidrago;183/195
Tempesta Argentata;Regidrago;184/195
Tempesta Argentata;Lugia;185/195
Tempesta Argentata;Lugia;186/195
Tempesta Argentata;Ho;187/195
Tempesta Argentata;Baldo;188/195
Tempesta Argentata;Bianca;189/195
Tempesta Argentata;Ragazza in kimono;190/195
Tempesta Argentata;Allenatore della Palestra;191/195
Tempesta Argentata;Lance;192/195
Tempesta Argentata;Serena;193/195
Tempesta Argentata;Adriano;194/195
Tempesta Argentata;Lavoratrice;195/195
Tempesta Argentata;Serperior;196/195
Tempesta Argentata;Vulpix di Alola;197/195
Tempesta Argentata;Regieleki;198/195
Tempesta Argentata;Unown;199/195
Tempesta Argentata;Mawile;200/195
Tempesta Argentata;Regidrago;201/195
Tempesta Argentata;Lugia;202/195
Tempesta Argentata;Baldo;203/195
Tempesta Argentata;Bianca;204/195
Tempesta Argentata;Ragazza in kimono;205/195
Tempesta Argentata;Lance;206/195
Tempesta Argentata;Serena;207/195
Tempesta Argentata;Adriano;208/195
Tempesta Argentata;Lavoratrice;209/195
Tempesta Argentata;Serperior;210/195
Tempesta Argentata;Lugia;211/195
Tempesta Argentata;Scambio di Energia;212/195
Tempesta Argentata;Palude Boccalarga;213/195
Tempesta Argentata;Fogliaponcho Mimetico;214/195
Tempesta Argentata;Energia Difesa V;215/195
Tempesta Astrale;Bellsprout;1/168
Tempesta Astrale;Weepinbell;2/168
Tempesta Astrale;Victreebel;3/168
Tempesta Astrale;Scyther;4/168
Tempesta Astrale;Spinarak;5/168
Tempesta Astrale;Ariados;6/168
Tempesta Astrale;Treecko;7/168
Tempesta Astrale;Treecko;8/168
Tempesta Astrale;Grovyle;9/168
Tempesta Astrale;Sceptile;10/168
Tempesta Astrale;Seedot;11/168
Tempesta Astrale;Seedot;12/168
Tempesta Astrale;Nuzleaf;13/168
Tempesta Astrale;Shiftry gx;14/168
Tempesta Astrale;Surskit;15/168
Tempesta Astrale;Masquerain;16/168
Tempesta Astrale;Volbeat;17/168
Tempesta Astrale;Illumise;18/168
Tempesta Astrale;Cacnea;19/168
Tempesta Astrale;Cacturne;20/168
Tempesta Astrale;Tropius;21/168
Tempesta Astrale;Dhelmise;22/168
Tempesta Astrale;Slugma;23/168
Tempesta Astrale;Magcargo;24/168
Tempesta Astrale;Torchic;25/168
Tempesta Astrale;Torchic;26/168
Tempesta Astrale;Combusken;27/168
Tempesta Astrale;Blaziken gx;28/168
Tempesta Astrale;Torkoal;29/168
Tempesta Astrale;Oricorio;30/168
Tempesta Astrale;Articuno gx;31/168
Tempesta Astrale;Mudkip;32/168
Tempesta Astrale;Mudkip;33/168
Tempesta Astrale;Marshtomp;34/168
Tempesta Astrale;Swampert;35/168
Tempesta Astrale;Lotad;36/168
Tempesta Astrale;Lombre;37/168
Tempesta Astrale;Ludicolo;38/168
Tempesta Astrale;Wailmer;39/168
Tempesta Astrale;Wailord;40/168
Tempesta Astrale;Clamperl;41/168
Tempesta Astrale;Huntail;42/168
Tempesta Astrale;Gorebyss;43/168
Tempesta Astrale;Luvdisc;44/168
Tempesta Astrale;Regice;45/168
Tempesta Astrale;Kyogre;46/168
Tempesta Astrale;Voltorb;47/168
Tempesta Astrale;Electrode gx;48/168
Tempesta Astrale;Chinchou;49/168
Tempesta Astrale;Lanturn;50/168
Tempesta Astrale;Electrike;51/168
Tempesta Astrale;Manectric;52/168
Tempesta Astrale;Plusle;53/168
Tempesta Astrale;Minun;54/168
Tempesta Astrale;Oricorio;55/168
Tempesta Astrale;Mr. Mime gx;56/168
Tempesta Astrale;Gulpin;57/168
Tempesta Astrale;Swalot;58/168
Tempesta Astrale;Spoink;59/168
Tempesta Astrale;Grumpig;60/168
Tempesta Astrale;Lunatone;61/168
Tempesta Astrale;Solrock;62/168
Tempesta Astrale;Shuppet;63/168
Tempesta Astrale;Shuppet;64/168
Tempesta Astrale;Banette;65/168
Tempesta Astrale;Banette gx;66/168
Tempesta Astrale;Deoxys;67/168
Tempesta Astrale;Deoxys;68/168
Tempesta Astrale;Deoxys;69/168
Tempesta Astrale;Lunala;70/168
Tempesta Astrale;Onix;71/168
Tempesta Astrale;Phanpy;72/168
Tempesta Astrale;Donphan;73/168
Tempesta Astrale;Larvitar;74/168
Tempesta Astrale;Pupitar;75/168
Tempesta Astrale;Meditite;76/168
Tempesta Astrale;Medicham;77/168
Tempesta Astrale;Baltoy;78/168
Tempesta Astrale;Claydol;79/168
Tempesta Astrale;Regirock;80/168
Tempesta Astrale;Groudon;81/168
Tempesta Astrale;Palossand'gx;82/168
Tempesta Astrale;Minior;83/168
Tempesta Astrale;Rattata di Alola;84/168
Tempesta Astrale;Raticate di Alola gx;85/168
Tempesta Astrale;Sneasel;86/168
Tempesta Astrale;Tyranitar;87/168
Tempesta Astrale;Sableye;88/168
Tempesta Astrale;Steelix;89/168
Tempesta Astrale;Scizor gx;90/168
Tempesta Astrale;Mawile;91/168
Tempesta Astrale;Beldum;92/168
Tempesta Astrale;Beldum;93/168
Tempesta Astrale;Metang;94/168
Tempesta Astrale;Metagross;95/168
Tempesta Astrale;Registeel;96/168
Tempesta Astrale;Jirachi;97/168
Tempesta Astrale;Heatran;98/168
Tempesta Astrale;Solgaleo;99/168
Tempesta Astrale;Celesteela;100/168
Tempesta Astrale;Kartana;101/168
Tempesta Astrale;Stakataka gx;102/168
Tempesta Astrale;Bagon;103/168
Tempesta Astrale;Bagon;104/168
Tempesta Astrale;Shelgon;105/168
Tempesta Astrale;Salamence;106/168
Tempesta Astrale;Latias;107/168
Tempesta Astrale;Latios;108/168
Tempesta Astrale;Rayquaza gx;109/168
Tempesta Astrale;Dunsparce;110/168
Tempesta Astrale;Wingull;111/168
Tempesta Astrale;Pelipper;112/168
Tempesta Astrale;Slakoth;113/168
Tempesta Astrale;Vigoroth;114/168
Tempesta Astrale;Slaking;115/168
Tempesta Astrale;Whismur;116/168
Tempesta Astrale;Whismur;117/168
Tempesta Astrale;Loudred;118/168
Tempesta Astrale;Exploud;119/168
Tempesta Astrale;Skitty;120/168
Tempesta Astrale;Delcatty;121/168
Tempesta Astrale;Kecleon;122/168
Tempesta Astrale;Bici da cross;123/168
Tempesta Astrale;Costruttore di Apricorn;124/168
Tempesta Astrale;UC Ball;125/168
Tempesta Astrale;Sostegno di Bill;126/168
Tempesta Astrale;Copiona;127/168
Tempesta Astrale;Sistema di Riciclo dell'Energia;128/168
Tempesta Astrale;Scambio di Energia;129/168
Tempesta Astrale;Pescatore;130/168
Tempesta Astrale;Friend Ball;131/168
Tempesta Astrale;Hau;132/168
Tempesta Astrale;Montanaro;133/168
Tempesta Astrale;Cintura Frenesia;134/168
Tempesta Astrale;Pozione Ultima Chance;135/168
Tempesta Astrale;Erba Vita;136/168
Tempesta Astrale;Orthilla;137/168
Tempesta Astrale;Esca Ball;138/168
Tempesta Astrale;Mister Royale;139/168
Tempesta Astrale;Pok Nav;140/168
Tempesta Astrale;Pennello Arcobaleno;141/168
Tempesta Astrale;Caramella Rara;142/168
Tempesta Astrale;Ara del Giudizio;143/168
Tempesta Astrale;Torre dei Cieli;144/168
Tempesta Astrale;Grinta di Rocco;145/168
Tempesta Astrale;Super Recupero;146/168
Tempesta Astrale;Scambio;147/168
Tempesta Astrale;Tell e Pat;148/168
Tempesta Astrale;Reporter Televisivo;149/168
Tempesta Astrale;Spedizione Sotterranea;150/168
Tempesta Astrale;Energia Arcobaleno;151/168
Tempesta Astrale;Shiftry gx;152/168
Tempesta Astrale;Blaziken gx;153/168
Tempesta Astrale;Articuno gx;154/168
Tempesta Astrale;Electrode gx;155/168
Tempesta Astrale;Mr. Mime gx;156/168
Tempesta Astrale;Banette gx;157/168
Tempesta Astrale;Scizor gx;158/168
Tempesta Astrale;Stakataka gx;159/168
Tempesta Astrale;Rayquaza gx;160/168
Tempesta Astrale;Costruttore di Apricorn;161/168
Tempesta Astrale;Sostegno di Bill;162/168
Tempesta Astrale;Copiona;163/168
Tempesta Astrale;Orthilla;164/168
Tempesta Astrale;Grinta di Rocco;165/168
Tempesta Astrale;Tell e Pat;166/168
Tempesta Astrale;Reporter Televisivo;167/168
Tempesta Astrale;Spedizione Sotterranea;168/168
Tempesta Astrale;Shiftry gx;169/168
Tempesta Astrale;Blaziken gx;170/168
Tempesta Astrale;Articuno gx;171/168
Tempesta Astrale;Electrode gx;172/168
Tempesta Astrale;Mr. Mime gx;173/168
Tempesta Astrale;Banette gx;174/168
Tempesta Astrale;Scizor gx;175/168
Tempesta Astrale;Stakataka gx;176/168
Tempesta Astrale;Rayquaza;177/168
Tempesta Astrale;Bici da cross;178/168
Tempesta Astrale;Cintura Frenesia;179/168
Tempesta Astrale;Erba Vita;180/168
Tempesta Astrale;Pok Nav;181/168
Tempesta Astrale;Pennello Arcobaleno;182/168
Tempesta Astrale;Energia Arcobaleno;183/168
Tesori Misteriosi;Aggron;1/123
Tesori Misteriosi;Alakazam;2/123
Tesori Misteriosi;Ambipom;3/123
Tesori Misteriosi;Azelf;4/123
Tesori Misteriosi;Blissey;5/123
Tesori Misteriosi;Bronzong;6/123
Tesori Misteriosi;Celebi;7/123
Tesori Misteriosi;Feraligatr;8/123
Tesori Misteriosi;Garchomp;9/123
Tesori Misteriosi;Honchkrow;10/123
Tesori Misteriosi;Lumineon;11/123
Tesori Misteriosi;Magmortar;12/123
Tesori Misteriosi;Meganium;13/123
Tesori Misteriosi;Mesprit;14/123
Tesori Misteriosi;Raichu;15/123
Tesori Misteriosi;Typhlosion;16/123
Tesori Misteriosi;Tyranitar;17/123
Tesori Misteriosi;Uxie;18/123
Tesori Misteriosi;Abomasnow;19/123
Tesori Misteriosi;Ariados;20/123
Tesori Misteriosi;Bastiodon;21/123
Tesori Misteriosi;Chimecho;22/123
Tesori Misteriosi;Crobat;23/123
Tesori Misteriosi;Exeggutor;24/123
Tesori Misteriosi;Glalie;25/123
Tesori Misteriosi;Gyarados;26/123
Tesori Misteriosi;Kricketune;27/123
Tesori Misteriosi;Manectric;28/123
Tesori Misteriosi;Mantine;29/123
Tesori Misteriosi;Mr. Mime;30/123
Tesori Misteriosi;Nidoqueen;31/123
Tesori Misteriosi;Ninetales;32/123
Tesori Misteriosi;Rampardos;33/123
Tesori Misteriosi;Slaking;34/123
Tesori Misteriosi;Sudowoodo;35/123
Tesori Misteriosi;Toxicroak;36/123
Tesori Misteriosi;Unown I;37/123
Tesori Misteriosi;Ursaring;38/123
Tesori Misteriosi;Walrein;39/123
Tesori Misteriosi;Whiscash;40/123
Tesori Misteriosi;Bayleef;41/123
Tesori Misteriosi;Chingling;42/123
Tesori Misteriosi;Cranidos;43/123
Tesori Misteriosi;Croconaw;44/123
Tesori Misteriosi;Dewgong;45/123
Tesori Misteriosi;Dodrio;46/123
Tesori Misteriosi;Dunsparce;47/123
Tesori Misteriosi;Gabite;48/123
Tesori Misteriosi;Girafarig;49/123
Tesori Misteriosi;Golbat;50/123
Tesori Misteriosi;Graveler;51/123
Tesori Misteriosi;Happiny;52/123
Tesori Misteriosi;Lairon;53/123
Tesori Misteriosi;Magmar;54/123
Tesori Misteriosi;Masquerain;55/123
Tesori Misteriosi;Nidorina;56/123
Tesori Misteriosi;Octillery;57/123
Tesori Misteriosi;Parasect;58/123
Tesori Misteriosi;Pupitar;59/123
Tesori Misteriosi;Quilava;60/123
Tesori Misteriosi;Sandslash;61/123
Tesori Misteriosi;Sealeo;62/123
Tesori Misteriosi;Shieldon;63/123
Tesori Misteriosi;Tropius;64/123
Tesori Misteriosi;Unown E;65/123
Tesori Misteriosi;Unown M;66/123
Tesori Misteriosi;Unown T;67/123
Tesori Misteriosi;Vigoroth;68/123
Tesori Misteriosi;Abra;69/123
Tesori Misteriosi;Aipom;70/123
Tesori Misteriosi;Aron;71/123
Tesori Misteriosi;Barboach;72/123
Tesori Misteriosi;Bidoof;73/123
Tesori Misteriosi;Bronzor;74/123
Tesori Misteriosi;Buizel;75/123
Tesori Misteriosi;Chansey;76/123
Tesori Misteriosi;Chikorita;77/123
Tesori Misteriosi;Croagunk;78/123
Tesori Misteriosi;Cyndaquil;79/123
Tesori Misteriosi;Doduo;80/123
Tesori Misteriosi;Electrike;81/123
Tesori Misteriosi;Exeggcute;82/123
Tesori Misteriosi;Finneon;83/123
Tesori Misteriosi;Geodude;84/123
Tesori Misteriosi;Gible;85/123
Tesori Misteriosi;Kricketot;86/123
Tesori Misteriosi;Larvitar;87/123
Tesori Misteriosi;Magby;88/123
Tesori Misteriosi;Magikarp;89/123
Tesori Misteriosi;Murkrow;90/123
Tesori Misteriosi;Nidoran?;91/123
Tesori Misteriosi;Paras;92/123
Tesori Misteriosi;Pichu;93/123
Tesori Misteriosi;Pikachu;94/123
Tesori Misteriosi;Remoraid;95/123
Tesori Misteriosi;Sandshrew;96/123
Tesori Misteriosi;Seel;97/123
Tesori Misteriosi;Shinx;98/123
Tesori Misteriosi;Slakoth;99/123
Tesori Misteriosi;Snorunt;100/123
Tesori Misteriosi;Snover;101/123
Tesori Misteriosi;Spheal;102/123
Tesori Misteriosi;Spinarak;103/123
Tesori Misteriosi;Surskit;104/123
Tesori Misteriosi;Teddiursa;105/123
Tesori Misteriosi;Totodile;106/123
Tesori Misteriosi;Vulpix;107/123
Tesori Misteriosi;Zubat;108/123
Tesori Misteriosi;Ricerca di Bebe;109/123
Tesori Misteriosi;Scuro Ball;110/123
Tesori Misteriosi;Scavatore di Fossili;111/123
Tesori Misteriosi;Riva del Lago;112/123
Tesori Misteriosi;Manutenzione Notturna;113/123
Tesori Misteriosi;Velox Ball;114/123
Tesori Misteriosi;Scommessa del Team Galassia;115/123
Tesori Misteriosi;Fossilscudo;116/123
Tesori Misteriosi;Fossilcranio;117/123
Tesori Misteriosi;Multienergia;118/123
Tesori Misteriosi;Energia Oscurit;119/123
Tesori Misteriosi;Energia Metallo;120/123
Tesori Misteriosi;Electivire LIV.X;121/123
Tesori Misteriosi;Lucario LIV.X;122/123
Tesori Misteriosi;Magmortar LIV.X;123/123
Tesori Misteriosi;Distorsione Spazio;124/123
Tuoni Perduti;Tangela;1/214
Tuoni Perduti;Tangrowth;2/214
Tuoni Perduti;Scyther;3/214
Tuoni Perduti;Pinsir;4/214
Tuoni Perduti;Chikorita;5/214
Tuoni Perduti;Chikorita;6/214
Tuoni Perduti;Bayleef;7/214
Tuoni Perduti;Meganium;8/214
Tuoni Perduti;Spinarak;9/214
Tuoni Perduti;Ariados;10/214
Tuoni Perduti;Hoppip;11/214
Tuoni Perduti;Hoppip;12/214
Tuoni Perduti;Skiploom;13/214
Tuoni Perduti;Jumpluff;14/214
Tuoni Perduti;Pineco;15/214
Tuoni Perduti;Shuckle;16/214
Tuoni Perduti;Shuckle gx;17/214
Tuoni Perduti;Heracross;18/214
Tuoni Perduti;Celebi;19/214
Tuoni Perduti;Treecko;20/214
Tuoni Perduti;Grovyle;21/214
Tuoni Perduti;Sceptile gx;22/214
Tuoni Perduti;Wurmple;23/214
Tuoni Perduti;Wurmple;24/214
Tuoni Perduti;Silcoon;25/214
Tuoni Perduti;Beautifly;26/214
Tuoni Perduti;Cascoon;27/214
Tuoni Perduti;Dustox;28/214
Tuoni Perduti;Nincada;29/214
Tuoni Perduti;Ninjask;30/214
Tuoni Perduti;Combee;31/214
Tuoni Perduti;Vespiquen;32/214
Tuoni Perduti;Shaymin;33/214
Tuoni Perduti;Virizion gx;34/214
Tuoni Perduti;Skiddo;35/214
Tuoni Perduti;Gogoat;36/214
Tuoni Perduti;Tapu Bulu;37/214
Tuoni Perduti;Moltres;38/214
Tuoni Perduti;Cyndaquil;39/214
Tuoni Perduti;Cyndaquil;40/214
Tuoni Perduti;Quilava;41/214
Tuoni Perduti;Typhlosion;42/214
Tuoni Perduti;Slugma;43/214
Tuoni Perduti;Magcargo gx;44/214
Tuoni Perduti;Houndour;45/214
Tuoni Perduti;Houndoom;46/214
Tuoni Perduti;Entei;47/214
Tuoni Perduti;Heatran;48/214
Tuoni Perduti;Victini;49/214
Tuoni Perduti;Litleo;50/214
Tuoni Perduti;Pyroar;51/214
Tuoni Perduti;Blacephalon gx;52/214
Tuoni Perduti;Vulpix di Alola;53/214
Tuoni Perduti;Slowpoke;54/214
Tuoni Perduti;Slowking;55/214
Tuoni Perduti;Lapras;56/214
Tuoni Perduti;Delibird;57/214
Tuoni Perduti;Mantine;58/214
Tuoni Perduti;Suicune;59/214
Tuoni Perduti;Suicune gx;60/214
Tuoni Perduti;Cubchoo;61/214
Tuoni Perduti;Beartic;62/214
Tuoni Perduti;Kyurem Bianco;63/214
Tuoni Perduti;Popplio;64/214
Tuoni Perduti;Popplio;65/214
Tuoni Perduti;Brionne;66/214
Tuoni Perduti;Primarina;67/214
Tuoni Perduti;Mareanie;68/214
Tuoni Perduti;Toxapex;69/214
Tuoni Perduti;Bruxish;70/214
Tuoni Perduti;Electabuzz;71/214
Tuoni Perduti;Electivire;72/214
Tuoni Perduti;Chinchou;73/214
Tuoni Perduti;Lanturn;74/214
Tuoni Perduti;Mareep;75/214
Tuoni Perduti;Mareep;76/214
Tuoni Perduti;Flaaffy;77/214
Tuoni Perduti;Ampharos;78/214
Tuoni Perduti;Raikou;79/214
Tuoni Perduti;Pachirisu;80/214
Tuoni Perduti;Blitzle;81/214
Tuoni Perduti;Zebstrika;82/214
Tuoni Perduti;Stunfisk;83/214
Tuoni Perduti;Dedenne;84/214
Tuoni Perduti;Tapu Koko;85/214
Tuoni Perduti;Zeraora gx;86/214
Tuoni Perduti;Natu;87/214
Tuoni Perduti;Xatu;88/214
Tuoni Perduti;Espeon;89/214
Tuoni Perduti;Unown;90/214
Tuoni Perduti;Unown;91/214
Tuoni Perduti;Unown;92/214
Tuoni Perduti;Wobbuffet;93/214
Tuoni Perduti;Girafarig;94/214
Tuoni Perduti;Shedinja;95/214
Tuoni Perduti;Sableye;96/214
Tuoni Perduti;Giratina;97/214
Tuoni Perduti;Sigilyph gx;98/214
Tuoni Perduti;Yamask;99/214
Tuoni Perduti;Cofagrigus;100/214
Tuoni Perduti;Litwick;101/214
Tuoni Perduti;Lampent;102/214
Tuoni Perduti;Chandelure;103/214
Tuoni Perduti;Meloetta;104/214
Tuoni Perduti;Mareanie;105/214
Tuoni Perduti;Nihilego;106/214
Tuoni Perduti;Poipole;107/214
Tuoni Perduti;Naganadel;108/214
Tuoni Perduti;Onix;109/214
Tuoni Perduti;Sudowoodo;110/214
Tuoni Perduti;Phanpy;111/214
Tuoni Perduti;Donphan;112/214
Tuoni Perduti;Hitmontop;113/214
Tuoni Perduti;Larvitar;114/214
Tuoni Perduti;Larvitar;115/214
Tuoni Perduti;Pupitar;116/214
Tuoni Perduti;Carbink;117/214
Tuoni Perduti;Meowth di Alola;118/214
Tuoni Perduti;Persian di Alola;119/214
Tuoni Perduti;Umbreon;120/214
Tuoni Perduti;Tyranitar gx;121/214
Tuoni Perduti;Diglett di Alola;122/214
Tuoni Perduti;Dugtrio di Alola;123/214
Tuoni Perduti;Forretress;124/214
Tuoni Perduti;Steelix;125/214
Tuoni Perduti;Scizor;126/214
Tuoni Perduti;Dialga;127/214
Tuoni Perduti;Durant;128/214
Tuoni Perduti;Cobalion;129/214
Tuoni Perduti;Genesect gx;130/214
Tuoni Perduti;Magearna;131/214
Tuoni Perduti;Ninetales di Alola gx;132/214
Tuoni Perduti;Jigglypuff;133/214
Tuoni Perduti;Wigglytuff;134/214
Tuoni Perduti;Marill;135/214
Tuoni Perduti;Azumarill;136/214
Tuoni Perduti;Snubbull;137/214
Tuoni Perduti;Granbull;138/214
Tuoni Perduti;Ralts;139/214
Tuoni Perduti;Kirlia;140/214
Tuoni Perduti;Gardevoir;141/214
Tuoni Perduti;Dedenne;142/214
Tuoni Perduti;Carbink;143/214
Tuoni Perduti;Xerneas;144/214
Tuoni Perduti;Cutiefly;145/214
Tuoni Perduti;Ribombee;146/214
Tuoni Perduti;Morelull;147/214
Tuoni Perduti;Shiinotic;148/214
Tuoni Perduti;Mimikyu gx;149/214
Tuoni Perduti;Tapu Lele;150/214
Tuoni Perduti;Tapu Fini;151/214
Tuoni Perduti;Chansey;152/214
Tuoni Perduti;Blissey;153/214
Tuoni Perduti;Ditto;154/214
Tuoni Perduti;Eevee;155/214
Tuoni Perduti;Stantler;156/214
Tuoni Perduti;Smeargle;157/214
Tuoni Perduti;Miltank;158/214
Tuoni Perduti;Lugia gx;159/214
Tuoni Perduti;Ho;160/214
Tuoni Perduti;Kecleon;161/214
Tuoni Perduti;Kecleon;162/214
Tuoni Perduti;Pikipek;163/214
Tuoni Perduti;Pikipek;164/214
Tuoni Perduti;Trumbeak;165/214
Tuoni Perduti;Toucannon;166/214
Tuoni Perduti;Borsa Avventura;167/214
Tuoni Perduti;Dipendente della Fondazione ther;168/214
Tuoni Perduti;Elmoscelta;169/214
Tuoni Perduti;Contrappeso;170/214
Tuoni Perduti;Acchiappa;171/214
Tuoni Perduti;Potenziatore Elettrico;172/214
Tuoni Perduti;Vicio;173/214
Tuoni Perduti;Amuleto Folletto;174/214
Tuoni Perduti;Amuleto Folletto;175/214
Tuoni Perduti;Amuleto Folletto;176/214
Tuoni Perduti;Amuleto Folletto;177/214
Tuoni Perduti;Fabbrica del Fuoco;178/214
Tuoni Perduti;Kahili;179/214
Tuoni Perduti;Foresta della Vita;180/214
Tuoni Perduti;Mixer Perduto;181/214
Tuoni Perduti;Samina;182/214
Tuoni Perduti;Rika;183/214
Tuoni Perduti;Infuso di Erbe;184/214
Tuoni Perduti;Latte Mumu;185/214
Tuoni Perduti;Angelo;186/214
Tuoni Perduti;Rete Ball;187/214
Tuoni Perduti;Seminario del Professor Elm;188/214
Tuoni Perduti;Vacanziera;189/214
Tuoni Perduti;Spettrotarga;190/214
Tuoni Perduti;Monte del Tuono;191/214
Tuoni Perduti;Martello Tattico;192/214
Tuoni Perduti;Chiara;193/214
Tuoni Perduti;Energia Memoria;194/214
Tuoni Perduti;Shuckle gx;195/214
Tuoni Perduti;Sceptile gx;196/214
Tuoni Perduti;Virizion gx;197/214
Tuoni Perduti;Magcargo gx;198/214
Tuoni Perduti;Blacephalon gx;199/214
Tuoni Perduti;Suicune gx;200/214
Tuoni Perduti;Zeraora gx;201/214
Tuoni Perduti;Sigilyph gx;202/214
Tuoni Perduti;Tyranitar gx;203/214
Tuoni Perduti;Genesect gx;204/214
Tuoni Perduti;Ninetales di Alola gx;205/214
Tuoni Perduti;Mimikyu gx;206/214
Tuoni Perduti;Lugia gx;207/214
Tuoni Perduti;Vicio;208/214
Tuoni Perduti;Arbitro;209/214
Tuoni Perduti;Kahili;210/214
Tuoni Perduti;Rika;211/214
Tuoni Perduti;Angelo;212/214
Tuoni Perduti;Seminario del Professor Elm;213/214
Tuoni Perduti;Chiara;214/214
Tuoni Perduti;Shuckle gx;215/214
Tuoni Perduti;Sceptile gx;216/214
Tuoni Perduti;Virizion gx;217/214
Tuoni Perduti;Magcargo gx;218/214
Tuoni Perduti;Blacephalon gx;219/214
Tuoni Perduti;Suicune gx;220/214
Tuoni Perduti;Zeraora gx;221/214
Tuoni Perduti;Sigilyph gx;222/214
Tuoni Perduti;Tyranitar gx;223/214
Tuoni Perduti;Genesect gx;224/214
Tuoni Perduti;Ninetales di Alola gx;225/214
Tuoni Perduti;Mimikyu gx;226/214
Tuoni Perduti;Lugia gx;227/214
Tuoni Perduti;Borsa Avventura;228/214
Tuoni Perduti;Elmoscelta;229/214
Tuoni Perduti;Contrappeso;230/214
Tuoni Perduti;Acchiappa;231/214
Tuoni Perduti;Potenziatore Elettrico;232/214
Tuoni Perduti;Mixer Perduto;233/214
Tuoni Perduti;Rete Ball;234/214
Tuoni Perduti;Spettrotarga;235/214
Tuoni Perduti;Martello Tattico;236/214
Turboblitz;Paras;1/162
Turboblitz;Parasect;2/162
Turboblitz;Pinsir;3/162
Turboblitz;Cacnea;4/162
Turboblitz;Pansage;5/162
Turboblitz;Simisage;6/162
Turboblitz;Chespin;7/162
Turboblitz;Chespin;8/162
Turboblitz;Chespin;9/162
Turboblitz;Quilladin;10/162
Turboblitz;Chesnaught;11/162
Turboblitz;Chesnaught turbo;12/162
Turboblitz;Scatterbug;13/162
Turboblitz;Spewpa;14/162
Turboblitz;Vivillon;15/162
Turboblitz;Skiddo;16/162
Turboblitz;Gogoat;17/162
Turboblitz;Cyndaquil;18/162
Turboblitz;Quilava;19/162
Turboblitz;Typhlosion;20/162
Turboblitz;Houndoom ex;21/162
Turboblitz;MHoundoom ex;22/162
Turboblitz;Pansear;23/162
Turboblitz;Simisear;24/162
Turboblitz;Fennekin;25/162
Turboblitz;Braixen;26/162
Turboblitz;Goldeen;27/162
Turboblitz;Seaking;28/162
Turboblitz;Staryu;29/162
Turboblitz;Starmie;30/162
Turboblitz;Remoraid;31/162
Turboblitz;Remoraid;32/162
Turboblitz;Octillery;33/162
Turboblitz;Glalie ex;34/162
Turboblitz;Mglalie ex;35/162
Turboblitz;Piplup;36/162
Turboblitz;Prinplup;37/162
Turboblitz;Empoleon;38/162
Turboblitz;Snover;39/162
Turboblitz;Abomasnow;40/162
Turboblitz;Panpour;41/162
Turboblitz;Simipour;42/162
Turboblitz;Vanillite;43/162
Turboblitz;Vanillish;44/162
Turboblitz;Vanilluxe;45/162
Turboblitz;Froakie;46/162
Turboblitz;Frogadier;47/162
Turboblitz;Pikachu;48/162
Turboblitz;Raichu;49/162
Turboblitz;Raichu turbo;50/162
Turboblitz;Magnemite;51/162
Turboblitz;Magnemite;52/162
Turboblitz;Magneton;53/162
Turboblitz;Magnezone;54/162
Turboblitz;Raikou;55/162
Turboblitz;Stunfisk;56/162
Turboblitz;Dedenne;57/162
Turboblitz;Gastly;58/162
Turboblitz;Haunter;59/162
Turboblitz;Gengar;60/162
Turboblitz;Mewtwo ex;61/162
Turboblitz;Mewtwo ex;62/162
Turboblitz;MMewtwo ex;63/162
Turboblitz;MMewtwo ex;64/162
Turboblitz;Misdreavus;65/162
Turboblitz;Mismagius;66/162
Turboblitz;Wobbuffet;67/162
Turboblitz;Ralts;68/162
Turboblitz;Kirlia;69/162
Turboblitz;Cresselia;70/162
Turboblitz;Woobat;71/162
Turboblitz;Swoobat;72/162
Turboblitz;Elgyem;73/162
Turboblitz;Beheeyem;74/162
Turboblitz;Sandshrew;75/162
Turboblitz;Sandslash;76/162
Turboblitz;Cubone;77/162
Turboblitz;Marowak;78/162
Turboblitz;Marowak turbo;79/162
Turboblitz;Swinub;80/162
Turboblitz;Piloswine;81/162
Turboblitz;Mamoswine;82/162
Turboblitz;Hippopotas;83/162
Turboblitz;Gallade;84/162
Turboblitz;Meloetta;85/162
Turboblitz;Pancham;86/162
Turboblitz;Hawlucha;87/162
Turboblitz;Cacturne;88/162
Turboblitz;Zorua;89/162
Turboblitz;Zorua;90/162
Turboblitz;Zoroark;91/162
Turboblitz;Zoroark turbo;92/162
Turboblitz;Inkay;93/162
Turboblitz;Yveltal;94/162
Turboblitz;Bronzor;95/162
Turboblitz;Bronzong;96/162
Turboblitz;Mr. Mime;97/162
Turboblitz;Snubbull;98/162
Turboblitz;Granbull;99/162
Turboblitz;Ralts;100/162
Turboblitz;Flab b;101/162
Turboblitz;Floette;102/162
Turboblitz;Florges;103/162
Turboblitz;Florges turbo;104/162
Turboblitz;Spritzee;105/162
Turboblitz;Aromatisse;106/162
Turboblitz;Xerneas;107/162
Turboblitz;Axew;108/162
Turboblitz;Axew;109/162
Turboblitz;Fraxure;110/162
Turboblitz;Haxorus;111/162
Turboblitz;Noivern;112/162
Turboblitz;Noivern turbo;113/162
Turboblitz;Meowth;114/162
Turboblitz;Doduo;115/162
Turboblitz;Doduo;116/162
Turboblitz;Dodrio;117/162
Turboblitz;Snorlax;118/162
Turboblitz;Hoothoot;119/162
Turboblitz;Noctowl;120/162
Turboblitz;Teddiursa;121/162
Turboblitz;Ursaring;122/162
Turboblitz;Smeargle;123/162
Turboblitz;Swablu;124/162
Turboblitz;Starly;125/162
Turboblitz;Staravia;126/162
Turboblitz;Staraptor;127/162
Turboblitz;Chatot;128/162
Turboblitz;Rufflet;129/162
Turboblitz;Braviary;130/162
Turboblitz;Noibat;131/162
Turboblitz;Noibat;132/162
Turboblitz;Corpetto assalto;133/162
Turboblitz;Colette;134/162
Turboblitz;Salvamico;135/162
Turboblitz;Pescatore;136/162
Turboblitz;Pietralieve;137/162
Turboblitz;Piano di Giovanni;138/162
Turboblitz;Legame Mentale con Glalie;139/162
Turboblitz;Peso Ball;140/162
Turboblitz;Scarponi Pesanti;141/162
Turboblitz;Legame Mentale con Houndoom;142/162
Turboblitz;Arbitro;143/162
Turboblitz;Legame Mentale con Mewtwo;144/162
Turboblitz;Citt Parallela;145/162
Turboblitz;Lettera del Prof;146/162
Turboblitz;Prenotazione;147/162
Turboblitz;Anemone;148/162
Turboblitz;Super Amo;149/162
Turboblitz;Mappa Citt;150/162
Turboblitz;Energia Infuocata;151/162
Turboblitz;Energia Arcobaleno;152/162
Turboblitz;Houndoom ex;153/162
Turboblitz;MHoundoom ex;154/162
Turboblitz;Glalie ex;155/162
Turboblitz;Mglalie ex;156/162
Turboblitz;Mewtwo ex;157/162
Turboblitz;Mewtwo ex;158/162
Turboblitz;MMewtwo ex;159/162
Turboblitz;MMewtwo ex;160/162
Turboblitz;Colette;161/162
Turboblitz;Piano di Giovanni;162/162
Turboblitz;Mewtwo ex;163/162
Turboblitz;Mewtwo ex;164/162
Turbocrash;Chikorita;1/122
Turbocrash;Bayleef;2/122
Turbocrash;Meganium;3/122
Turbocrash;Seedot;4/122
Turbocrash;Kricketot;5/122
Turbocrash;Kricketune;6/122
Turbocrash;Petilil;7/122
Turbocrash;Lilligant;8/122
Turbocrash;Durant;9/122
Turbocrash;Growlithe;10/122
Turbocrash;Arcanine;11/122
Turbocrash;Numel;12/122
Turbocrash;Camerupt;13/122
Turbocrash;Emboar;14/122
Turbocrash;Heatmor;15/122
Turbocrash;Psyduck;16/122
Turbocrash;Golduck;17/122
Turbocrash;Golduck turbo;18/122
Turbocrash;Slowpoke;19/122
Turbocrash;Slowbro;20/122
Turbocrash;Slowking;21/122
Turbocrash;Shellder;22/122
Turbocrash;Shellder;23/122
Turbocrash;Cloyster;24/122
Turbocrash;Staryu;25/122
Turbocrash;Gyarados ex;26/122
Turbocrash;Mgyarados ex;27/122
Turbocrash;Lapras;28/122
Turbocrash;Corsola;29/122
Turbocrash;Suicune;30/122
Turbocrash;Palkia ex;31/122
Turbocrash;Manaphy ex;32/122
Turbocrash;Tympole;33/122
Turbocrash;Palpitoad;34/122
Turbocrash;Seismitoad;35/122
Turbocrash;Ducklett;36/122
Turbocrash;Swanna;37/122
Turbocrash;Froakie;38/122
Turbocrash;Frogadier;39/122
Turbocrash;Greninja;40/122
Turbocrash;Greninja turbo;41/122
Turbocrash;Electabuzz;42/122
Turbocrash;Electivire;43/122
Turbocrash;Shinx;44/122
Turbocrash;Luxio;45/122
Turbocrash;Luxray;46/122
Turbocrash;Luxray turbo;47/122
Turbocrash;Blitzle;48/122
Turbocrash;Zebstrika;49/122
Turbocrash;Drowzee;50/122
Turbocrash;Hypno;51/122
Turbocrash;Espeon ex;52/122
Turbocrash;Skorupi;53/122
Turbocrash;Drapion;54/122
Turbocrash;Sigilyph;55/122
Turbocrash;Trubbish;56/122
Turbocrash;Garbodor;57/122
Turbocrash;Espurr;58/122
Turbocrash;Meowstic;59/122
Turbocrash;Honedge;60/122
Turbocrash;Doublade;61/122
Turbocrash;Aegislash;62/122
Turbocrash;Skrelp;63/122
Turbocrash;Phantump;64/122
Turbocrash;Trevenant;65/122
Turbocrash;Trevenant turbo;66/122
Turbocrash;Sudowoodo;67/122
Turbocrash;Gible;68/122
Turbocrash;Gabite;69/122
Turbocrash;Garchomp;70/122
Turbocrash;Pancham;71/122
Turbocrash;Nuzleaf;72/122
Turbocrash;Shiftry;73/122
Turbocrash;Darkrai ex;74/122
Turbocrash;Pangoro;75/122
Turbocrash;Scizor ex;76/122
Turbocrash;MScizor ex;77/122
Turbocrash;Mawile;78/122
Turbocrash;Ferroseed;79/122
Turbocrash;Ferrothorn;80/122
Turbocrash;Clefairy;81/122
Turbocrash;Clefable;82/122
Turbocrash;Togekiss ex;83/122
Turbocrash;Spritzee;84/122
Turbocrash;Aromatisse;85/122
Turbocrash;Dragalge;86/122
Turbocrash;Rattata;87/122
Turbocrash;Raticate;88/122
Turbocrash;Raticate turbo;89/122
Turbocrash;Dunsparce;90/122
Turbocrash;Stantler;91/122
Turbocrash;Ho;92/122
Turbocrash;Glameow;93/122
Turbocrash;Purugly;94/122
Turbocrash;Furfrou;95/122
Turbocrash;Festa Notturna;96/122
Turbocrash;Palloncino Esplosivo;97/122
Turbocrash;Tipaccia;98/122
Turbocrash;Cintura Furialotta;99/122
Turbocrash;Mega Ball;100/122
Turbocrash;Legame Mentale con Gyarados;101/122
Turbocrash;Elisir Max;102/122
Turbocrash;Pozione Max;103/122
Turbocrash;Determinazione di Misty;104/122
Turbocrash;Acchiappa;105/122
Turbocrash;Pozione;106/122
Turbocrash;Professor Platan;107/122
Turbocrash;Terzo Occhio del Sensitivo;108/122
Turbocrash;Enigma Cronologico;109/122
Turbocrash;Valle Inversa;110/122
Turbocrash;Legame Mentale con Scizor;111/122
Turbocrash;Tierno;112/122
Turbocrash;Energia Spruzzo;113/122
Turbocrash;Gyarados ex;114/122
Turbocrash;MGyarados ex;115/122
Turbocrash;Manaphy ex;116/122
Turbocrash;Espeon ex;117/122
Turbocrash;Darkrai ex;118/122
Turbocrash;Scizor ex;119/122
Turbocrash;MScizor ex;120/122
Turbocrash;Ho;121/122
Turbocrash;Anemone;122/122
Turbocrash;Gyarados ex;123/122
Ultraprisma;Exeggcute;1/156
Ultraprisma;Yanma;2/156
Ultraprisma;Yanmega;3/156
Ultraprisma;Roselia;4/156
Ultraprisma;Roserade;5/156
Ultraprisma;Turtwig;6/156
Ultraprisma;Turtwig;7/156
Ultraprisma;Grotle;8/156
Ultraprisma;Torterra;9/156
Ultraprisma;Cherubi;10/156
Ultraprisma;Cherrim;11/156
Ultraprisma;Carnivine;12/156
Ultraprisma;Leafeon gx;13/156
Ultraprisma;Rotom Taglio;14/156
Ultraprisma;Shaymin;15/156
Ultraprisma;Dewpider;16/156
Ultraprisma;Araquanid;17/156
Ultraprisma;Magmar;18/156
Ultraprisma;Magmortar;19/156
Ultraprisma;Chimchar;20/156
Ultraprisma;Chimchar;21/156
Ultraprisma;Monferno;22/156
Ultraprisma;Infernape;23/156
Ultraprisma;Rotom Calore;24/156
Ultraprisma;Salandit;25/156
Ultraprisma;Salazzle;26/156
Ultraprisma;Turtonator;27/156
Ultraprisma;Sandshrew di Alola;28/156
Ultraprisma;Sandslash di Alola;29/156
Ultraprisma;Vulpix di Alola;30/156
Ultraprisma;Piplup;31/156
Ultraprisma;Piplup;32/156
Ultraprisma;Prinplup;33/156
Ultraprisma;Empoleon;34/156
Ultraprisma;Buizel;35/156
Ultraprisma;Floatzel;36/156
Ultraprisma;Snover;37/156
Ultraprisma;Abomasnow gx;38/156
Ultraprisma;Glaceon;39/156
Ultraprisma;Rotom Lavaggio;40/156
Ultraprisma;Rotom Gelo;41/156
Ultraprisma;Manaphy;42/156
Ultraprisma;Electabuzz;43/156
Ultraprisma;Electivire;44/156
Ultraprisma;Shinx;45/156
Ultraprisma;Shinx;46/156
Ultraprisma;Luxio;47/156
Ultraprisma;Luxray;48/156
Ultraprisma;Pachirisu;49/156
Ultraprisma;Rotom;50/156
Ultraprisma;Drifloon;51/156
Ultraprisma;Drifblim;52/156
Ultraprisma;Spiritomb;53/156
Ultraprisma;Skorupi;54/156
Ultraprisma;Drapion;55/156
Ultraprisma;Croagunk;56/156
Ultraprisma;Toxicroak;57/156
Ultraprisma;Giratina;58/156
Ultraprisma;Cresselia;59/156
Ultraprisma;Cosmog;60/156
Ultraprisma;Cosmoem;61/156
Ultraprisma;Lunala;62/156
Ultraprisma;Necrozma Ali dell'Aurora gx;63/156
Ultraprisma;Cranidos;64/156
Ultraprisma;Rampardos;65/156
Ultraprisma;Riolu;66/156
Ultraprisma;Lucario;67/156
Ultraprisma;Hippopotas;68/156
Ultraprisma;Hippowdon;69/156
Ultraprisma;Passimian;70/156
Ultraprisma;Murkrow;71/156
Ultraprisma;Honchkrow;72/156
Ultraprisma;Sneasel;73/156
Ultraprisma;Weavile;74/156
Ultraprisma;Stunky;75/156
Ultraprisma;Skuntank;76/156
Ultraprisma;Darkrai;77/156
Ultraprisma;Diglett di Alola;78/156
Ultraprisma;Dugtrio di Alola;79/156
Ultraprisma;Magnemite;80/156
Ultraprisma;Magnemite;81/156
Ultraprisma;Magneton;82/156
Ultraprisma;Magnezone;83/156
Ultraprisma;Shieldon;84/156
Ultraprisma;Bastiodon;85/156
Ultraprisma;Bronzor;86/156
Ultraprisma;Bronzong;87/156
Ultraprisma;Heatran;88/156
Ultraprisma;Solgaleo;89/156
Ultraprisma;Necrozma Criniera del Vespro gx;90/156
Ultraprisma;Magearna;91/156
Ultraprisma;Morelull;92/156
Ultraprisma;Shiinotic;93/156
Ultraprisma;Tapu Lele;94/156
Ultraprisma;Exeggutor di Alola;95/156
Ultraprisma;Gible;96/156
Ultraprisma;Gible;97/156
Ultraprisma;Gabite;98/156
Ultraprisma;Garchomp;99/156
Ultraprisma;Dialga gx;100/156
Ultraprisma;Palkia gx;101/156
Ultraprisma;Lickitung;102/156
Ultraprisma;Lickilicky;103/156
Ultraprisma;Eevee;104/156
Ultraprisma;Eevee;105/156
Ultraprisma;Buneary;106/156
Ultraprisma;Lopunny;107/156
Ultraprisma;Glameow;108/156
Ultraprisma;Purugly;109/156
Ultraprisma;Rotom Vortice;110/156
Ultraprisma;Shaymin;111/156
Ultraprisma;Yungoos;112/156
Ultraprisma;Gumshoos;113/156
Ultraprisma;Oranguru;114/156
Ultraprisma;Tipo Zero;115/156
Ultraprisma;Silvally gx;116/156
Ultraprisma;Drampa;117/156
Ultraprisma;Antico Cristallo;118/156
Ultraprisma;Camilla;119/156
Ultraprisma;Cyrus;120/156
Ultraprisma;ROM Elettro;121/156
Ultraprisma;Skateboard di Fuga;122/156
Ultraprisma;ROM Fuoco;123/156
Ultraprisma;Gardenia;124/156
Ultraprisma;Lylia;125/156
Ultraprisma;Bellocchio;126/156
Ultraprisma;Fischietto di Bellocchio;127/156
Ultraprisma;Martes;128/156
Ultraprisma;Trifoglio Mancante;129/156
Ultraprisma;Monte Corona;130/156
Ultraprisma;Schermo Ordini;131/156
Ultraprisma;Blocco Amici;132/156
Ultraprisma;Pok mon Fan Club;133/156
Ultraprisma;Fossile Sconosciuto;134/156
Ultraprisma;Corrado;135/156
Ultraprisma;Super Energia Extra;136/156
Ultraprisma;Energia Unione;137/156
Ultraprisma;Energia Unione;138/156
Ultraprisma;Leafeon gx;139/156
Ultraprisma;Pheromosa gx;140/156
Ultraprisma;Glaceon gx;141/156
Ultraprisma;Xurkitree gx;142/156
Ultraprisma;Necrozma Ali dell'Aurora gx;143/156
Ultraprisma;Celesteela gx;144/156
Ultraprisma;Necrozma Criniera del Vespro gx;145/156
Ultraprisma;Dialga gx;146/156
Ultraprisma;Palkia gx;147/156
Ultraprisma;Camilla;148/156
Ultraprisma;Gardenia;149/156
Ultraprisma;Suiren;150/156
Ultraprisma;Lylia;151/156
Ultraprisma;Bellocchio;152/156
Ultraprisma;Samina;153/156
Ultraprisma;Martes;154/156
Ultraprisma;Pok mon Fan Club;155/156
Ultraprisma;Corrado;156/156
Ultraprisma;Leafeon gx;157/156
Ultraprisma;Pheromosa gx;158/156
Ultraprisma;Glaceon gx;159/156
Ultraprisma;Xurkitree gx;160/156
Ultraprisma;Necrozma Ali dell'Aurora gx;161/156
Ultraprisma;Celesteela gx;162/156
Ultraprisma;Necrozma Criniera del Vespro gx;163/156
Ultraprisma;Dialga gx;164/156
Ultraprisma;Palkia gx;165/156
Ultraprisma;Martello Dirompente;166/156
Ultraprisma;Skateboard di Fuga;167/156
Ultraprisma;Trifoglio Mancante;168/156
Ultraprisma;Cartelrosso Spione;169/156
Ultraprisma;Energia Unione;170/156
Ultraprisma;Energia Unione;171/156
Ultraprisma;Lunala gx;172/156
Ultraprisma;Solgaleo gx;173/156
Uragano Plasma;Turtwig;1/135
Uragano Plasma;Grotle;2/135
Uragano Plasma;Torterra;3/135
Uragano Plasma;Combee;4/135
Uragano Plasma;Vespiquen;5/135
Uragano Plasma;Cherubi;6/135
Uragano Plasma;Cherrim;7/135
Uragano Plasma;Sewaddle;8/135
Uragano Plasma;Swadloon;9/135
Uragano Plasma;Leavanny;10/135
Uragano Plasma;Maractus;11/135
Uragano Plasma;Foongus;12/135
Uragano Plasma;Amoonguss;13/135
Uragano Plasma;Moltres ex;14/135
Uragano Plasma;Chimchar;15/135
Uragano Plasma;Monferno;16/135
Uragano Plasma;Infernape;17/135
Uragano Plasma;Victini ex;18/135
Uragano Plasma;Pansear;19/135
Uragano Plasma;Simisear;20/135
Uragano Plasma;Litwick;21/135
Uragano Plasma;Lampent;22/135
Uragano Plasma;Heatmor;23/135
Uragano Plasma;Squirtle;24/135
Uragano Plasma;Articuno ex;25/135
Uragano Plasma;Swinub;26/135
Uragano Plasma;Piloswine;27/135
Uragano Plasma;Mamoswine;28/135
Uragano Plasma;Lotad;29/135
Uragano Plasma;Lombre;30/135
Uragano Plasma;Ludicolo;31/135
Uragano Plasma;Carvanha;32/135
Uragano Plasma;Sharpedo;33/135
Uragano Plasma;Manaphy;34/135
Uragano Plasma;Vanillite;35/135
Uragano Plasma;Vanillish;36/135
Uragano Plasma;Vanilluxe;37/135
Uragano Plasma;Frillish;38/135
Uragano Plasma;Jellicent;39/135
Uragano Plasma;Cubchoo;40/135
Uragano Plasma;Beartic;41/135
Uragano Plasma;Magnemite;42/135
Uragano Plasma;Magnemite;43/135
Uragano Plasma;Magneton;44/135
Uragano Plasma;Magneton;45/135
Uragano Plasma;Magnezone;46/135
Uragano Plasma;Magnezone;47/135
Uragano Plasma;Zapdos ex;48/135
Uragano Plasma;Rotom;49/135
Uragano Plasma;Joltik;50/135
Uragano Plasma;Galvantula;51/135
Uragano Plasma;Zubat;52/135
Uragano Plasma;Zubat;53/135
Uragano Plasma;Golbat;54/135
Uragano Plasma;Crobat;55/135
Uragano Plasma;Koffing;56/135
Uragano Plasma;Koffing;57/135
Uragano Plasma;Weezing;58/135
Uragano Plasma;Ralts;59/135
Uragano Plasma;Kirlia;60/135
Uragano Plasma;Gallade;61/135
Uragano Plasma;Giratina;62/135
Uragano Plasma;Trubbish;63/135
Uragano Plasma;Trubbish;64/135
Uragano Plasma;Trubbish;65/135
Uragano Plasma;Garbodor;66/135
Uragano Plasma;Garbodor;67/135
Uragano Plasma;Elgyem;68/135
Uragano Plasma;Elgyem;69/135
Uragano Plasma;Beheeyem;70/135
Uragano Plasma;Phanpy;71/135
Uragano Plasma;Donphan;72/135
Uragano Plasma;Lunatone;73/135
Uragano Plasma;Solrock;74/135
Uragano Plasma;Riolu;75/135
Uragano Plasma;Riolu;76/135
Uragano Plasma;Lucario;77/135
Uragano Plasma;Lucario;78/135
Uragano Plasma;Timburr;79/135
Uragano Plasma;Gurdurr;80/135
Uragano Plasma;Conkeldurr;81/135
Uragano Plasma;Purrloin;82/135
Uragano Plasma;Purrloin;83/135
Uragano Plasma;Liepard;84/135
Uragano Plasma;Scraggy;85/135
Uragano Plasma;Scrafty;86/135
Uragano Plasma;Skarmory;87/135
Uragano Plasma;Klink;88/135
Uragano Plasma;Klang;89/135
Uragano Plasma;Klinklang;90/135
Uragano Plasma;Durant;91/135
Uragano Plasma;Durant;92/135
Uragano Plasma;Cobalion ex;93/135
Uragano Plasma;Druddigon;94/135
Uragano Plasma;Kyurem Nero ex;95/135
Uragano Plasma;Kyurem Bianco ex;96/135
Uragano Plasma;Clefairy;97/135
Uragano Plasma;Clefable;98/135
Uragano Plasma;Doduo;99/135
Uragano Plasma;Dodrio;100/135
Uragano Plasma;Snorlax;101/135
Uragano Plasma;Togepi;102/135
Uragano Plasma;Togetic;103/135
Uragano Plasma;Togekiss;104/135
Uragano Plasma;Whismur;105/135
Uragano Plasma;Loudred;106/135
Uragano Plasma;Exploud;107/135
Uragano Plasma;Lugia ex;108/135
Uragano Plasma;Skitty;109/135
Uragano Plasma;Patrat;110/135
Uragano Plasma;Patrat;111/135
Uragano Plasma;Watchog;112/135
Uragano Plasma;Watchog;113/135
Uragano Plasma;Bouffalant;114/135
Uragano Plasma;Rufflet;115/135
Uragano Plasma;Braviary;116/135
Uragano Plasma;Bicicletta;117/135
Uragano Plasma;Acromio;118/135
Uragano Plasma;Acrocongegno;119/135
Uragano Plasma;Fune di Fuga;120/135
Uragano Plasma;Etere;121/135
Uragano Plasma;Evolcondensa;122/135
Uragano Plasma;Raggio Ipnotossico;123/135
Uragano Plasma;Fregata Plasma;124/135
Uragano Plasma;Seguace del Team Plasma;125/135
Uragano Plasma;Palestra di Zondopoli;126/135
Uragano Plasma;Energia Plasma;127/135
Uragano Plasma;Ricerca Strumenti;128/135
Uragano Plasma;Scambio Pazzo;129/135
Uragano Plasma;Portavittoria;130/135
Uragano Plasma;Victini ex;131/135
Uragano Plasma;Articuno ex;132/135
Uragano Plasma;Cobalion ex;133/135
Uragano Plasma;Lugia ex;134/135
Uragano Plasma;Acromio;135/135
Uragano Plasma;Charizard;136/135
Uragano Plasma;Blastoise;137/135
Uragano Plasma;Destinatario Casuale;138/135
Vapori Accesi;Tangela;1/114
Vapori Accesi;Tangrowth;2/114
Vapori Accesi;Hoppip;3/114
Vapori Accesi;Skiploom;4/114
Vapori Accesi;Jumpluff;5/114
Vapori Accesi;Yanma;6/114
Vapori Accesi;Yanmega;7/114
Vapori Accesi;Yanmega turbo;8/114
Vapori Accesi;Seedot;9/114
Vapori Accesi;Nuzleaf;10/114
Vapori Accesi;Shiftry;11/114
Vapori Accesi;Foongus;12/114
Vapori Accesi;Amoonguss;13/114
Vapori Accesi;Larvesta;14/114
Vapori Accesi;Volcarona;15/114
Vapori Accesi;Ponyta;16/114
Vapori Accesi;Rapidash;17/114
Vapori Accesi;Chimchar;18/114
Vapori Accesi;Monferno;19/114
Vapori Accesi;Infernape;20/114
Vapori Accesi;Talonflame turbo;21/114
Vapori Accesi;Litleo;22/114
Vapori Accesi;Pyroar;23/114
Vapori Accesi;Pyroar turbo;24/114
Vapori Accesi;Volcanion;25/114
Vapori Accesi;Volcanion;26/114
Vapori Accesi;Mantine;27/114
Vapori Accesi;Shellos;28/114
Vapori Accesi;Gastrodon;29/114
Vapori Accesi;Oshawott;30/114
Vapori Accesi;Dewott;31/114
Vapori Accesi;Samurott;32/114
Vapori Accesi;Clauncher;33/114
Vapori Accesi;Clawitzer;34/114
Vapori Accesi;Clawitzer turbo;35/114
Vapori Accesi;Bergmite;36/114
Vapori Accesi;Avalugg;37/114
Vapori Accesi;Mareep;38/114
Vapori Accesi;Flaaffy;39/114
Vapori Accesi;Ampharos;40/114
Vapori Accesi;Joltik;41/114
Vapori Accesi;Galvantula;42/114
Vapori Accesi;Nidoran?;43/114
Vapori Accesi;Nidorino;44/114
Vapori Accesi;Nidoking;45/114
Vapori Accesi;Drifloon;46/114
Vapori Accesi;Drifblim;47/114
Vapori Accesi;Litwick;48/114
Vapori Accesi;Lampent;49/114
Vapori Accesi;Chandelure;50/114
Vapori Accesi;Hoopa;51/114
Vapori Accesi;Mankey;52/114
Vapori Accesi;Primeape;53/114
Vapori Accesi;Nosepass;54/114
Vapori Accesi;Probopass;55/114
Vapori Accesi;Anorith;56/114
Vapori Accesi;Armaldo;57/114
Vapori Accesi;Croagunk;58/114
Vapori Accesi;Toxicroak;59/114
Vapori Accesi;Sneasel;60/114
Vapori Accesi;Weavile;61/114
Vapori Accesi;Spiritomb;62/114
Vapori Accesi;Pawniard;63/114
Vapori Accesi;Bisharp;64/114
Vapori Accesi;Yveltal;65/114
Vapori Accesi;Yveltal turbo;66/114
Vapori Accesi;Steelix ex;67/114
Vapori Accesi;MSteelix ex;68/114
Vapori Accesi;Shieldon;69/114
Vapori Accesi;Bastiodon;70/114
Vapori Accesi;Klink;71/114
Vapori Accesi;Klang;72/114
Vapori Accesi;Klinklang;73/114
Vapori Accesi;Cobalion;74/114
Vapori Accesi;Magearna ex;75/114
Vapori Accesi;Marill;76/114
Vapori Accesi;Azumarill;77/114
Vapori Accesi;Gardevoir ex;78/114
Vapori Accesi;MGardevoir ex;79/114
Vapori Accesi;Klefki;80/114
Vapori Accesi;Xerneas;81/114
Vapori Accesi;Xerneas turbo;82/114
Vapori Accesi;Druddigon;83/114
Vapori Accesi;Deino;84/114
Vapori Accesi;Zweilous;85/114
Vapori Accesi;Hydreigon;86/114
Vapori Accesi;Hydreigon;87/114
Vapori Accesi;Meowth;88/114
Vapori Accesi;Persian;89/114
Vapori Accesi;Aipom;90/114
Vapori Accesi;Ambipom;91/114
Vapori Accesi;Rufflet;92/114
Vapori Accesi;Braviary;93/114
Vapori Accesi;Fletchling;94/114
Vapori Accesi;Fletchinder;95/114
Vapori Accesi;Talonflame;96/114
Vapori Accesi;Hawlucha;97/114
Vapori Accesi;Fossilscudo di Shieldon;98/114
Vapori Accesi;Pok bign Incantato;99/114
Vapori Accesi;Fossilunghia di Anorith;100/114
Vapori Accesi;Legame Mentale con Gardevoir;101/114
Vapori Accesi;Dado Ingordo;102/114
Vapori Accesi;Ninja Boy;103/114
Vapori Accesi;Pok mon Ranger;104/114
Vapori Accesi;Carica Speciale;105/114
Vapori Accesi;Legame Mentale con Steelix;106/114
Vapori Accesi;Volcanion ex;107/114
Vapori Accesi;Steelix ex;108/114
Vapori Accesi;MSteelix ex;109/114
Vapori Accesi;Magearna ex;110/114
Vapori Accesi;Gardevoir ex;111/114
Vapori Accesi;MGardevoir ex;112/114
Vapori Accesi;Pok mon Ranger;113/114
Vapori Accesi;Professor Platan;114/114
Vapori Accesi;Volcanion ex;115/114
Vapori Accesi;Gardevoir ex;116/114
Vittorie Regali;Sewaddle;1/101
Vittorie Regali;Swadloon;2/101
Vittorie Regali;Leavanny;3/101
Vittorie Regali;Petilil;4/101
Vittorie Regali;Lilligant;5/101
Vittorie Regali;Dwebble;6/101
Vittorie Regali;Crustle;7/101
Vittorie Regali;Karrablast;8/101
Vittorie Regali;Foongus;9/101
Vittorie Regali;Amoonguss;10/101
Vittorie Regali;Shelmet;11/101
Vittorie Regali;Accelgor;12/101
Vittorie Regali;Virizion;13/101
Vittorie Regali;Victini;14/101
Vittorie Regali;Victini;15/101
Vittorie Regali;Pansear;16/101
Vittorie Regali;Simisear;17/101
Vittorie Regali;Heatmor;18/101
Vittorie Regali;Larvesta;19/101
Vittorie Regali;Larvesta;20/101
Vittorie Regali;Volcarona;21/101
Vittorie Regali;Tympole;22/101
Vittorie Regali;Palpitoad;23/101
Vittorie Regali;Seismitoad;24/101
Vittorie Regali;Tirtouga;25/101
Vittorie Regali;Carracosta;26/101
Vittorie Regali;Vanillite;27/101
Vittorie Regali;Vanillish;28/101
Vittorie Regali;Vanilluxe;29/101
Vittorie Regali;Frillish;30/101
Vittorie Regali;Jellicent;31/101
Vittorie Regali;Cryogonal;32/101
Vittorie Regali;Cryogonal;33/101
Vittorie Regali;Kyurem;34/101
Vittorie Regali;Blitzle;35/101
Vittorie Regali;Zebstrika;36/101
Vittorie Regali;Emolga;37/101
Vittorie Regali;Tynamo;38/101
Vittorie Regali;Tynamo;39/101
Vittorie Regali;Eelektrik;40/101
Vittorie Regali;Eelektross;41/101
Vittorie Regali;Stunfisk;42/101
Vittorie Regali;Victini;43/101
Vittorie Regali;Yamask;44/101
Vittorie Regali;Yamask;45/101
Vittorie Regali;Cofagrigus;46/101
Vittorie Regali;Cofagrigus;47/101
Vittorie Regali;Trubbish;48/101
Vittorie Regali;Garbodor;49/101
Vittorie Regali;Solosis;50/101
Vittorie Regali;Duosion;51/101
Vittorie Regali;Reuniclus;52/101
Vittorie Regali;Reuniclus;53/101
Vittorie Regali;Elgyem;54/101
Vittorie Regali;Elgyem;55/101
Vittorie Regali;Beheeyem;56/101
Vittorie Regali;Litwick;57/101
Vittorie Regali;Litwick;58/101
Vittorie Regali;Lampent;59/101
Vittorie Regali;Chandelure;60/101
Vittorie Regali;Gigalith;61/101
Vittorie Regali;Timburr;62/101
Vittorie Regali;Gurdurr;63/101
Vittorie Regali;Conkeldurr;64/101
Vittorie Regali;Conkeldurr;65/101
Vittorie Regali;Archen;66/101
Vittorie Regali;Archeops;67/101
Vittorie Regali;Stunfisk;68/101
Vittorie Regali;Mienfoo;69/101
Vittorie Regali;Mienshao;70/101
Vittorie Regali;Golett;71/101
Vittorie Regali;Golurk;72/101
Vittorie Regali;Terrakion;73/101
Vittorie Regali;Landorus;74/101
Vittorie Regali;Pawniard;75/101
Vittorie Regali;Bisharp;76/101
Vittorie Regali;Deino;77/101
Vittorie Regali;Zweilous;78/101
Vittorie Regali;Hydreigon;79/101
Vittorie Regali;Escavalier;80/101
Vittorie Regali;Pawniard;81/101
Vittorie Regali;Bisharp;82/101
Vittorie Regali;Durant;83/101
Vittorie Regali;Cobalion;84/101
Vittorie Regali;Audino;85/101
Vittorie Regali;Axew;86/101
Vittorie Regali;Fraxure;87/101
Vittorie Regali;Haxorus;88/101
Vittorie Regali;Druddigon;89/101
Vittorie Regali;Fossiltappo;90/101
Vittorie Regali;Evolcondensa;91/101
Vittorie Regali;N;92/101
Vittorie Regali;Fossilpiuma;93/101
Vittorie Regali;Bitorzolelmo;94/101
Vittorie Regali;Super Amo;95/101
Vittorie Regali;Interpok;96/101
Vittorie Regali;Virizion;97/101
Vittorie Regali;Victini;98/101
Vittorie Regali;Terrakion;99/101
Vittorie Regali;Cobalion;100/101
Vittorie Regali;N;101/101
Vittorie Regali;Meowth;102/101
Voltaggio Sfolgorante;Weedle;1/185
Voltaggio Sfolgorante;Kakuna;2/185
Voltaggio Sfolgorante;Beedrill;3/185
Voltaggio Sfolgorante;Exeggcute;4/185
Voltaggio Sfolgorante;Exeggutor;5/185
Voltaggio Sfolgorante;Yanma;6/185
Voltaggio Sfolgorante;Yanmega;7/185
Voltaggio Sfolgorante;Pineco;8/185
Voltaggio Sfolgorante;Celebi;9/185
Voltaggio Sfolgorante;Seedot;10/185
Voltaggio Sfolgorante;Nuzleaf;11/185
Voltaggio Sfolgorante;Shiftry;12/185
Voltaggio Sfolgorante;Nincada;13/185
Voltaggio Sfolgorante;Ninjask;14/185
Voltaggio Sfolgorante;Shaymin;15/185
Voltaggio Sfolgorante;Genesect;16/185
Voltaggio Sfolgorante;Skiddo;17/185
Voltaggio Sfolgorante;Gogoat;18/185
Voltaggio Sfolgorante;Dhelmise;19/185
Voltaggio Sfolgorante;Orbeetle;20/185
Voltaggio Sfolgorante;Orbeetle;21/185
Voltaggio Sfolgorante;Zarude;22/185
Voltaggio Sfolgorante;Charmander;23/185
Voltaggio Sfolgorante;Charmeleon;24/185
Voltaggio Sfolgorante;Charizard;25/185
Voltaggio Sfolgorante;Flareon;26/185
Voltaggio Sfolgorante;Slugma;27/185
Voltaggio Sfolgorante;Magcargo;28/185
Voltaggio Sfolgorante;Talonflame;29/185
Voltaggio Sfolgorante;Vaporeon;30/185
Voltaggio Sfolgorante;Wailmer;31/185
Voltaggio Sfolgorante;Wailord;32/185
Voltaggio Sfolgorante;Oshawott;33/185
Voltaggio Sfolgorante;Dewott;34/185
Voltaggio Sfolgorante;Samurott;35/185
Voltaggio Sfolgorante;Darmanitan di Galar;36/185
Voltaggio Sfolgorante;Darmanitan di Galar;37/185
Voltaggio Sfolgorante;Chewtle;38/185
Voltaggio Sfolgorante;Drednaw;39/185
Voltaggio Sfolgorante;Cramorant;40/185
Voltaggio Sfolgorante;Arrokuda;41/185
Voltaggio Sfolgorante;Barraskewda;42/185
Voltaggio Sfolgorante;Pikachu;43/185
Voltaggio Sfolgorante;Pikachu;44/185
Voltaggio Sfolgorante;Voltorb;45/185
Voltaggio Sfolgorante;Electrode;46/185
Voltaggio Sfolgorante;Jolteon;47/185
Voltaggio Sfolgorante;Zapdos;48/185
Voltaggio Sfolgorante;Ampharos;49/185
Voltaggio Sfolgorante;Raikou;50/185
Voltaggio Sfolgorante;Electrike;51/185
Voltaggio Sfolgorante;Manectric;52/185
Voltaggio Sfolgorante;Blitzle;53/185
Voltaggio Sfolgorante;Zebstrika;54/185
Voltaggio Sfolgorante;Joltik;55/185
Voltaggio Sfolgorante;Galvantula;56/185
Voltaggio Sfolgorante;Tynamo;57/185
Voltaggio Sfolgorante;Eelektrik;58/185
Voltaggio Sfolgorante;Eelektross;59/185
Voltaggio Sfolgorante;Zekrom;60/185
Voltaggio Sfolgorante;Zeraora;61/185
Voltaggio Sfolgorante;Pincurchin;62/185
Voltaggio Sfolgorante;Clefairy;63/185
Voltaggio Sfolgorante;Clefable;64/185
Voltaggio Sfolgorante;Girafarig;65/185
Voltaggio Sfolgorante;Shedinja;66/185
Voltaggio Sfolgorante;Shuppet;67/185
Voltaggio Sfolgorante;Banette;68/185
Voltaggio Sfolgorante;Duskull;69/185
Voltaggio Sfolgorante;Dusclops;70/185
Voltaggio Sfolgorante;Dusknoir;71/185
Voltaggio Sfolgorante;Chimecho;72/185
Voltaggio Sfolgorante;Woobat;73/185
Voltaggio Sfolgorante;Swoobat;74/185
Voltaggio Sfolgorante;Cottonee;75/185
Voltaggio Sfolgorante;Whimsicott;76/185
Voltaggio Sfolgorante;Dedenne;77/185
Voltaggio Sfolgorante;Xerneas;78/185
Voltaggio Sfolgorante;Diancie;79/185
Voltaggio Sfolgorante;Milcery;80/185
Voltaggio Sfolgorante;Alcremie;81/185
Voltaggio Sfolgorante;Zacian;82/185
Voltaggio Sfolgorante;Wooper;83/185
Voltaggio Sfolgorante;Quagsire;84/185
Voltaggio Sfolgorante;Shuckle;85/185
Voltaggio Sfolgorante;Phanpy;86/185
Voltaggio Sfolgorante;Donphan;87/185
Voltaggio Sfolgorante;Hitmontop;88/185
Voltaggio Sfolgorante;Regirock;89/185
Voltaggio Sfolgorante;Riolu;90/185
Voltaggio Sfolgorante;Drilbur;91/185
Voltaggio Sfolgorante;Terrakion;92/185
Voltaggio Sfolgorante;Zygarde;93/185
Voltaggio Sfolgorante;Rockruff;94/185
Voltaggio Sfolgorante;Lycanroc;95/185
Voltaggio Sfolgorante;Mudbray;96/185
Voltaggio Sfolgorante;Mudsdale;97/185
Voltaggio Sfolgorante;Coalossal;98/185
Voltaggio Sfolgorante;Coalossal;99/185
Voltaggio Sfolgorante;Clobbopus;100/185
Voltaggio Sfolgorante;Grapploct;101/185
Voltaggio Sfolgorante;Zamazenta;102/185
Voltaggio Sfolgorante;Poochyena;103/185
Voltaggio Sfolgorante;Mightyena;104/185
Voltaggio Sfolgorante;Sableye;105/185
Voltaggio Sfolgorante;Drapion;106/185
Voltaggio Sfolgorante;Sandile;107/185
Voltaggio Sfolgorante;Krokorok;108/185
Voltaggio Sfolgorante;Krookodile;109/185
Voltaggio Sfolgorante;Trubbish;110/185
Voltaggio Sfolgorante;Garbodor;111/185
Voltaggio Sfolgorante;Meowth di Galar;112/185
Voltaggio Sfolgorante;Perrserker di Galar;113/185
Voltaggio Sfolgorante;Forretress;114/185
Voltaggio Sfolgorante;Steelix;115/185
Voltaggio Sfolgorante;Beldum;116/185
Voltaggio Sfolgorante;Metang;117/185
Voltaggio Sfolgorante;Metagross;118/185
Voltaggio Sfolgorante;Jirachi;119/185
Voltaggio Sfolgorante;Lucario;120/185
Voltaggio Sfolgorante;Dialga;121/185
Voltaggio Sfolgorante;Excadrill;122/185
Voltaggio Sfolgorante;Ferroseed;123/185
Voltaggio Sfolgorante;Ferrothorn;124/185
Voltaggio Sfolgorante;Stunfisk di Galar;125/185
Voltaggio Sfolgorante;Aegislash;126/185
Voltaggio Sfolgorante;Aegislash;127/185
Voltaggio Sfolgorante;Magearna;128/185
Voltaggio Sfolgorante;Duraludon;129/185
Voltaggio Sfolgorante;Eevee;130/185
Voltaggio Sfolgorante;Snorlax;131/185
Voltaggio Sfolgorante;Lugia;132/185
Voltaggio Sfolgorante;Taillow;133/185
Voltaggio Sfolgorante;Swellow;134/185
Voltaggio Sfolgorante;Whismur;135/185
Voltaggio Sfolgorante;Loudred;136/185
Voltaggio Sfolgorante;Exploud;137/185
Voltaggio Sfolgorante;Rayquaza;138/185
Voltaggio Sfolgorante;Chatot;139/185
Voltaggio Sfolgorante;Togekiss;140/185
Voltaggio Sfolgorante;Togekiss;141/185
Voltaggio Sfolgorante;Tornadus;142/185
Voltaggio Sfolgorante;Pikipek;143/185
Voltaggio Sfolgorante;Trumbeak;144/185
Voltaggio Sfolgorante;Toucannon;145/185
Voltaggio Sfolgorante;Onion;146/185
Voltaggio Sfolgorante;Fabia;147/185
Voltaggio Sfolgorante;Bellezza;148/185
Voltaggio Sfolgorante;Fossilia Di Strattis;149/185
Voltaggio Sfolgorante;Terme di Circhester;150/185
Voltaggio Sfolgorante;Rotom Drone;151/185
Voltaggio Sfolgorante;Medaglia dell'Eroe;152/185
Voltaggio Sfolgorante;Staff Lega;153/185
Voltaggio Sfolgorante;Dandel;154/185
Voltaggio Sfolgorante;Capsula della Memoria;155/185
Voltaggio Sfolgorante;Formaggio Mumu;156/185
Voltaggio Sfolgorante;Azzurra;157/185
Voltaggio Sfolgorante;Poppy;158/185
Voltaggio Sfolgorante;Bitorzolelmo;159/185
Voltaggio Sfolgorante;Vista Telescopica;160/185
Voltaggio Sfolgorante;Stadio di Goalwick;161/185
Voltaggio Sfolgorante;Energia Aromatica;162/185
Voltaggio Sfolgorante;Energia Protettiva;163/185
Voltaggio Sfolgorante;Energia Granitica;164/185
Voltaggio Sfolgorante;Energia Lavaggio;165/185
Voltaggio Sfolgorante;Orbeetle;166/185
Voltaggio Sfolgorante;Zarude;167/185
Voltaggio Sfolgorante;Talonflame;168/185
Voltaggio Sfolgorante;Darmanitan di Galar;169/185
Voltaggio Sfolgorante;Pikachu;170/185
Voltaggio Sfolgorante;Ampharos;171/185
Voltaggio Sfolgorante;Alakazam;172/185
Voltaggio Sfolgorante;Coalossal;173/185
Voltaggio Sfolgorante;Sirfetch'd di Galar;174/185
Voltaggio Sfolgorante;Drapion;175/185
Voltaggio Sfolgorante;Steelix;176/185
Voltaggio Sfolgorante;Aegislash;177/185
Voltaggio Sfolgorante;Togekiss;178/185
Voltaggio Sfolgorante;Onion;179/185
Voltaggio Sfolgorante;Fabia;180/185
Voltaggio Sfolgorante;Bellezza;181/185
Voltaggio Sfolgorante;Dandel;182/185
Voltaggio Sfolgorante;Azzurra;183/185
Voltaggio Sfolgorante;Poppy;184/185
Voltaggio Sfolgorante;Addetta del Centro Pok mon;185/185
Voltaggio Sfolgorante;Orbeetle;186/185
Voltaggio Sfolgorante;Darmanitan di Galar;187/185
Voltaggio Sfolgorante;Pikachu;188/185
Voltaggio Sfolgorante;Coalossal;189/185
Voltaggio Sfolgorante;Aegislash;190/185
Voltaggio Sfolgorante;Togekiss;191/185
Voltaggio Sfolgorante;Onion;192/185
Voltaggio Sfolgorante;Fabia;193/185
Voltaggio Sfolgorante;Bellezza;194/185
Voltaggio Sfolgorante;Dandel;195/185
Voltaggio Sfolgorante;Azzurra;196/185
Voltaggio Sfolgorante;Poppy;197/185
Voltaggio Sfolgorante;Obstagoon di Galar;198/185
Voltaggio Sfolgorante;Oranguru;199/185
Voltaggio Sfolgorante;Mantello della Tenacia;200/185
Voltaggio Sfolgorante;Medaglia dell'Eroe;201/185
Voltaggio Sfolgorante;Capsula della Memoria;202/185
Voltaggio Sfolgorante;Vista Telescopica;203/185
XY;Venusaur;1/146
XY;M Venusaur;2/146
XY;Weedle;3/146
XY;Kakuna;4/146
XY;Beedrill;5/146
XY;Ledyba;6/146
XY;Ledian;7/146
XY;Volbeat;8/146
XY;Illumise;9/146
XY;Pansage;10/146
XY;Simisage;11/146
XY;Chespin;12/146
XY;Quilladin;13/146
XY;Chesnaught;14/146
XY;Scatterbug;15/146
XY;Spewpa;16/146
XY;Vivillon [Giardinfiore];17/146
XY;Vivillon [Marino];17/146
XY;Skiddo;18/146
XY;Gogoat;19/146
XY;Slugma;20/146
XY;Magcargo;21/146
XY;Pansear;22/146
XY;Simisear;23/146
XY;Fennekin;24/146
XY;Braixen;25/146
XY;Delphox;26/146
XY;Fletchinder;27/146
XY;Talonflame;28/146
XY;Blastoise;29/146
XY;M Blastoise;30/146
XY;Shellder;31/146
XY;Cloyster;32/146
XY;Staryu;33/146
XY;Starmie;34/146
XY;Lapras;35/146
XY;Corsola;36/146
XY;Panpour;37/146
XY;Simipour;38/146
XY;Froakie;39/146
XY;Frogadier;40/146
XY;Greninja;41/146
XY;Pikachu;42/146
XY;Raichu;43/146
XY;Voltorb;44/146
XY;Electrode;45/146
XY;Emolga;46/146
XY;Ekans;47/146
XY;Arbok;48/146
XY;Spoink;49/146
XY;Grumpig;50/146
XY;Venipede;51/146
XY;Whirlipede;52/146
XY;Scolipede;53/146
XY;Phantump;54/146
XY;Trevenant;55/146
XY;Pumpkaboo;56/146
XY;Gourgeist;57/146
XY;Diglett;58/146
XY;Dugtrio;59/146
XY;Rhyhorn;60/146
XY;Rhydon;61/146
XY;Rhyperior;62/146
XY;Lunatone;63/146
XY;Solrock;64/146
XY;Timburr;65/146
XY;Gurdurr;66/146
XY;Conkeldurr;67/146
XY;Sableye;68/146
XY;Sandile;69/146
XY;Krokorok;70/146
XY;Krookodile;71/146
XY;Zorua;72/146
XY;Zoroark;73/146
XY;Inkay;74/146
XY;Inkay;75/146
XY;Malamar;76/146
XY;Malamar;77/146
XY;Yveltal;78/146
XY;Yveltal;79/146
XY;Skarmory;80/146
XY;Pawniard;81/146
XY;Bisharp;82/146
XY;Honedge;83/146
XY;Doublade;84/146
XY;Aegislash;85/146
XY;Aegislash;86/146
XY;Jigglypuff;87/146
XY;Jigglypuff;88/146
XY;Wigglytuff;89/146
XY;Wigglytuff;90/146
XY;Mr. Mime;91/146
XY;Spritzee;92/146
XY;Aromatisse;93/146
XY;Swirlix;94/146
XY;Slurpuff;95/146
XY;Xerneas;96/146
XY;Xerneas;97/146
XY;Doduo;98/146
XY;Dodrio;99/146
XY;Tauros;100/146
XY;Dunsparce;101/146
XY;Taillow;102/146
XY;Swellow;103/146
XY;Skitty;104/146
XY;Delcatty;105/146
XY;Bidoof;106/146
XY;Bibarel;107/146
XY;Lillipup;108/146
XY;Herdier;109/146
XY;Stoutland;110/146
XY;Bunnelby;111/146
XY;Diggersby;112/146
XY;Fletchling;113/146
XY;Furfrou;114/146
XY;Oliviero;115/146
XY;Tonico Evolutivo;116/146
XY;Giardino Fatato;117/146
XY;Mega Ball;118/146
XY;Forzamuleto;119/146
XY;Revitalizzante M;120/146
XY;Muscolbanda;121/146
XY;Professor Platan;122/146
XY;Lettera del Prof;123/146
XY;Cartelrosso;124/146
XY;Pattini;125/146
XY;Cerchiodombra;126/146
XY;Shana;127/146
XY;Superpozione;128/146
XY;Recluta del Team Flare;129/146
XY;Energia Incolore doppia;130/146
XY;Energia Arcobaleno;131/146
XY;Energia Erba;132/146
XY;Energia Fuoco;133/146
XY;Energia Acqua;134/146
XY;Energia Lampo;135/146
XY;Energia Psico;136/146
XY;Energia Lotta;137/146
XY;Energia Oscurit;138/146
XY;Energia Metallo;139/146
XY;Energia Folletto;140/146
XY;Venusaur;141/146
XY;Blastoise;142/146
XY;Emolga;143/146
XY;Yveltal;144/146
XY;Skarmory;145/146
XY;Xerneas;146/146
corona astrale;Venusaur;1/142
corona astrale;Ledyba;2/142
corona astrale;Ledian;3/142
corona astrale;Celebi;4/142
corona astrale;Lileep;5/142
corona astrale;Cradily;6/142
corona astrale;Carnivine;7/142
corona astrale;Rotom Taglio;8/142
corona astrale;Grubbin;9/142
corona astrale;Gossifleur;10/142
corona astrale;Eldegoss;11/142
corona astrale;Applin;12/142
corona astrale;Dipplin;13/142
corona astrale;Hydrapple;14/142
corona astrale;Nymble;15/142
corona astrale;Lokix;16/142
corona astrale;Toedscool;17/142
corona astrale;Toedscruel;18/142
corona astrale;Ponyta;19/142
corona astrale;Rapidash;20/142
corona astrale;Pansear;21/142
corona astrale;Reshiram;22/142
corona astrale;Salandit;23/142
corona astrale;Salazzle;24/142
corona astrale;Turtonator;25/142
corona astrale;Scorbunny;26/142
corona astrale;Raboot;27/142
corona astrale;Cinderace;28/142
corona astrale;Charcadet;29/142
corona astrale;Blastoise;30/142
corona astrale;Lapras;31/142
corona astrale;Lapras;32/142
corona astrale;Marill;33/142
corona astrale;Azumarill;34/142
corona astrale;Finneon;35/142
corona astrale;Lumineon;36/142
corona astrale;Tirtouga;37/142
corona astrale;Carracosta;38/142
corona astrale;Froakie;39/142
corona astrale;Frogadier;40/142
corona astrale;Greninja;41/142
corona astrale;Crabominable;42/142
corona astrale;Chewtle;43/142
corona astrale;Drednaw;44/142
corona astrale;Veluza;45/142
corona astrale;Electabuzz;46/142
corona astrale;Electivire;47/142
corona astrale;Chinchou;48/142
corona astrale;Lanturn;49/142
corona astrale;Joltik;50/142
corona astrale;Galvantula;51/142
corona astrale;Charjabug;52/142
corona astrale;Vikavolt;53/142
corona astrale;Togedemaru;54/142
corona astrale;Zeraora;55/142
corona astrale;Pawmi;56/142
corona astrale;Slowpoke;57/142
corona astrale;Slowking;58/142
corona astrale;Mewtwo;59/142
corona astrale;Drifloon;60/142
corona astrale;Drifblim;61/142
corona astrale;Yamask;62/142
corona astrale;Comfey;63/142
corona astrale;Milcery;64/142
corona astrale;Alcremie;65/142
corona astrale;Fidough;66/142
corona astrale;Dachsbun;67/142
corona astrale;Flittle;68/142
corona astrale;Espathra;69/142
corona astrale;Greavard;70/142
corona astrale;Massoferreo;71/142
corona astrale;Cubone;72/142
corona astrale;Marowak;73/142
corona astrale;Rhyhorn;74/142
corona astrale;Rhydon;75/142
corona astrale;Rhyperior;76/142
corona astrale;Meditite;77/142
corona astrale;Meditite;78/142
corona astrale;Medicham;79/142
corona astrale;Medicham;80/142
corona astrale;Riolu;81/142
corona astrale;Lucario;82/142
corona astrale;Mienfoo;83/142
corona astrale;Mienshao;84/142
corona astrale;Pancham;85/142
corona astrale;Diancie;86/142
corona astrale;Crabrawler;87/142
corona astrale;Falinks;88/142
corona astrale;Garganacl;89/142
corona astrale;Koraidon;90/142
corona astrale;Gulpin;91/142
corona astrale;Swalot;92/142
corona astrale;Pangoro;93/142
corona astrale;Impidimp;94/142
corona astrale;Morgrem;95/142
corona astrale;Grimmsnarl;96/142
corona astrale;Bombirdier;97/142
corona astrale;Jirachi;98/142
corona astrale;Klink;99/142
corona astrale;Klang;100/142
corona astrale;Klinklang;101/142
corona astrale;Meltan;102/142
corona astrale;Meltan;103/142
corona astrale;Melmetal;104/142
corona astrale;Melmetal;105/142
corona astrale;Duraludon;106/142
corona astrale;Archaludon;107/142
corona astrale;Varoom;108/142
corona astrale;Revavroom;109/142
corona astrale;Orthworm;110/142
corona astrale;Furiatonante;111/142
corona astrale;Tauros;112/142
corona astrale;Eevee;113/142
corona astrale;Hoothoot;114/142
corona astrale;Noctowl;115/142
corona astrale;Glameow;116/142
corona astrale;Purugly;117/142
corona astrale;Rotom Vortice;118/142
corona astrale;Bouffalant;119/142
corona astrale;Tornadus;120/142
corona astrale;Fletchling;121/142
corona astrale;Fletchinder;122/142
corona astrale;Talonflame;123/142
corona astrale;Wooloo;124/142
corona astrale;Dubwool;125/142
corona astrale;Lechonk;126/142
corona astrale;Cyclizar;127/142
corona astrale;Terapagos;128/142
corona astrale;Vecchio Fossiltappo;129/142
corona astrale;Vecchio Radifossile;130/142
corona astrale;Grande Abisso Zero;131/142
corona astrale;Rea;132/142
corona astrale;Piros;133/142
corona astrale;Bomba Deluxe;134/142
corona astrale;Tromba di Vetro;135/142
corona astrale;Albero Maestoso;136/142
corona astrale;Gemma Gravitazionale;137/142
corona astrale;Algaro;138/142
corona astrale;Rupi;139/142
corona astrale;Baccacao;140/142
corona astrale;Baccapayapa;141/142
corona astrale;Cristallo Scintillante;142/142
corona astrale;Bulbasaur;143/142
corona astrale;Ledian;144/142
corona astrale;Lileep;145/142
corona astrale;Turtonator;146/142
corona astrale;Raboot;147/142
corona astrale;Squirtle;148/142
corona astrale;Crabominable;149/142
corona astrale;Joltik;150/142
corona astrale;Zeraora;151/142
corona astrale;Milcery;152/142
corona astrale;Meditite;153/142
corona astrale;Gulpin;154/142
corona astrale;Archaludon;155/142
corona astrale;Hydrapple;156/142
corona astrale;Cinderace;157/142
corona astrale;Lapras;158/142
corona astrale;Galvantula;159/142
corona astrale;Dachsbun;160/142
corona astrale;Medicham;161/142
corona astrale;Orthworm;162/142
corona astrale;Rea;163/142
corona astrale;Piros;164/142
corona astrale;Algaro;165/142
corona astrale;Rupi;166/142
corona astrale;Hydrapple;167/142
corona astrale;Galvantula;168/142
corona astrale;Dachsbun;169/142
corona astrale;Terapagos;170/142
corona astrale;Rea;171/142
corona astrale;Rupi;172/142
corona astrale;Terapagos;173/142
corona astrale;Grande Abisso Zero;174/142
corona astrale;Amuleto del Coraggio;175/142
crepuscolo mascherato;Tangela;1/167
crepuscolo mascherato;Tangrowth;2/167
crepuscolo mascherato;Pinsir;3/167
crepuscolo mascherato;Spinarak;4/167
crepuscolo mascherato;Ariados;5/167
crepuscolo mascherato;Sunkern;6/167
crepuscolo mascherato;Sunflora;7/167
crepuscolo mascherato;Heracross;8/167
crepuscolo mascherato;Volbeat;9/167
crepuscolo mascherato;Illumise;10/167
crepuscolo mascherato;Leafeon;11/167
crepuscolo mascherato;Phantump;12/167
crepuscolo mascherato;Trevenant;13/167
crepuscolo mascherato;Grookey;14/167
crepuscolo mascherato;Thwackey;15/167
crepuscolo mascherato;Rillaboom;16/167
crepuscolo mascherato;Applin;17/167
crepuscolo mascherato;Dipplin;18/167
crepuscolo mascherato;Fogliaferrea;19/167
crepuscolo mascherato;Poltchageist;20/167
crepuscolo mascherato;Poltchageist;21/167
crepuscolo mascherato;Sinistcha;22/167
crepuscolo mascherato;Sinistcha;23/167
crepuscolo mascherato;Ogerpon Maschera Turchese;24/167
crepuscolo mascherato;Ogerpon Maschera Turchese;25/167
crepuscolo mascherato;Vulpix;26/167
crepuscolo mascherato;Ninetales;27/167
crepuscolo mascherato;Slugma;28/167
crepuscolo mascherato;Magcargo;29/167
crepuscolo mascherato;Torkoal;30/167
crepuscolo mascherato;Chimchar;31/167
crepuscolo mascherato;Monferno;32/167
crepuscolo mascherato;Infernape;33/167
crepuscolo mascherato;Darumaka;34/167
crepuscolo mascherato;Darmanitan;35/167
crepuscolo mascherato;Litwick;36/167
crepuscolo mascherato;Lampent;37/167
crepuscolo mascherato;Chandelure;38/167
crepuscolo mascherato;Chi;39/167
crepuscolo mascherato;Ogerpon Maschera Focolare;40/167
crepuscolo mascherato;Poliwag;41/167
crepuscolo mascherato;Poliwhirl;42/167
crepuscolo mascherato;Poliwrath;43/167
crepuscolo mascherato;Goldeen;44/167
crepuscolo mascherato;Seaking;45/167
crepuscolo mascherato;Jynx;46/167
crepuscolo mascherato;Corphish;47/167
crepuscolo mascherato;Crawdaunt;48/167
crepuscolo mascherato;Feebas;49/167
crepuscolo mascherato;Milotic;50/167
crepuscolo mascherato;Snorunt;51/167
crepuscolo mascherato;Glalie;52/167
crepuscolo mascherato;Froslass;53/167
crepuscolo mascherato;Glaceon;54/167
crepuscolo mascherato;Phione;55/167
crepuscolo mascherato;Froakie;56/167
crepuscolo mascherato;Frogadier;57/167
crepuscolo mascherato;Cramorant;58/167
crepuscolo mascherato;Finizen;59/167
crepuscolo mascherato;Palafin;60/167
crepuscolo mascherato;Palafin;61/167
crepuscolo mascherato;Saccoferreo;62/167
crepuscolo mascherato;Acquecrespe;63/167
crepuscolo mascherato;Ogerpon Maschera Pozzo;64/167
crepuscolo mascherato;Zapdos;65/167
crepuscolo mascherato;Shinx;66/167
crepuscolo mascherato;Luxio;67/167
crepuscolo mascherato;Luxray;68/167
crepuscolo mascherato;Emolga;69/167
crepuscolo mascherato;Helioptile;70/167
crepuscolo mascherato;Heliolisk;71/167
crepuscolo mascherato;Morpeko;72/167
crepuscolo mascherato;Tadbulb;73/167
crepuscolo mascherato;Bellibolt;74/167
crepuscolo mascherato;Wattrel;75/167
crepuscolo mascherato;Kilowattrel;76/167
crepuscolo mascherato;Spineferree;77/167
crepuscolo mascherato;Clefairy;78/167
crepuscolo mascherato;Clefable;79/167
crepuscolo mascherato;Abra;80/167
crepuscolo mascherato;Kadabra;81/167
crepuscolo mascherato;Alakazam;82/167
crepuscolo mascherato;Girafarig;83/167
crepuscolo mascherato;Farigiraf;84/167
crepuscolo mascherato;Chimecho;85/167
crepuscolo mascherato;Flab b;86/167
crepuscolo mascherato;Floette;87/167
crepuscolo mascherato;Florges;88/167
crepuscolo mascherato;Swirlix;89/167
crepuscolo mascherato;Slurpuff;90/167
crepuscolo mascherato;Sandygast;91/167
crepuscolo mascherato;Palossand;92/167
crepuscolo mascherato;Enamorus;93/167
crepuscolo mascherato;Codaurlante;94/167
crepuscolo mascherato;Munkidori;95/167
crepuscolo mascherato;Fezandipiti;96/167
crepuscolo mascherato;Sandshrew;97/167
crepuscolo mascherato;Sandslash;98/167
crepuscolo mascherato;Growlithe di Hisui;99/167
crepuscolo mascherato;Arcanine di Hisui;100/167
crepuscolo mascherato;Nosepass;101/167
crepuscolo mascherato;Probopass;102/167
crepuscolo mascherato;Timburr;103/167
crepuscolo mascherato;Gurdurr;104/167
crepuscolo mascherato;Conkeldurr;105/167
crepuscolo mascherato;Greninja;106/167
crepuscolo mascherato;Hawlucha;107/167
crepuscolo mascherato;Glimmet;108/167
crepuscolo mascherato;Glimmora;109/167
crepuscolo mascherato;Ting;110/167
crepuscolo mascherato;Okidogi;111/167
crepuscolo mascherato;Ogerpon Maschera Fondamenta;112/167
crepuscolo mascherato;Poochyena;113/167
crepuscolo mascherato;Mightyena;114/167
crepuscolo mascherato;Venipede;115/167
crepuscolo mascherato;Whirlipede;116/167
crepuscolo mascherato;Scolipede;117/167
crepuscolo mascherato;Fungofurioso;118/167
crepuscolo mascherato;Skarmory;119/167
crepuscolo mascherato;Aron;120/167
crepuscolo mascherato;Lairon;121/167
crepuscolo mascherato;Aggron;122/167
crepuscolo mascherato;Heatran;123/167
crepuscolo mascherato;Varoom;124/167
crepuscolo mascherato;Revavroom;125/167
crepuscolo mascherato;Applin;126/167
crepuscolo mascherato;Dipplin;127/167
crepuscolo mascherato;Dreepy;128/167
crepuscolo mascherato;Drakloak;129/167
crepuscolo mascherato;Dragapult;130/167
crepuscolo mascherato;Tatsugiri;131/167
crepuscolo mascherato;Farfetch d;132/167
crepuscolo mascherato;Chansey;133/167
crepuscolo mascherato;Blissey;134/167
crepuscolo mascherato;Eevee;135/167
crepuscolo mascherato;Snorlax;136/167
crepuscolo mascherato;Aipom;137/167
crepuscolo mascherato;Ambipom;138/167
crepuscolo mascherato;Ducklett;139/167
crepuscolo mascherato;Swanna;140/167
crepuscolo mascherato;Ursaluna Luna Cremisi;141/167
crepuscolo mascherato;Flauto d'Accompagnamento;142/167
crepuscolo mascherato;Set Pigliamosche;143/167
crepuscolo mascherato;Responsabile;144/167
crepuscolo mascherato;Rubra;145/167
crepuscolo mascherato;Circolo Comunale;146/167
crepuscolo mascherato;Cuoco;147/167
crepuscolo mascherato;Supermartello;148/167
crepuscolo mascherato;Area della Festa;149/167
crepuscolo mascherato;Ventilatore Portatile;150/167
crepuscolo mascherato;Oranzio;151/167
crepuscolo mascherato;Iperaroma;152/167
crepuscolo mascherato;Torre di Interferenza;153/167
crepuscolo mascherato;Riben;154/167
crepuscolo mascherato;Soccorso di Suiren;155/167
crepuscolo mascherato;Love Ball;156/167
crepuscolo mascherato;Luciano;157/167
crepuscolo mascherato;Fortunelmo;158/167
crepuscolo mascherato;Maschera dell'Orco;159/167
crepuscolo mascherato;Litha;160/167
crepuscolo mascherato;Morasia;161/167
crepuscolo mascherato;Mega Recupero;162/167
crepuscolo mascherato;Scatola dei Segreti;163/167
crepuscolo mascherato;Tutore di Sopravvivenza;164/167
crepuscolo mascherato;Timbro Ingiusto;165/167
crepuscolo mascherato;Energia Boomerang;166/167
crepuscolo mascherato;Energia Lascito;167/167
crepuscolo mascherato;Pinsir;168/167
crepuscolo mascherato;Sunflora;169/167
crepuscolo mascherato;Dipplin;170/167
crepuscolo mascherato;Poltchageist;171/167
crepuscolo mascherato;Torkoal;172/167
crepuscolo mascherato;Infernape;173/167
crepuscolo mascherato;Froslass;174/167
crepuscolo mascherato;Phione;175/167
crepuscolo mascherato;Cramorant;176/167
crepuscolo mascherato;Heliolisk;177/167
crepuscolo mascherato;Wattrel;178/167
crepuscolo mascherato;Chimecho;179/167
crepuscolo mascherato;Enamorus;180/167
crepuscolo mascherato;Growlithe di Hisui;181/167
crepuscolo mascherato;Probopass;182/167
crepuscolo mascherato;Timburr;183/167
crepuscolo mascherato;Lairon;184/167
crepuscolo mascherato;Applin;185/167
crepuscolo mascherato;Tatsugiri;186/167
crepuscolo mascherato;Chansey;187/167
crepuscolo mascherato;Eevee;188/167
crepuscolo mascherato;Sinistcha;189/167
crepuscolo mascherato;Ogerpon Maschera Turchese;190/167
crepuscolo mascherato;Magcargo;191/167
crepuscolo mascherato;Ogerpon Maschera Focolare;192/167
crepuscolo mascherato;Palafin;193/167
crepuscolo mascherato;Ogerpon Maschera Pozzo;194/167
crepuscolo mascherato;Luxray;195/167
crepuscolo mascherato;Spineferree;196/167
crepuscolo mascherato;Codaurlante;197/167
crepuscolo mascherato;Greninja;198/167
crepuscolo mascherato;Ogerpon Maschera Fondamenta;199/167
crepuscolo mascherato;Dragapult;200/167
crepuscolo mascherato;Blissey;201/167
crepuscolo mascherato;Ursaluna Luna Cremisi;202/167
crepuscolo mascherato;Responsabile;203/167
crepuscolo mascherato;Rubra;204/167
crepuscolo mascherato;Oranzio;205/167
crepuscolo mascherato;Riben;206/167
crepuscolo mascherato;Soccorso di Suiren;207/167
crepuscolo mascherato;Luciano;208/167
crepuscolo mascherato;Litha;209/167
crepuscolo mascherato;Sinistcha;210/167
crepuscolo mascherato;Ogerpon Maschera Turchese;211/167
crepuscolo mascherato;Ogerpon Maschera Focolare;212/167
crepuscolo mascherato;Ogerpon Maschera Pozzo;213/167
crepuscolo mascherato;Greninja;214/167
crepuscolo mascherato;Ogerpon Maschera Fondamenta;215/167
crepuscolo mascherato;Ursaluna Luna Cremisi;216/167
crepuscolo mascherato;Rubra;217/167
crepuscolo mascherato;Riben;218/167
crepuscolo mascherato;Soccorso di Suiren;219/167
crepuscolo mascherato;Litha;220/167
crepuscolo mascherato;Ogerpon Maschera Turchese;221/167
crepuscolo mascherato;Ursaluna Luna Cremisi;222/167
crepuscolo mascherato;Poffin del Cuore;223/167
crepuscolo mascherato;Supermartello;224/167
crepuscolo mascherato;Skateboard di Salvataggio;225/167
crepuscolo mascherato;Energia Luminosa;226/167
cronoforze;Scyther;1/162
cronoforze;Pineco;2/162
cronoforze;Seedot;3/162
cronoforze;Nuzleaf;4/162
cronoforze;Shiftry;5/162
cronoforze;Shroomish;6/162
cronoforze;Breloom;7/162
cronoforze;Roselia;8/162
cronoforze;Roserade;9/162
cronoforze;Turtwig;10/162
cronoforze;Grotle;11/162
cronoforze;Torterra;12/162
cronoforze;Shaymin;13/162
cronoforze;Cottonee;14/162
cronoforze;Whimsicott;15/162
cronoforze;Deerling;16/162
cronoforze;Sawsbuck;17/162
cronoforze;Grubbin;18/162
cronoforze;Dhelmise;19/162
cronoforze;Bramblin;20/162
cronoforze;Brambleghast;21/162
cronoforze;Scovillain;22/162
cronoforze;Rellor;23/162
cronoforze;Rabsca;24/162
cronoforze;Fogliaferrea;25/162
cronoforze;Ponyta;26/162
cronoforze;Rapidash;27/162
cronoforze;Slugma;28/162
cronoforze;Magcargo;29/162
cronoforze;Victini;30/162
cronoforze;Heatmor;31/162
cronoforze;Litten;32/162
cronoforze;Torracat;33/162
cronoforze;Incineroar;34/162
cronoforze;Turtonator;35/162
cronoforze;Sizzlipede;36/162
cronoforze;Centiskorch;37/162
cronoforze;Vampeaguzze;38/162
cronoforze;Totodile;39/162
cronoforze;Croconaw;40/162
cronoforze;Feraligatr;41/162
cronoforze;Carvanha;42/162
cronoforze;Sharpedo;43/162
cronoforze;Keldeo;44/162
cronoforze;Snom;45/162
cronoforze;Frosmoth;46/162
cronoforze;Wiglett;47/162
cronoforze;Finizen;48/162
cronoforze;Palafin;49/162
cronoforze;Acquecrespe;50/162
cronoforze;Pikachu;51/162
cronoforze;Raichu;52/162
cronoforze;Electabuzz;53/162
cronoforze;Electivire;54/162
cronoforze;Charjabug;55/162
cronoforze;Vikavolt;56/162
cronoforze;Zeraora;57/162
cronoforze;Yamper;58/162
cronoforze;Boltund;59/162
cronoforze;Wugtrio;60/162
cronoforze;Manoferrea;61/162
cronoforze;Spineferree;62/162
cronoforze;Mr. Mime;63/162
cronoforze;Marill;64/162
cronoforze;Azumarill;65/162
cronoforze;Girafarig;66/162
cronoforze;Latias;67/162
cronoforze;Bronzor;68/162
cronoforze;Bronzong;69/162
cronoforze;Solosis;70/162
cronoforze;Duosion;71/162
cronoforze;Reuniclus;72/162
cronoforze;Elgyem;73/162
cronoforze;Beheeyem;74/162
cronoforze;Cutiefly;75/162
cronoforze;Ribombee;76/162
cronoforze;Codaurlante;77/162
cronoforze;Crinealato;78/162
cronoforze;Eroeferreo;79/162
cronoforze;Eroeferreo;80/162
cronoforze;Capoferreo;81/162
cronoforze;Meditite;82/162
cronoforze;Medicham;83/162
cronoforze;Relicanth;84/162
cronoforze;Drilbur;85/162
cronoforze;Excadrill;86/162
cronoforze;Golett;87/162
cronoforze;Golurk;88/162
cronoforze;Rockruff;89/162
cronoforze;Lycanroc;90/162
cronoforze;Mudbray;91/162
cronoforze;Mudsdale;92/162
cronoforze;Rolycoly;93/162
cronoforze;Carkol;94/162
cronoforze;Coalossal;95/162
cronoforze;Grandizanne;96/162
cronoforze;Grandizanne;97/162
cronoforze;Peldisabbia;98/162
cronoforze;Massoferreo;99/162
cronoforze;Ekans;100/162
cronoforze;Arbok;101/162
cronoforze;Gastly;102/162
cronoforze;Haunter;103/162
cronoforze;Gengar;104/162
cronoforze;Poochyena;105/162
cronoforze;Mightyena;106/162
cronoforze;Sableye;107/162
cronoforze;Farigiraf;108/162
cronoforze;Lunaruggente;109/162
cronoforze;Forretress;110/162
cronoforze;Scizor;111/162
cronoforze;Mawile;112/162
cronoforze;Beldum;113/162
cronoforze;Metang;114/162
cronoforze;Metagross;115/162
cronoforze;Meltan;116/162
cronoforze;Melmetal;117/162
cronoforze;Solcoferreo;118/162
cronoforze;Koraidon;119/162
cronoforze;Koraidon;120/162
cronoforze;Miraidon;121/162
cronoforze;Miraidon;122/162
cronoforze;Furiatonante;123/162
cronoforze;Lickitung;124/162
cronoforze;Lickilicky;125/162
cronoforze;Hoothoot;126/162
cronoforze;Noctowl;127/162
cronoforze;Dunsparce;128/162
cronoforze;Dudunsparce;129/162
cronoforze;Skitty;130/162
cronoforze;Delcatty;131/162
cronoforze;Chatot;132/162
cronoforze;Pidove;133/162
cronoforze;Tranquill;134/162
cronoforze;Unfezant;135/162
cronoforze;Minccino;136/162
cronoforze;Cinccino;137/162
cronoforze;Drampa;138/162
cronoforze;Colloferreo;139/162
cronoforze;Capsula energetica Tempo Passato;140/162
cronoforze;Tamburosveglia;141/162
cronoforze;Dedizione di Belle;142/162
cronoforze;Ordinazione Speciale;143/162
cronoforze;Poffin del Cuore;144/162
cronoforze;Decrittazione Esperta;145/162
cronoforze;Nespera;146/162
cronoforze;Guida dell'Esploratore;147/162
cronoforze;Laboratorio di Metallo;148/162
cronoforze;Capsula energetica Tempo Futuro;149/162
cronoforze;Rasamano;150/162
cronoforze;Peso Testimone;151/162
cronoforze;Mantello dell'Eroe;152/162
cronoforze;Master Ball;153/162
cronoforze;Maxicintura;154/162
cronoforze;Fermezza di Angelo;155/162
cronoforze;Giungla Pericolosa;156/162
cronoforze;Acchiappa;157/162
cronoforze;Navicella di Riavvio;158/162
cronoforze;Skateboard di Salvataggio;159/162
cronoforze;Salvis;160/162
cronoforze;Energia Nebbia;161/162
cronoforze;Neoenergia Vantaggio;162/162
cronoforze;Shiftry;163/162
cronoforze;Grotle;164/162
cronoforze;Deerling;165/162
cronoforze;Sawsbuck;166/162
cronoforze;Litten;167/162
cronoforze;Snom;168/162
cronoforze;Charjabug;169/162
cronoforze;Bronzor;170/162
cronoforze;Reuniclus;171/162
cronoforze;Cutiefly;172/162
cronoforze;Relicanth;173/162
cronoforze;Excadrill;174/162
cronoforze;Mudsdale;175/162
cronoforze;Arbok;176/162
cronoforze;Gastly;177/162
cronoforze;Metagross;178/162
cronoforze;Meltan;179/162
cronoforze;Lickitung;180/162
cronoforze;Chatot;181/162
cronoforze;Minccino;182/162
cronoforze;Cinccino;183/162
cronoforze;Drampa;184/162
cronoforze;Torterra;185/162
cronoforze;Fogliaferrea;186/162
cronoforze;Incineroar;187/162
cronoforze;Vampeaguzze;188/162
cronoforze;Acquecrespe;189/162
cronoforze;Wugtrio;190/162
cronoforze;Capoferreo;191/162
cronoforze;Massoferreo;192/162
cronoforze;Gengar;193/162
cronoforze;Farigiraf;194/162
cronoforze;Scizor;195/162
cronoforze;Furiatonante;196/162
cronoforze;Dedizione di Belle;197/162
cronoforze;Decrittazione Esperta;198/162
cronoforze;Nespera;199/162
cronoforze;Guida dell'Esploratore;200/162
cronoforze;Fermezza di Angelo;201/162
cronoforze;Salvis;202/162
cronoforze;Fogliaferrea;203/162
cronoforze;Vampeaguzze;204/162
cronoforze;Acquecrespe;205/162
cronoforze;Capoferreo;206/162
cronoforze;Massoferreo;207/162
cronoforze;Furiatonante;208/162
cronoforze;Dedizione di Belle;209/162
cronoforze;Nespera;210/162
cronoforze;Fermezza di Angelo;211/162
cronoforze;Salvis;212/162
cronoforze;Fogliaferrea;213/162
cronoforze;Vampeaguzze;214/162
cronoforze;Acquecrespe;215/162
cronoforze;Capoferreo;216/162
cronoforze;Massoferreo;217/162
cronoforze;Furiatonante;218/162
destino di paldea;Pineco;1/91
destino di paldea;Forretress;2/91
destino di paldea;Maractus;3/91
destino di paldea;Toedscool;4/91
destino di paldea;Toedscruel;5/91
destino di paldea;Espathra;6/91
destino di paldea;Charmander;7/91
destino di paldea;Charmeleon;8/91
destino di paldea;Magmar;9/91
destino di paldea;Magmortar;10/91
destino di paldea;Numel;11/91
destino di paldea;Camerupt;12/91
destino di paldea;Rotom Calore;13/91
destino di paldea;Charcadet;14/91
destino di paldea;Armarouge;15/91
destino di paldea;Lapras;16/91
destino di paldea;Frigibax;17/91
destino di paldea;Pikachu;18/91
destino di paldea;Raichu;19/91
destino di paldea;Chinchou;20/91
destino di paldea;Lanturn;21/91
destino di paldea;Kilowattrel;22/91
destino di paldea;Exeggcute;23/91
destino di paldea;Exeggutor;24/91
destino di paldea;Natu;25/91
destino di paldea;Xatu;26/91
destino di paldea;Ralts;27/91
destino di paldea;Kirlia;28/91
destino di paldea;Gardevoir;29/91
destino di paldea;Chimecho;30/91
destino di paldea;Mime Jr.;31/91
destino di paldea;Woobat;32/91
destino di paldea;Swoobat;33/91
destino di paldea;Cottonee;34/91
destino di paldea;Whimsicott;35/91
destino di paldea;Dedenne;36/91
destino di paldea;Mimikyu;37/91
destino di paldea;Fidough;38/91
destino di paldea;Dachsbun;39/91
destino di paldea;Ceruledge;40/91
destino di paldea;Flittle;41/91
destino di paldea;Greavard;42/91
destino di paldea;Houndstone;43/91
destino di paldea;Gimmighoul;44/91
destino di paldea;Mankey;45/91
destino di paldea;Primeape;46/91
destino di paldea;Annihilape;47/91
destino di paldea;Phanpy;48/91
destino di paldea;Donphan;49/91
destino di paldea;Barboach;50/91
destino di paldea;Clobbopus;51/91
destino di paldea;Grapploct;52/91
destino di paldea;Grandizanne;53/91
destino di paldea;Charizard;54/91
destino di paldea;Gastly;55/91
destino di paldea;Haunter;56/91
destino di paldea;Gengar;57/91
destino di paldea;Wooper di Paldea;58/91
destino di paldea;Clodsire di Paldea;59/91
destino di paldea;Scraggy;60/91
destino di paldea;Scrafty;61/91
destino di paldea;Maschiff;62/91
destino di paldea;Mabosstiff;63/91
destino di paldea;Varoom;64/91
destino di paldea;Revavroom;65/91
destino di paldea;Solcoferreo;66/91
destino di paldea;Gholdengo;67/91
destino di paldea;Noibat;68/91
destino di paldea;Noivern;69/91
destino di paldea;Cyclizar;70/91
destino di paldea;Lechonk;71/91
destino di paldea;Oinkologne;72/91
destino di paldea;Tandemaus;73/91
destino di paldea;Maushold;74/91
destino di paldea;Squawkabilly;75/91
destino di paldea;Los Tazones;76/91
destino di paldea;Henzo;77/91
destino di paldea;Garoff;78/91
destino di paldea;Generatore di Elettricit;79/91
destino di paldea;Kissara;80/91
destino di paldea;Collina Chiarodiluna;81/91
destino di paldea;Nemi;82/91
destino di paldea;Zaino di Nemi;83/91
destino di paldea;Minor Ball;84/91
destino di paldea;Studenti di Paldea;85/91
destino di paldea;Studenti di Paldea;86/91
destino di paldea;Ricerca Accademica (Prof.ssa Olim);87/91
destino di paldea;Ricerca Accademica (Professor Turum);88/91
destino di paldea;Caramella Rara;89/91
destino di paldea;Macchinario Tecnico: Pugno Disperato;90/91
destino di paldea;Ultra Ball;91/91
destino di paldea;Oddish;92/91
destino di paldea;Gloom;93/91
destino di paldea;Vileplume;94/91
destino di paldea;Scyther;95/91
destino di paldea;Hoppip;96/91
destino di paldea;Skiploom;97/91
destino di paldea;Jumpluff;98/91
destino di paldea;Pineco;99/91
destino di paldea;Snover;100/91
destino di paldea;Abomasnow;101/91
destino di paldea;Smoliv;102/91
destino di paldea;Dolliv;103/91
destino di paldea;Arboliva;104/91
destino di paldea;Toedscool;105/91
destino di paldea;Capsakid;106/91
destino di paldea;Scovillain;107/91
destino di paldea;Rellor;108/91
destino di paldea;Charmander;109/91
destino di paldea;Charmeleon;110/91
destino di paldea;Tauros di Paldea;111/91
destino di paldea;Entei;112/91
destino di paldea;Oricorio;113/91
destino di paldea;Charcadet;114/91
destino di paldea;Armarouge;115/91
destino di paldea;Slowpoke;116/91
destino di paldea;Slowbro;117/91
destino di paldea;Staryu;118/91
destino di paldea;Starmie;119/91
destino di paldea;Tauros di Paldea;120/91
destino di paldea;Wiglett;121/91
destino di paldea;Wugtrio;122/91
destino di paldea;Finizen;123/91
destino di paldea;Palafin;124/91
destino di paldea;Veluza;125/91
destino di paldea;Dondozo;126/91
destino di paldea;Tatsugiri;127/91
destino di paldea;Frigibax;128/91
destino di paldea;Arctibax;129/91
destino di paldea;Baxcalibur;130/91
destino di paldea;Pikachu;131/91
destino di paldea;Raichu;132/91
destino di paldea;Voltorb;133/91
destino di paldea;Electrode;134/91
destino di paldea;Shinx;135/91
destino di paldea;Luxio;136/91
destino di paldea;Luxray;137/91
destino di paldea;Pachirisu;138/91
destino di paldea;Thundurus;139/91
destino di paldea;Toxel;140/91
destino di paldea;Toxtricity;141/91
destino di paldea;Pawmi;142/91
destino di paldea;Pawmo;143/91
destino di paldea;Pawmot;144/91
destino di paldea;Wattrel;145/91
destino di paldea;Kilowattrel;146/91
destino di paldea;Wigglytuff;147/91
destino di paldea;Abra;148/91
destino di paldea;Kadabra;149/91
destino di paldea;Cleffa;150/91
destino di paldea;Natu;151/91
destino di paldea;Xatu;152/91
destino di paldea;Ralts;153/91
destino di paldea;Kirlia;154/91
destino di paldea;Drifloon;155/91
destino di paldea;Drifblim;156/91
destino di paldea;Mime Jr.;157/91
destino di paldea;Spiritomb;158/91
destino di paldea;Klefki;159/91
destino di paldea;Mimikyu;160/91
destino di paldea;Dachsbun;161/91
destino di paldea;Ceruledge;162/91
destino di paldea;Rabsca;163/91
destino di paldea;Flittle;164/91
destino di paldea;Tinkatink;165/91
destino di paldea;Tinkatuff;166/91
destino di paldea;Tinkaton;167/91
destino di paldea;Houndstone;168/91
destino di paldea;Mankey;169/91
destino di paldea;Primeape;170/91
destino di paldea;Annihilape;171/91
destino di paldea;Tauros di Paldea;172/91
destino di paldea;Riolu;173/91
destino di paldea;Lucario;174/91
destino di paldea;Hawlucha;175/91
destino di paldea;Nacli;176/91
destino di paldea;Naclstack;177/91
destino di paldea;Garganacl;178/91
destino di paldea;Glimmet;179/91
destino di paldea;Wooper di Paldea;180/91
destino di paldea;Murkrow;181/91
destino di paldea;Sneasel;182/91
destino di paldea;Weavile;183/91
destino di paldea;Sableye;184/91
destino di paldea;Pawniard;185/91
destino di paldea;Bisharp;186/91
destino di paldea;Kingambit;187/91
destino di paldea;Mabosstiff;188/91
destino di paldea;Shroodle;189/91
destino di paldea;Grafaiai;190/91
destino di paldea;Scizor;191/91
destino di paldea;Varoom;192/91
destino di paldea;Revavroom;193/91
destino di paldea;Noibat;194/91
destino di paldea;Cyclizar;195/91
destino di paldea;Pidgey;196/91
destino di paldea;Pidgeotto;197/91
destino di paldea;Jigglypuff;198/91
destino di paldea;Doduo;199/91
destino di paldea;Dodrio;200/91
destino di paldea;Ditto;201/91
destino di paldea;Snorlax;202/91
destino di paldea;Wingull;203/91
destino di paldea;Pelipper;204/91
destino di paldea;Skwovet;205/91
destino di paldea;Greedent;206/91
destino di paldea;Lechonk;207/91
destino di paldea;Oinkologne;208/91
destino di paldea;Tandemaus;209/91
destino di paldea;Maushold;210/91
destino di paldea;Flamigo;211/91
destino di paldea;Forretress;212/91
destino di paldea;Toedscruel;213/91
destino di paldea;Espathra;214/91
destino di paldea;Alakazam;215/91
destino di paldea;Mew;216/91
destino di paldea;Gardevoir;217/91
destino di paldea;Glimmora;218/91
destino di paldea;Clodsire di Paldea;219/91
destino di paldea;Noivern;220/91
destino di paldea;Pidgeot;221/91
destino di paldea;Wigglytuff;222/91
destino di paldea;Squawkabilly;223/91
destino di paldea;Wugtrio;224/91
destino di paldea;Palafin;225/91
destino di paldea;Pawmi;226/91
destino di paldea;Garoff;227/91
destino di paldea;Arbitro;228/91
destino di paldea;Nemi;229/91
destino di paldea;Studenti di Paldea;230/91
destino di paldea;Studenti di Paldea;231/91
destino di paldea;Mew;232/91
destino di paldea;Gardevoir;233/91
destino di paldea;Charizard;234/91
destino di paldea;Pepe;235/91
destino di paldea;Garoff;236/91
destino di paldea;Kissara;237/91
destino di paldea;Nemi;238/91
destino di paldea;Penny;239/91
destino di paldea;Wo;240/91
destino di paldea;Chi;241/91
destino di paldea;Chien;242/91
destino di paldea;Miraidon;243/91
destino di paldea;Ting;244/91
destino di paldea;Koraidon;245/91
luce nera;Snivy;1/86
luce nera;Servine;2/86
luce nera;Serperior EX;3/86
luce nera;Pansage;4/86
luce nera;Simisage;5/86
luce nera;Petilil;6/86
luce nera;Lilligant;7/86
luce nera;Maractus;8/86
luce nera;Karrablast;9/86
luce nera;Foongus;10/86
luce nera;Amoonguss;11/86
luce nera;Victini;12/86
luce nera;Darumaka;13/86
luce nera;Darmanitan;14/86
luce nera;Larvesta;15/86
luce nera;Volcarona;16/86
luce nera;Panpour;17/86
luce nera;Simipour;18/86
luce nera;Tympole;19/86
luce nera;Palpitoad;20/86
luce nera;Seismitoad;21/86
luce nera;Tirtouga;22/86
luce nera;Carracosta;23/86
luce nera;Alomomola;24/86
luce nera;Cubchoo;25/86
luce nera;Beartic;26/86
luce nera;Cryogonal;27/86
luce nera;Kyurem EX;28/86
luce nera;Emolga;29/86
luce nera;Tynamo;30/86
luce nera;Eelektrik;31/86
luce nera;Eelektross;32/86
luce nera;Thundurus;33/86
luce nera;Zekrom EX;34/86
luce nera;Munna;35/86
luce nera;Musharna;36/86
luce nera;Solosis;37/86
luce nera;Duosion;38/86
luce nera;Reuniclus;39/86
luce nera;Elgyem;40/86
luce nera;Beheeyem;41/86
luce nera;Golett;42/86
luce nera;Golurk;43/86
luce nera;Meloetta EX;44/86
luce nera;Drilbur;45/86
luce nera;Excadrill EX;46/86
luce nera;Timburr;47/86
luce nera;Gurdurr;48/86
luce nera;Conkeldurr;49/86
luce nera;Throh;50/86
luce nera;Dwebble;51/86
luce nera;Crustle;52/86
luce nera;Landorus;53/86
luce nera;Venipede;54/86
luce nera;Whirlipede;55/86
luce nera;Scolipede;56/86
luce nera;Sandile;57/86
luce nera;Krokorok;58/86
luce nera;Krookodile;59/86
luce nera;Escavalier;60/86
luce nera;Klink;61/86
luce nera;Klang;62/86
luce nera;Klinklang;63/86
luce nera;Pawniard;64/86
luce nera;Bisharp;65/86
luce nera;Cobalion;66/86
luce nera;Genesect EX;67/86
luce nera;Axew;68/86
luce nera;Fraxure;69/86
luce nera;Haxorus;70/86
luce nera;Pidove;71/86
luce nera;Tranquill;72/86
luce nera;Unfezant;73/86
luce nera;Audino;74/86
luce nera;Minccino;75/86
luce nera;Cinccino;76/86
luce nera;Rufflet;77/86
luce nera;Braviary;78/86
luce nera;Palloncino;79/86
luce nera;Vecchio Fossiltappo;80/86
luce nera;Moneta Energetica;81/86
luce nera;Zania;82/86
luce nera;Piano di N;83/86
luce nera;Pok gear 3.0;84/86
luce nera;Ricerca Accademica [Prof.ssa Aralia];85/86
luce nera;Energia Prisma;86/86
luce nera;Snivy;87/86
luce nera;Servine;88/86
luce nera;Pansage;89/86
luce nera;Simisage;90/86
luce nera;Petilil;91/86
luce nera;Lilligant;92/86
luce nera;Maractus;93/86
luce nera;Karrablast;94/86
luce nera;Foongus;95/86
luce nera;Amoonguss;96/86
luce nera;Darumaka;97/86
luce nera;Darmanitan;98/86
luce nera;Larvesta;99/86
luce nera;Volcarona;100/86
luce nera;Panpour;101/086
luce nera;Simipour;102/086
luce nera;Tympole;103/086
luce nera;Palpitoad;104/086
luce nera;Seismitoad;105/086
luce nera;Tirtouga;106/086
luce nera;Carracosta;107/086
luce nera;Alomomola;108/086
luce nera;Cubchoo;109/086
luce nera;Beartic;110/086
luce nera;Cryogonal;111/086
luce nera;Emolga;112/086
luce nera;Tynamo;113/086
luce nera;Eelektrik;114/086
luce nera;Eelektross;115/086
luce nera;Munna;116/086
luce nera;Musharna;117/086
luce nera;Solosis;118/086
luce nera;Duosion;119/086
luce nera;Elgyem;120/086
luce nera;Beheeyem;121/086
luce nera;Golett;122/086
luce nera;Golurk;123/086
luce nera;Drilbur;124/086
luce nera;Timburr;125/086
luce nera;Gurdurr;126/086
luce nera;Conkeldurr;127/086
luce nera;Throh;128/086
luce nera;Dwebble;129/086
luce nera;Crustle;130/086
luce nera;Landorus;131/086
luce nera;Venipede;132/086
luce nera;Whirlipede;133/086
luce nera;Scolipede;134/086
luce nera;Sandile;135/086
luce nera;Krokorok;136/086
luce nera;Krookodile;137/086
luce nera;Escavalier;138/086
luce nera;Klink;139/086
luce nera;Klang;140/086
luce nera;Klinklang;141/086
luce nera;Pawniard;142/086
luce nera;Bisharp;143/086
luce nera;Cobalion;144/086
luce nera;Axew;145/086
luce nera;Fraxure;146/086
luce nera;Haxorus;147/086
luce nera;Pidove;148/086
luce nera;Tranquill;149/086
luce nera;Unfezant;150/086
luce nera;Audino;151/086
luce nera;Minccino;152/086
luce nera;Cinccino;153/086
luce nera;Rufflet;154/086
luce nera;Braviary;155/086
luce nera;Serperior;156/086
luce nera;Kyurem EX;157/086
luce nera;Zekrom EX;158/086
luce nera;Meloetta EX;159/086
luce nera;Excadrill EX;160/086
luce nera;Genesect EX;161/086
luce nera;Zania;162/086
luce nera;Piano di N;163/086
luce nera;Serperior EX;164/086
luce nera;Kyurem EX;165/086
luce nera;Zekrom EX;166/086
luce nera;Meloetta EX;167/086
luce nera;Excadrill EX;168/086
luce nera;Genesect EX;169/086
luce nera;Piano di N;170/086
luce nera;Victini;171/086
luce nera;Zekrom EX;172/086
paradosso temporale;Surskit;1/182
paradosso temporale;Masquerain;2/182
paradosso temporale;Froslass;3/182
paradosso temporale;Pansage;4/182
paradosso temporale;Simisage;5/182
paradosso temporale;Dwebble;6/182
paradosso temporale;Crustle;7/182
paradosso temporale;Bounsweet;8/182
paradosso temporale;Steenee;9/182
paradosso temporale;Blipbug;10/182
paradosso temporale;Dottler;11/182
paradosso temporale;Orbeetle;12/182
paradosso temporale;Nymble;13/182
paradosso temporale;Nymble;14/182
paradosso temporale;Toedscool;15/182
paradosso temporale;Toedscool;16/182
paradosso temporale;Toedscruel;17/182
paradosso temporale;Wo;18/182
paradosso temporale;Magby;19/182
paradosso temporale;Pansear;20/182
paradosso temporale;Simisear;21/182
paradosso temporale;Volcanion;22/182
paradosso temporale;Fuecoco;23/182
paradosso temporale;Crocalor;24/182
paradosso temporale;Charcadet;25/182
paradosso temporale;Charcadet;26/182
paradosso temporale;Armarouge;27/182
paradosso temporale;Falenaferrea;28/182
paradosso temporale;Chi;29/182
paradosso temporale;Horsea;30/182
paradosso temporale;Seadra;31/182
paradosso temporale;Kingdra;32/182
paradosso temporale;Remoraid;33/182
paradosso temporale;Octillery;34/182
paradosso temporale;Feebas;35/182
paradosso temporale;Milotic;36/182
paradosso temporale;Snorunt;37/182
paradosso temporale;Garchomp;38/182
paradosso temporale;Mantyke;39/182
paradosso temporale;Palkia;40/182
paradosso temporale;Panpour;41/182
paradosso temporale;Simipour;42/182
paradosso temporale;Vanillite;43/182
paradosso temporale;Vanillish;44/182
paradosso temporale;Vanilluxe;45/182
paradosso temporale;Tsareena;46/182
paradosso temporale;Wimpod;47/182
paradosso temporale;Wimpod;48/182
paradosso temporale;Golisopod;49/182
paradosso temporale;Golisopod;50/182
paradosso temporale;Wiglett;51/182
paradosso temporale;Wiglett;52/182
paradosso temporale;Wugtrio;53/182
paradosso temporale;Veluza;54/182
paradosso temporale;Dondozo;55/182
paradosso temporale;Saccoferreo;56/182
paradosso temporale;Chien;57/182
paradosso temporale;Mewtwo;58/182
paradosso temporale;Elekid;59/182
paradosso temporale;Plusle;60/182
paradosso temporale;Minun;61/182
paradosso temporale;Blitzle;62/182
paradosso temporale;Zebstrika;63/182
paradosso temporale;Joltik;64/182
paradosso temporale;Galvantula;65/182
paradosso temporale;Zekrom;66/182
paradosso temporale;Oricorio;67/182
paradosso temporale;Tapu Koko;68/182
paradosso temporale;Toxel;69/182
paradosso temporale;Manoferrea;70/182
paradosso temporale;Natu;71/182
paradosso temporale;Xatu;72/182
paradosso temporale;Latios;73/182
paradosso temporale;Deoxys;74/182
paradosso temporale;Yamask;75/182
paradosso temporale;Cofagrigus;76/182
paradosso temporale;Pumpkaboo;77/182
paradosso temporale;Gourgeist;78/182
paradosso temporale;Flittle;79/182
paradosso temporale;Flittle;80/182
paradosso temporale;Espathra;81/182
paradosso temporale;Tinkatink;82/182
paradosso temporale;Tinkatink;83/182
paradosso temporale;Tinkatuff;84/182
paradosso temporale;Tinkaton;85/182
paradosso temporale;Codaurlante;86/182
paradosso temporale;Gimmighoul;87/182
paradosso temporale;Gimmighoul;88/182
paradosso temporale;Eroeferreo;89/182
paradosso temporale;Onix;90/182
paradosso temporale;Gligar;91/182
paradosso temporale;Gliscor;92/182
paradosso temporale;Groudon;93/182
paradosso temporale;Gible;94/182
paradosso temporale;Gabite;95/182
paradosso temporale;Mienfoo;96/182
paradosso temporale;Mienshao;97/182
paradosso temporale;Hoopa;98/182
paradosso temporale;Minior;99/182
paradosso temporale;Toxtricity;100/182
paradosso temporale;Nacli;101/182
paradosso temporale;Nacli;102/182
paradosso temporale;Naclstack;103/182
paradosso temporale;Garganacl;104/182
paradosso temporale;Klawf;105/182
paradosso temporale;Flamigo;106/182
paradosso temporale;Alirasenti;107/182
paradosso temporale;Peldisabbia;108/182
paradosso temporale;Ting;109/182
paradosso temporale;Zubat;110/182
paradosso temporale;Golbat;111/182
paradosso temporale;Crobat;112/182
paradosso temporale;Absol;113/182
paradosso temporale;Purrloin;114/182
paradosso temporale;Liepard;115/182
paradosso temporale;Trubbish;116/182
paradosso temporale;Garbodor;117/182
paradosso temporale;Yveltal;118/182
paradosso temporale;Nickit;119/182
paradosso temporale;Thievul;120/182
paradosso temporale;Morpeko;121/182
paradosso temporale;Lokix;122/182
paradosso temporale;Fungofurioso;123/182
paradosso temporale;Lunaruggente;124/182
paradosso temporale;Steelix;125/182
paradosso temporale;Jirachi;126/182
paradosso temporale;Ferroseed;127/182
paradosso temporale;Ferrothorn;128/182
paradosso temporale;Durant;129/182
paradosso temporale;Honedge;130/182
paradosso temporale;Honedge;131/182
paradosso temporale;Doublade;132/182
paradosso temporale;Doublade;133/182
paradosso temporale;Aegislash;134/182
paradosso temporale;Aegislash;135/182
paradosso temporale;Zacian;136/182
paradosso temporale;Skeledirge;137/182
paradosso temporale;Orthworm;138/182
paradosso temporale;Gholdengo;139/182
paradosso temporale;Altaria;140/182
paradosso temporale;Tatsugiri;141/182
paradosso temporale;Porygon;142/182
paradosso temporale;Porygon2;143/182
paradosso temporale;Porygon;144/182
paradosso temporale;Aipom;145/182
paradosso temporale;Ambipom;146/182
paradosso temporale;Miltank;147/182
paradosso temporale;Whismur;148/182
paradosso temporale;Loudred;149/182
paradosso temporale;Exploud;150/182
paradosso temporale;Spinda;151/182
paradosso temporale;Swablu;152/182
paradosso temporale;Tandemaus;153/182
paradosso temporale;Tandemaus;154/182
paradosso temporale;Maushold;155/182
paradosso temporale;Bombirdier;156/182
paradosso temporale;Cyclizar;157/182
paradosso temporale;Colloferreo;158/182
paradosso temporale;Capsula energetica Tempo Passato;159/182
paradosso temporale;Contracchiappa;160/182
paradosso temporale;Spolverino Maledetto;161/182
paradosso temporale;Corpettosfida;162/182
paradosso temporale;Anfora Terrestre;163/182
paradosso temporale;Capsula energetica Tempo Futuro;164/182
paradosso temporale;Ubaldo;165/182
paradosso temporale;Mantello Sfarzoso;166/182
paradosso temporale;Pruna;167/182
paradosso temporale;Norman;168/182
paradosso temporale;Ombrellina;169/182
paradosso temporale;Vitalit della Professoressa Olim;170/182
paradosso temporale;Scenario del Professor Turum;171/182
paradosso temporale;Capsi;172/182
paradosso temporale;Pedro;173/182
paradosso temporale;Antemia;174/182
paradosso temporale;Bambola Snorlax;175/182
paradosso temporale;Macchinario Tecnico: Spiazzare;176/182
paradosso temporale;Macchinario Tecnico: Involuzione;177/182
paradosso temporale;Macchinario Tecnico: Evoluzione;178/182
paradosso temporale;Macchinario Tecnico: Turboenergia;179/182
paradosso temporale;Tecnoradar;180/182
paradosso temporale;Tulipa;181/182
paradosso temporale;Energia Medica;182/182
paradosso temporale;Crustle;183/182
paradosso temporale;Dottler;184/182
paradosso temporale;Toedscruel;185/182
paradosso temporale;Magby;186/182
paradosso temporale;Falenaferrea;187/182
paradosso temporale;Snorunt;188/182
paradosso temporale;Mantyke;189/182
paradosso temporale;Vanillish;190/182
paradosso temporale;Wimpod;191/182
paradosso temporale;Veluza;192/182
paradosso temporale;Plusle;193/182
paradosso temporale;Minun;194/182
paradosso temporale;Blitzle;195/182
paradosso temporale;Joltik;196/182
paradosso temporale;Espathra;197/182
paradosso temporale;Gimmighoul;198/182
paradosso temporale;Groudon;199/182
paradosso temporale;Mienshao;200/182
paradosso temporale;Minior;201/182
paradosso temporale;Garganacl;202/182
paradosso temporale;Alirasenti;203/182
paradosso temporale;Garbodor;204/182
paradosso temporale;Yveltal;205/182
paradosso temporale;Morpeko;206/182
paradosso temporale;Fungofurioso;207/182
paradosso temporale;Steelix;208/182
paradosso temporale;Ferrothorn;209/182
paradosso temporale;Aegislash;210/182
paradosso temporale;Aipom;211/182
paradosso temporale;Loudred;212/182
paradosso temporale;Swablu;213/182
paradosso temporale;Porygon;214/182
paradosso temporale;Cyclizar;215/182
paradosso temporale;Colloferreo;216/182
paradosso temporale;Froslass;217/182
paradosso temporale;Armarouge;218/182
paradosso temporale;Garchomp;219/182
paradosso temporale;Tsareena;220/182
paradosso temporale;Golisopod;221/182
paradosso temporale;Tapu Koko;222/182
paradosso temporale;Manoferrea;223/182
paradosso temporale;Cofagrigus;224/182
paradosso temporale;Eroeferreo;225/182
paradosso temporale;Hoopa;226/182
paradosso temporale;Toxtricity;227/182
paradosso temporale;Peldisabbia;228/182
paradosso temporale;Lunaruggente;229/182
paradosso temporale;Aegislash;230/182
paradosso temporale;Gholdengo;231/182
paradosso temporale;Altaria;232/182
paradosso temporale;Maushold;233/182
paradosso temporale;Bombirdier;234/182
paradosso temporale;Ubaldo;235/182
paradosso temporale;Pruna;236/182
paradosso temporale;Norman;237/182
paradosso temporale;Ombrellina;238/182
paradosso temporale;Vitalit della Professoressa Olim;239/182
paradosso temporale;Scenario del Professor Turum;240/182
paradosso temporale;Capsi;241/182
paradosso temporale;Pedro;242/182
paradosso temporale;Antemia;243/182
paradosso temporale;Tulipa;244/182
paradosso temporale;Garchomp;245/182
paradosso temporale;Golisopod;246/182
paradosso temporale;Tapu Koko;247/182
paradosso temporale;Manoferrea;248/182
paradosso temporale;Eroeferreo;249/182
paradosso temporale;Peldisabbia;250/182
paradosso temporale;Lunaruggente;251/182
paradosso temporale;Gholdengo;252/182
paradosso temporale;Altaria;253/182
paradosso temporale;Pruna;254/182
paradosso temporale;Ombrellina;255/182
paradosso temporale;Vitalit della Professoressa Olim;256/182
paradosso temporale;Scenario del Professor Turum;257/182
paradosso temporale;Capsi;258/182
paradosso temporale;Tulipa;259/182
paradosso temporale;Garchomp;260/182
paradosso temporale;Eroeferreo;261/182
paradosso temporale;Lunaruggente;262/182
paradosso temporale;Campo in Spiaggia;263/182
paradosso temporale;Contracchiappa;264/182
paradosso temporale;Mantello Sfarzoso;265/182
paradosso temporale;Energia Inversione;266/182
scintille folgoranti;Exeggcute;1/191
scintille folgoranti;Exeggcute;2/191
scintille folgoranti;Exeggutor;3/191
scintille folgoranti;Durant;4/191
scintille folgoranti;Scatterbug;5/191
scintille folgoranti;Spewpa;6/191
scintille folgoranti;Vivillon;7/191
scintille folgoranti;Morelull;8/191
scintille folgoranti;Shiinotic;9/191
scintille folgoranti;Dhelmise;10/191
scintille folgoranti;Zarude;11/191
scintille folgoranti;Capsakid;12/191
scintille folgoranti;Rellor;13/191
scintille folgoranti;Rabsca;14/191
scintille folgoranti;Wo;15/191
scintille folgoranti;Vulpix;16/191
scintille folgoranti;Ninetales;17/191
scintille folgoranti;Tauros di Paldea;18/191
scintille folgoranti;Ho;19/191
scintille folgoranti;Castform Forma Sole;20/191
scintille folgoranti;Victini;21/191
scintille folgoranti;Pansear;22/191
scintille folgoranti;Simisear;23/191
scintille folgoranti;Larvesta;24/191
scintille folgoranti;Volcarona;25/191
scintille folgoranti;Oricorio;26/191
scintille folgoranti;Sizzlipede;27/191
scintille folgoranti;Centiskorch;28/191
scintille folgoranti;Fuecoco;29/191
scintille folgoranti;Crocalor;30/191
scintille folgoranti;Skeledirge;31/191
scintille folgoranti;Charcadet;32/191
scintille folgoranti;Charcadet;33/191
scintille folgoranti;Armarouge;34/191
scintille folgoranti;Ceruledge;35/191
scintille folgoranti;Ceruledge;36/191
scintille folgoranti;Scovillain;37/191
scintille folgoranti;Vampeaguzze;38/191
scintille folgoranti;Tauros di Paldea;39/191
scintille folgoranti;Mantine;40/191
scintille folgoranti;Feebas;41/191
scintille folgoranti;Milotic;42/191
scintille folgoranti;Spheal;43/191
scintille folgoranti;Sealeo;44/191
scintille folgoranti;Walrein;45/191
scintille folgoranti;Shellos;46/191
scintille folgoranti;Cryogonal;47/191
scintille folgoranti;Kyurem Nero;48/191
scintille folgoranti;Bruxish;49/191
scintille folgoranti;Quaxly;50/191
scintille folgoranti;Quaxwell;51/191
scintille folgoranti;Quaquaval;52/191
scintille folgoranti;Cetoddle;53/191
scintille folgoranti;Cetitan;54/191
scintille folgoranti;Saccoferreo;55/191
scintille folgoranti;Chien;56/191
scintille folgoranti;Pikachu;57/191
scintille folgoranti;Magnemite;58/191
scintille folgoranti;Magneton;59/191
scintille folgoranti;Magnezone;60/191
scintille folgoranti;Rotom;61/191
scintille folgoranti;Blitzle;62/191
scintille folgoranti;Zebstrika;63/191
scintille folgoranti;Stunfisk;64/191
scintille folgoranti;Tapu Koko;65/191
scintille folgoranti;Wattrel;66/191
scintille folgoranti;Kilowattrel;67/191
scintille folgoranti;Kilowattrel;68/191
scintille folgoranti;Miraidon;69/191
scintille folgoranti;Togepi;70/191
scintille folgoranti;Togetic;71/191
scintille folgoranti;Togekiss;72/191
scintille folgoranti;Marill;73/191
scintille folgoranti;Azumarill;74/191
scintille folgoranti;Smoochum;75/191
scintille folgoranti;Latias;76/191
scintille folgoranti;Latios;77/191
scintille folgoranti;Uxie;78/191
scintille folgoranti;Mesprit;79/191
scintille folgoranti;Azelf;80/191
scintille folgoranti;Sigilyph;81/191
scintille folgoranti;Yamask;82/191
scintille folgoranti;Cofagrigus;83/191
scintille folgoranti;Espurr;84/191
scintille folgoranti;Meowstic;85/191
scintille folgoranti;Sylveon;86/191
scintille folgoranti;Dedenne;87/191
scintille folgoranti;Xerneas;88/191
scintille folgoranti;Oricorio;89/191
scintille folgoranti;Sandygast;90/191
scintille folgoranti;Palossand;91/191
scintille folgoranti;Tapu Lele;92/191
scintille folgoranti;Indeedee;93/191
scintille folgoranti;Flittle;94/191
scintille folgoranti;Espathra;95/191
scintille folgoranti;Crinealato;96/191
scintille folgoranti;Gimmighoul;97/191
scintille folgoranti;Mankey;98/191
scintille folgoranti;Primeape;99/191
scintille folgoranti;Annihilape;100/191
scintille folgoranti;Tauros di Paldea;101/191
scintille folgoranti;Phanpy;102/191
scintille folgoranti;Donphan;103/191
scintille folgoranti;Trapinch;104/191
scintille folgoranti;Vibrava;105/191
scintille folgoranti;Flygon;106/191
scintille folgoranti;Gastrodon;107/191
scintille folgoranti;Drilbur;108/191
scintille folgoranti;Excadrill;109/191
scintille folgoranti;Landorus;110/191
scintille folgoranti;Passimian;111/191
scintille folgoranti;Clobbopus;112/191
scintille folgoranti;Grapploct;113/191
scintille folgoranti;Glimmet;114/191
scintille folgoranti;Glimmora;115/191
scintille folgoranti;Koraidon;116/191
scintille folgoranti;Deino;117/191
scintille folgoranti;Zweilous;118/191
scintille folgoranti;Hydreigon;119/191
scintille folgoranti;Shroodle;120/191
scintille folgoranti;Grafaiai;121/191
scintille folgoranti;Diglett di Alola;122/191
scintille folgoranti;Dugtrio di Alola;123/191
scintille folgoranti;Skarmory;124/191
scintille folgoranti;Registeel;125/191
scintille folgoranti;Bronzor;126/191
scintille folgoranti;Bronzong;127/191
scintille folgoranti;Klefki;128/191
scintille folgoranti;Duraludon;129/191
scintille folgoranti;Archaludon;130/191
scintille folgoranti;Gholdengo;131/191
scintille folgoranti;Capoferreo;132/191
scintille folgoranti;Exeggutor di Alola;133/191
scintille folgoranti;Altaria;134/191
scintille folgoranti;Dialga;135/191
scintille folgoranti;Palkia;136/191
scintille folgoranti;Turtonator;137/191
scintille folgoranti;Applin;138/191
scintille folgoranti;Flapple;139/191
scintille folgoranti;Appletun;140/191
scintille folgoranti;Eternatus;141/191
scintille folgoranti;Tatsugiri;142/191
scintille folgoranti;Eevee;143/191
scintille folgoranti;Snorlax;144/191
scintille folgoranti;Slakoth;145/191
scintille folgoranti;Vigoroth;146/191
scintille folgoranti;Slaking;147/191
scintille folgoranti;Swablu;148/191
scintille folgoranti;Zangoose;149/191
scintille folgoranti;Kecleon;150/191
scintille folgoranti;Bouffalant;151/191
scintille folgoranti;Rufflet;152/191
scintille folgoranti;Braviary;153/191
scintille folgoranti;Helioptile;154/191
scintille folgoranti;Heliolisk;155/191
scintille folgoranti;Oranguru;156/191
scintille folgoranti;Tandemaus;157/191
scintille folgoranti;Maushold;158/191
scintille folgoranti;Cyclizar;159/191
scintille folgoranti;Flamigo;160/191
scintille folgoranti;Terapagos;161/191
scintille folgoranti;Amuleto della Speranza;162/191
scintille folgoranti;Baccababiri;163/191
scintille folgoranti;Mixer Meraviglioso;164/191
scintille folgoranti;Campanello di Servizio;165/191
scintille folgoranti;Bacchetta Gioco Rilassante;166/191
scintille folgoranti;Arguzia di Lem;167/191
scintille folgoranti;Baccaxan;168/191
scintille folgoranti;Contrappeso;169/191
scintille folgoranti;Bluebert;170/191
scintille folgoranti;Kit Deduttivo;171/191
scintille folgoranti;Elisir del Drago;172/191
scintille folgoranti;Lilia;173/191
scintille folgoranti;Aris;174/191
scintille folgoranti;Scuro Ball;175/191
scintille folgoranti;Ricerca di Energia Pro;176/191
scintille folgoranti;Monte Gravit;177/191
scintille folgoranti;Sguardo di Jasmine;178/191
scintille folgoranti;Fascino di Orthilla;179/191
scintille folgoranti;Stadio Gremito;180/191
scintille folgoranti;Nota di Intromissione;181/191
scintille folgoranti;Ventilatore Megatonico;182/191
scintille folgoranti;Cuffie Prodigiose;183/191
scintille folgoranti;Baccapasflo;184/191
scintille folgoranti;Carrello Pregiato;185/191
scintille folgoranti;Scambio Pazzo;186/191
scintille folgoranti;Surfista;187/191
scintille folgoranti;Macchinario Tecnico: Fluorite;188/191
scintille folgoranti;Terasfera;189/191
scintille folgoranti;Thyma;190/191
scintille folgoranti;Energia Ricchezza;191/191
scintille folgoranti;Exeggcute;192/191
scintille folgoranti;Vivillon;193/191
scintille folgoranti;Shiinotic;194/191
scintille folgoranti;Castform Forma Sole;195/191
scintille folgoranti;Larvesta;196/191
scintille folgoranti;Ceruledge;197/191
scintille folgoranti;Feebas;198/191
scintille folgoranti;Spheal;199/191
scintille folgoranti;Bruxish;200/191
scintille folgoranti;Cetitan;201/191
scintille folgoranti;Stunfisk;202/191
scintille folgoranti;Latios;203/191
scintille folgoranti;Mesprit;204/191
scintille folgoranti;Phanpy;205/191
scintille folgoranti;Vibrava;206/191
scintille folgoranti;Clobbopus;207/191
scintille folgoranti;Dugtrio di Alola;208/191
scintille folgoranti;Skarmory;209/191
scintille folgoranti;Flapple;210/191
scintille folgoranti;Appletun;211/191
scintille folgoranti;Slakoth;212/191
scintille folgoranti;Kecleon;213/191
scintille folgoranti;Braviary;214/191
scintille folgoranti;Durant;215/191
scintille folgoranti;Scovillain;216/191
scintille folgoranti;Milotic;217/191
scintille folgoranti;Kyurem Nero;218/191
scintille folgoranti;Pikachu;219/191
scintille folgoranti;Latias;220/191
scintille folgoranti;Palossand;221/191
scintille folgoranti;Flygon;222/191
scintille folgoranti;Hydreigon;223/191
scintille folgoranti;Archaludon;224/191
scintille folgoranti;Exeggutor di Alola;225/191
scintille folgoranti;Tatsugiri;226/191
scintille folgoranti;Slaking;227/191
scintille folgoranti;Cyclizar;228/191
scintille folgoranti;Arguzia di Lem;229/191
scintille folgoranti;Bluebert;230/191
scintille folgoranti;Lilia;231/191
scintille folgoranti;Aris;232/191
scintille folgoranti;Sguardo di Jasmine;233/191
scintille folgoranti;Fascino di Orthilla;234/191
scintille folgoranti;Surfista;235/191
scintille folgoranti;Durant;236/191
scintille folgoranti;Milotic;237/191
scintille folgoranti;Pikachu;238/191
scintille folgoranti;Latias;239/191
scintille folgoranti;Hydreigon;240/191
scintille folgoranti;Archaludon;241/191
scintille folgoranti;Exeggutor di Alola;242/191
scintille folgoranti;Arguzia di Lem;243/191
scintille folgoranti;Aris;244/191
scintille folgoranti;Sguardo di Jasmine;245/191
scintille folgoranti;Fascino di Orthilla;246/191
scintille folgoranti;Pikachu;247/191
scintille folgoranti;Exeggutor di Alola;248/191
scintille folgoranti;Contrappeso;249/191
scintille folgoranti;Monte Gravit;250/191
scintille folgoranti;Barella Notturna;251/191
scintille folgoranti;Energia Jet;252/191
segreto fiabesco;Joltik;1/64
segreto fiabesco;Galvantula;2/64
segreto fiabesco;Rowlet;3/64
segreto fiabesco;Dartrix;4/64
segreto fiabesco;Decidueye;5/64
segreto fiabesco;Tapu Bulu;6/64
segreto fiabesco;Houndour;7/64
segreto fiabesco;Houndoom;8/64
segreto fiabesco;Falenaferrea;9/64
segreto fiabesco;Horsea;10/64
segreto fiabesco;Seadra;11/64
segreto fiabesco;Kingdra;12/64
segreto fiabesco;Sneasel;13/64
segreto fiabesco;Weavile;14/64
segreto fiabesco;Revavroom;15/64
segreto fiabesco;Drowzee;16/64
segreto fiabesco;Hypno;17/64
segreto fiabesco;Duskull;18/64
segreto fiabesco;Dusclops;19/64
segreto fiabesco;Dusknoir;20/64
segreto fiabesco;Cresselia;21/64
segreto fiabesco;Sylveon;22/64
segreto fiabesco;Croagunk;23/64
segreto fiabesco;Toxicroak;24/64
segreto fiabesco;Ursaluna Luna Cremisi;25/64
segreto fiabesco;Alirasenti;26/64
segreto fiabesco;Zubat;27/64
segreto fiabesco;Golbat;28/64
segreto fiabesco;Crobat;29/64
segreto fiabesco;Absol;30/64
segreto fiabesco;Zorua;31/64
segreto fiabesco;Zoroark;32/64
segreto fiabesco;Inkay;33/64
segreto fiabesco;Malamar;34/64
segreto fiabesco;Yveltal;35/64
segreto fiabesco;Okidogi;36/64
segreto fiabesco;Munkidori;37/64
segreto fiabesco;Fezandipiti;38/64
segreto fiabesco;Pecharunt;39/64
segreto fiabesco;Genesect;40/64
segreto fiabesco;Cufant;41/64
segreto fiabesco;Copperajah;42/64
segreto fiabesco;Varoom;43/64
segreto fiabesco;Axew;44/64
segreto fiabesco;Fraxure;45/64
segreto fiabesco;Haxorus;46/64
segreto fiabesco;Kyurem;47/64
segreto fiabesco;Meowth;48/64
segreto fiabesco;Persian;49/64
segreto fiabesco;Eevee;50/64
segreto fiabesco;Furfrou;51/64
segreto fiabesco;Stufful;52/64
segreto fiabesco;Bewear;53/64
segreto fiabesco;Accademia di Notte;54/64
segreto fiabesco;Mochi Soggiogante;55/64
segreto fiabesco;Cassiopea;56/64
segreto fiabesco;Perseveranza di Acromio;57/64
segreto fiabesco;Laser Pericoloso;58/64
segreto fiabesco;Arte Segreta di Nina;59/64
segreto fiabesco;Area di Neutralizzazione;60/64
segreto fiabesco;Barella Notturna;61/64
segreto fiabesco;Pok Vitale A;62/64
segreto fiabesco;Clessidra Energetica;63/64
segreto fiabesco;Macchinazioni di Xante;64/64
segreto fiabesco;Tapu Bulu;65/64
segreto fiabesco;Houndoom;66/64
segreto fiabesco;Horsea;67/64
segreto fiabesco;Duskull;68/64
segreto fiabesco;Dusclops;69/64
segreto fiabesco;Dusknoir;70/64
segreto fiabesco;Cresselia;71/64
segreto fiabesco;Munkidori;72/64
segreto fiabesco;Fezandipiti;73/64
segreto fiabesco;Okidogi;74/64
segreto fiabesco;Zorua;75/64
segreto fiabesco;Cufant;76/64
segreto fiabesco;Fraxure;77/64
segreto fiabesco;Persian;78/64
segreto fiabesco;Bewear;79/64
segreto fiabesco;Kingdra;80/64
segreto fiabesco;Revavroom;81/64
segreto fiabesco;Okidogi;82/64
segreto fiabesco;Munkidori;83/64
segreto fiabesco;Fezandipiti;84/64
segreto fiabesco;Pecharunt;85/64
segreto fiabesco;Cassiopea;86/64
segreto fiabesco;Perseveranza di Acromio;87/64
segreto fiabesco;Arte Segreta di Nina;88/64
segreto fiabesco;Macchinazioni di Xante;89/64
segreto fiabesco;Okidogi;90/64
segreto fiabesco;Munkidori;91/64
segreto fiabesco;Fezandipiti;92/64
segreto fiabesco;Pecharunt;93/64
segreto fiabesco;Cassiopea;94/64
segreto fiabesco;Pecharunt;95/64
segreto fiabesco;Anfora Terrestre;96/64
segreto fiabesco;Clessidra Energetica;97/64
segreto fiabesco;Energia base;98/64
segreto fiabesco;Energia base;99/64
